[02/02/26, 01:32:41:703] info: 
╔═════════════════════════════════════════════════════════╗
║      Slack 4.47.69, linux 6.18.7-zen1-1-zen on x64      ║
╚═════════════════════════════════════════════════════════╝ 
[02/02/26, 01:32:41:704] info: Configured logger via 
{
  "loggerInstanceCount": 1
}
[02/02/26, 01:32:41:712] info: Predefined values for process 
{
  "NODE_ENV": "production",
  "platform": "linux",
  "type": "browser",
  "timeZone": "Asia/Tokyo",
  "PACKAGE_MANIFEST.productName": "Slack",
  "PACKAGE_MANIFEST.version": "4.47.69",
  "PACKAGE_MANIFEST.commit": "72d60eb",
  "PACKAGE_MANIFEST.branch": "HEAD"
}
[02/02/26, 01:32:41:789] info: persistUuid:: Generated uuid 
{
  "uuid": "774ac69c-cfe3-4792-b523-70ff122562d6"
}
[02/02/26, 01:32:41:789] info: persistUuid:: Uuid persisted successfully 
[02/02/26, 01:32:41:789] info: getSentryDSN: Setting sentry URL to slack.com 
[02/02/26, 01:32:41:799] info: Could not load previous electron version 
[02/02/26, 01:32:41:882] info: Breadcrumb: electron: app.will-finish-launching 
[02/02/26, 01:32:41:884] info: Breadcrumb: electron: app.ready 
[02/02/26, 01:32:41:918] info: Breadcrumb: electron: app.session-created 
[02/02/26, 01:32:41:919] info: Breadcrumb: electron: app.session-created 
[02/02/26, 01:32:41:921] info: Store: persist/PERSIST 
[02/02/26, 01:32:41:931] info: Store: persist/REHYDRATE No persisted state
[02/02/26, 01:32:41:932] warn: Telemetry queued before configured 
{
  "event": 1001000
}
[02/02/26, 01:32:41:932] warn: Telemetry trace before configured 
{
  "eventName": "desktop_performance_record"
}
[02/02/26, 01:32:41:932] info: Initial Boot Timestamp: 1769963561521
        Boot Phase: REHYDRATE
        Duration: 2ms
        From Boot to REHYDRATE: 410ms
        Invoked on Startup: false
        CPU Speed: 100 
[02/02/26, 01:32:41:932] info: Store: RECORD_PERFORMANCE_TIMING 
{
  "phase": 0,
  "interval": 2
}
[02/02/26, 01:32:41:933] info: Store: UPDATE_SETTINGS 
{
  "locale": "en-US"
}
[02/02/26, 01:32:41:934] info: Store: INITIALIZE 
{
  "resourcePath": "/usr/lib/slack/resources/app.asar",
  "silent": true,
  "tsaToken": "[REDACTED]",
  "bootFragments": []
}
[02/02/26, 01:32:41:935] info: Store: SET_SESSION_MODE 
[02/02/26, 01:32:41:944] info: getLinuxDistro: osInfo 
{
  "os": "Arch Linux",
  "name": "Arch Linux",
  "release": null,
  "codename": null
}
[02/02/26, 01:32:41:944] warn: Couldn't get Linux distro info from /etc/os-release, trying fallback to get Linux distro info 
{
  "error": {
    "name": "Error",
    "stack": "Error: Missing OS or release info\n    at yG (/usr/lib/slack/resources/app.asar/dist/main.bundle.cjs:100:1053)\n    at async CG (/usr/lib/slack/resources/app.asar/dist/main.bundle.cjs:100:2482)\n    at async Object.initializeEnvironmentEpic_listener [as effect] (/usr/lib/slack/resources/app.asar/dist/main.bundle.cjs:100:1644)\n    at async L (/usr/lib/slack/resources/app.asar/dist/main.bundle.cjs:15:19181)",
    "message": "Missing OS or release info"
  }
}
[02/02/26, 01:32:41:945] info: getLinuxDistro: getos 
{
  "res": {
    "os": "linux",
    "dist": "Arch Linux"
  }
}
[02/02/26, 01:32:41:946] info: initializeEnvironmentEpic: set user agent fallback 
{
  "userAgent": "Mozilla/5.0 (X11; Linux x86_64; Arch Linux unversioned; KDE) AppleWebKit/537.36 (KHTML, like Gecko) Slack/4.47.69 Chrome/142.0.7444.177 Electron/39.2.4 Safari/537.36 Sonic Slack_SSB/4.47.69"
}
[02/02/26, 01:32:41:946] info: Store: READY 
{
  "resourcePath": "/usr/lib/slack/resources/app.asar",
  "silent": true,
  "tsaToken": "[REDACTED]",
  "bootFragments": [],
  "appVersion": "4.47.69",
  "arch": "x64",
  "isGpuCompositionAvailable": true,
  "platform": "linux",
  "platformVersion": {
    "major": 6,
    "minor": 18,
    "build": 7
  },
  "developerMenuOverride": false,
  "uuid": "774ac69c-cfe3-4792-b523-70ff122562d6",
  "applicationProcessSessionId": "Nzc0YWM2OWMtY2ZlMy00NzkyLWI1MjMtNzBmZjEyMjU2MmQ2XzE3Njk5NjM1NjE3ODk=",
  "distribution": "DDL",
  "clientEnvironment": 1000,
  "invokedOnStartup": false,
  "linux": {
    "os": "Arch Linux",
    "name": "Arch Linux ",
    "release": "",
    "codename": "",
    "desktopEnvironment": "KDE"
  }
}
[02/02/26, 01:32:41:947] info: Store: SET_ACCESSIBILITY_SUPPORT_ENABLED 
[02/02/26, 01:32:41:947] info: initializeApplicationEpic: trying to set ntlm credential domain for session 
{
  "sessionId": "PROD_DEFAULT_SESSION"
}
[02/02/26, 01:32:41:948] info: initializeApplicationEpic: Setting spellcheck dictionary URL 
{
  "dictionaryUrl": "https://spellcheck.slack-edge.com/dictionaries_v2/"
}
[02/02/26, 01:32:41:948] info: initializeApplicationEpic: Welcome to Slack 4.47.69 x64 
[02/02/26, 01:32:41:948] info: Store: CREATE_WINDOW 
{
  "type": "main"
}
[02/02/26, 01:32:41:950] info: logExternalConfigEpic: initial external config 
{
  "defaults": {}
}
[02/02/26, 01:32:41:951] info: persistUuid:: Generated uuid 
{
  "uuid": "9a73d20c-6a81-41e6-89c2-ed3a098c92f0"
}
[02/02/26, 01:32:41:951] info: persistUuid:: Uuid persisted successfully 
[02/02/26, 01:32:41:957] info: Breadcrumb: electron: powerMonitor.newListener 
[02/02/26, 01:32:41:957] info: Breadcrumb: electron: powerMonitor.newListener 
[02/02/26, 01:32:41:957] info: Breadcrumb: electron: powerMonitor.newListener 
[02/02/26, 01:32:41:958] info: getIsUpdateSupported: Updates are not supported 
{
  "version": "4.47.69",
  "reasons": [
    "using Linux"
  ],
  "distribution": "DDL",
  "executable": "/usr/lib/slack"
}
[02/02/26, 01:32:41:967] info: Breadcrumb: electron: app.web-contents-created 
[02/02/26, 01:32:41:967] info: Breadcrumb: electron: app.browser-window-created 
[02/02/26, 01:32:41:973] info: Store: WINDOW_CREATED 
{
  "type": "main",
  "webappType": "app",
  "id": 1,
  "frame": {
    "isHtmlFullScreen": false,
    "isCurrentlyAudible": false,
    "isFullScreen": false,
    "isMinimized": false,
    "isMaximized": false,
    "isVisible": false,
    "isFocused": false,
    "bounds": {
      "x": 240,
      "y": 100,
      "width": 800,
      "height": 600
    },
    "hasVibrancy": false,
    "isAlwaysOnTop": false
  }
}
[02/02/26, 01:32:41:975] info: Initial Boot Timestamp: 1769963561521
        Boot Phase: MAIN_WINDOW_CREATED
        Duration: 43ms
        From Boot to MAIN_WINDOW_CREATED: 453ms
        Invoked on Startup: false
        CPU Speed: 100 
[02/02/26, 01:32:41:975] info: Watching for keyboard layout changes 
[02/02/26, 01:32:41:977] info: Store: RECORD_PERFORMANCE_TIMING 
{
  "phase": 1,
  "interval": 43
}
[02/02/26, 01:32:41:978] info: Store: UPDATE_SETTINGS 
{
  "keyboardLayout": "us"
}
[02/02/26, 01:32:41:980] info: Breadcrumb: electron: powerMonitor.newListener 
[02/02/26, 01:32:41:981] info: Breadcrumb: electron: powerMonitor.newListener 
[02/02/26, 01:32:41:983] info: initialSettingsPayload: trying to invalidate settings 
{
  "payload": {
    "launchOnStartup": false,
    "PrefSSBFileDownloadPath": "/home/[REDACTED]/Downloads",
    "PrefSSBFileDownloadPathDisplayName": "Downloads",
    "hasRunApp": true
  }
}
[02/02/26, 01:32:41:983] info: Store: UPDATE_SETTINGS 
{
  "launchOnStartup": false,
  "PrefSSBFileDownloadPath": "/home/[REDACTED]/Downloads",
  "PrefSSBFileDownloadPathDisplayName": "Downloads",
  "hasRunApp": true
}
[02/02/26, 01:32:41:985] info: Store: SET_UPDATE_SUPPORTED 
[02/02/26, 01:32:41:992] info: Feature Check: requesting features from https://app.slack.com/api/ 
[02/02/26, 01:32:41:994] info: Breadcrumb: electron: powerMonitor.newListener 
[02/02/26, 01:32:41:994] info: Breadcrumb: electron: powerMonitor.newListener 
[02/02/26, 01:32:41:994] info: Breadcrumb: electron: powerMonitor.newListener 
[02/02/26, 01:32:42:278] warn: Failed to install protocol handler for slack:// links 
[02/02/26, 01:32:42:278] info: Startup Display id=65 at (0, 0) [1280 x 800] 
[02/02/26, 01:32:42:279] info: registerLifeCycleEvents: Registering webContents:1 
[02/02/26, 01:32:42:279] info: registerLifeCycleEvents: webContents:1 is type 'app' 
[02/02/26, 01:32:42:279] info: Store: UPSERT_WEB_CONTENTS 
{
  "id": 1,
  "state": "unloaded",
  "type": "app"
}
[02/02/26, 01:32:42:282] info: getSonicBaseURL: 
{
  "url": "https://app.slack.com"
}
[02/02/26, 01:32:42:283] info: Permission check denied: 
{
  "isMainFrame": true,
  "permission": "media",
  "requestingOrigin": null,
  "requestingUrl": null,
  "securityOrigin": null,
  "mediaType": "video",
  "slackChildWindowRequest": {
    "result": false,
    "reason": "Not child window URL"
  }
}
[02/02/26, 01:32:42:283] info: Permission check denied: 
{
  "isMainFrame": true,
  "permission": "media",
  "requestingOrigin": null,
  "requestingUrl": null,
  "securityOrigin": null,
  "mediaType": "audio",
  "slackChildWindowRequest": {
    "result": false,
    "reason": "Not child window URL"
  }
}
[02/02/26, 01:32:42:283] info: Permission check denied: 
{
  "isMainFrame": true,
  "permission": "geolocation",
  "requestingOrigin": null,
  "requestingUrl": null,
  "securityOrigin": null,
  "slackChildWindowRequest": {
    "result": false,
    "reason": "Not child window URL"
  }
}
[02/02/26, 01:32:42:283] info: Permission check denied: 
{
  "isMainFrame": true,
  "permission": "window-management",
  "requestingOrigin": null,
  "requestingUrl": null,
  "securityOrigin": null,
  "slackChildWindowRequest": {
    "result": false,
    "reason": "Not child window URL"
  }
}
[02/02/26, 01:32:42:292] info: Breadcrumb: electron: screen.display-metrics-changed 
[02/02/26, 01:32:42:292] info: Store: DISPLAY_METRICS_CHANGED 
[02/02/26, 01:32:42:296] info: Breadcrumb: electron: app.gpu-info-update 
[02/02/26, 01:32:42:296] info: collectSystemInfo: Received app.gpu-info-update event 
[02/02/26, 01:32:42:296] info: Breadcrumb: electron: screen.display-metrics-changed 
[02/02/26, 01:32:42:296] info: Store: DISPLAY_METRICS_CHANGED 
[02/02/26, 01:32:42:298] info: Breadcrumb: electron: screen.display-metrics-changed 
[02/02/26, 01:32:42:298] info: Store: DISPLAY_METRICS_CHANGED 
[02/02/26, 01:32:42:354] info: System configuration information 
{
  "info": {
    "total_memory_in_gb": 15,
    "gpuFeatures": {
      "2d_canvas": "enabled",
      "direct_rendering_display_compositor": "disabled_off_ok",
      "gpu_compositing": "enabled",
      "multiple_raster_threads": "enabled_on",
      "opengl": "enabled_on",
      "rasterization": "enabled",
      "raw_draw": "disabled_off_ok",
      "skia_graphite": "disabled_off",
      "trees_in_viz": "disabled_off",
      "video_decode": "enabled",
      "video_encode": "disabled_software",
      "vulkan": "disabled_off",
      "webgl": "enabled",
      "webgl2": "enabled",
      "webgpu": "disabled_off",
      "webnn": "disabled_off"
    },
    "cpu_model": "12th Gen Intel(R) Core(TM) i5-12500H",
    "cpu_logical_core": 16,
    "cpu_clock_speed": 4128,
    "gpuDevice": [
      {
        "active": true,
        "deviceId": 9641,
        "gpuPreference": 0,
        "vendorId": 4318
      },
      {
        "active": false,
        "deviceId": 18086,
        "gpuPreference": 0,
        "vendorId": 32902
      }
    ],
    "machine_model_name": "unknown",
    "machine_model_version": "unknown",
    "crash_db_size_kb": 1
  }
}
[02/02/26, 01:32:42:354] info: Store: SET_HW_ACCEL_AVAILABILITY enabled
[02/02/26, 01:32:42:981] info: Store: SET_WINDOW_FRAME 
{
  "id": 1,
  "frame": {
    "bounds": {
      "x": 40,
      "y": 0,
      "width": 1200,
      "height": 800
    }
  },
  "fromEvent": true
}
[02/02/26, 01:32:42:985] info: Store: SET_WINDOW_FRAME 
{
  "id": 1,
  "frame": {
    "bounds": {
      "x": 40,
      "y": 0,
      "width": 1200,
      "height": 800
    }
  },
  "fromEvent": true
}
[02/02/26, 01:32:43:598] info: Breadcrumb: electron.net: undefined 
{
  "url": "[REDACTED]",
  "method": "GET",
  "status_code": 200
}
[02/02/26, 01:32:43:603] info: Feature Check: received experiments 
{
  "ok": true,
  "experiments": [
    {
      "experiment": "",
      "disable_chrome_features": [
        "PostQuantumKyber"
      ],
      "type": "normal"
    },
    {
      "experiment": "",
      "enable_slack_features": [
        "desktop_loading_screen"
      ],
      "type": "normal"
    }
  ]
}
[02/02/26, 01:32:43:614] info: Store: UPDATE_DESKTOP_FEATURES 
[
  "desktop_loading_screen"
]
[02/02/26, 01:32:43:615] info: Store: UPDATE_SETTINGS 
{
  "signInMethod": "browser"
}
[02/02/26, 01:32:43:618] info: Store: UPDATE_SETTINGS 
{
  "devToolsEnabled": false
}
[02/02/26, 01:32:43:619] info: applyDesktopFeaturesAppEpic: enabled following features 
[
  "desktop_loading_screen"
]
[02/02/26, 01:32:43:932] info: Breadcrumb: electron.net: undefined 
{
  "url": "[REDACTED]",
  "method": "POST",
  "status_code": 200
}
[02/02/26, 01:32:43:933] info: Breadcrumb: electron.net: undefined 
{
  "url": "[REDACTED]",
  "method": "POST",
  "status_code": 200
}
[02/02/26, 01:32:44:987] info: Permission check granted: 
{
  "isMainFrame": true,
  "permission": "background-sync",
  "requestingOrigin": "https://app.slack.com/",
  "requestingUrl": "https://app.slack.com/ssb/first?redir=%2Fssb%2Fclient",
  "securityOrigin": null,
  "slackChildWindowRequest": {
    "result": false,
    "reason": "Not child window URL"
  }
}
[02/02/26, 01:32:45:779] info: Finished download of spellcheck dictionary 
{
  "code": "en-US"
}
[02/02/26, 01:32:45:783] info: Spellcheck dictionary initialized 
{
  "code": "en-US"
}
[02/02/26, 01:32:46:686] info: Store: SET_NETWORK_STATUS online
[02/02/26, 01:32:46:931] info: Store: persist/FLUSH 
[02/02/26, 01:32:47:952] info: Store: UPDATE_SETTINGS 
{
  "userTheme": "light"
}
[02/02/26, 01:32:47:953] info: Store: UPDATE_SETTINGS 
{
  "systemThemeSyncEnabled": false
}
[02/02/26, 01:32:47:970] info: Permission check granted: 
{
  "isMainFrame": true,
  "permission": "media",
  "requestingOrigin": "https://app.slack.com/",
  "requestingUrl": "https://app.slack.com/ssb/first?redir=%2Fssb%2Fclient",
  "securityOrigin": null,
  "mediaType": "video",
  "slackChildWindowRequest": {
    "result": false,
    "reason": "Not child window URL"
  }
}
[02/02/26, 01:32:47:970] info: Permission check granted: 
{
  "isMainFrame": true,
  "permission": "media",
  "requestingOrigin": "https://app.slack.com/",
  "requestingUrl": "https://app.slack.com/ssb/first?redir=%2Fssb%2Fclient",
  "securityOrigin": null,
  "mediaType": "audio",
  "slackChildWindowRequest": {
    "result": false,
    "reason": "Not child window URL"
  }
}
[02/02/26, 01:32:47:970] info: Permission check granted: 
{
  "isMainFrame": true,
  "permission": "geolocation",
  "requestingOrigin": "https://app.slack.com/",
  "requestingUrl": "https://app.slack.com/ssb/first?redir=%2Fssb%2Fclient",
  "securityOrigin": null,
  "slackChildWindowRequest": {
    "result": false,
    "reason": "Not child window URL"
  }
}
[02/02/26, 01:32:47:971] info: Permission check granted: 
{
  "isMainFrame": true,
  "permission": "window-management",
  "requestingOrigin": "https://app.slack.com/",
  "requestingUrl": "https://app.slack.com/ssb/first?redir=%2Fssb%2Fclient",
  "securityOrigin": null,
  "slackChildWindowRequest": {
    "result": false,
    "reason": "Not child window URL"
  }
}
[02/02/26, 01:32:47:998] info: Breadcrumb: electron: renderer.dom-ready 
{
  "id": 1,
  "url": "[REDACTED]"
}
[02/02/26, 01:32:47:998] info: registerLifeCycleEvents: webContents:1 from 'unloaded' to 'loaded' took 5719 ms 
[02/02/26, 01:32:47:998] info: Store: UPSERT_WEB_CONTENTS 
{
  "id": 1,
  "state": "loaded"
}
[02/02/26, 01:32:47:999] info: Initial Boot Timestamp: 1769963561521
        Boot Phase: WEB_CONTENTS_DOM_READY
        Duration: 6025ms
        From Boot to WEB_CONTENTS_DOM_READY: 6478ms
        Invoked on Startup: false
        CPU Speed: 100 
[02/02/26, 01:32:48:000] info: Store: RECORD_PERFORMANCE_TIMING 
{
  "phase": 2,
  "interval": 6025
}
[02/02/26, 01:32:48:000] info: initializeMainWindowEpic: Showing main window 
{
  "maximized": false,
  "shouldHide": false,
  "fullScreen": false
}
[02/02/26, 01:32:48:001] info: Breadcrumb: electron: window.show 
{
  "id": 1,
  "url": "[REDACTED]"
}
[02/02/26, 01:32:48:001] info: Store: SET_WINDOW_FRAME 
{
  "id": 1,
  "frame": {
    "isVisible": true
  },
  "fromEvent": true
}
[02/02/26, 01:32:48:002] info: Store: MAIN_WINDOW_SHOWN 
[02/02/26, 01:32:48:002] info: Store: CLEAR_NOTIFICATIONS 
[02/02/26, 01:32:48:006] info: waitAuthCookieChange: waiting for auth change for session 
{
  "sessionId": "PROD_DEFAULT_SESSION"
}
[02/02/26, 01:32:48:018] info: Breadcrumb: electron: window.ready-to-show 
{
  "id": 1,
  "url": "[REDACTED]"
}
[02/02/26, 01:32:48:055] info: Breadcrumb: electron: window.focus 
{
  "id": 1,
  "url": "[REDACTED]"
}
[02/02/26, 01:32:48:055] info: Breadcrumb: electron: app.browser-window-focus 
[02/02/26, 01:32:48:056] info: Store: SET_WINDOW_FRAME 
{
  "id": 1,
  "frame": {
    "isFocused": true
  },
  "fromEvent": true
}
[02/02/26, 01:32:48:466] info: Breadcrumb: electron.net: undefined 
{
  "url": "[REDACTED]",
  "method": "POST",
  "status_code": 200
}
[02/02/26, 01:32:48:467] info: Breadcrumb: electron.net: undefined 
{
  "url": "[REDACTED]",
  "method": "POST",
  "status_code": 200
}
[02/02/26, 01:32:48:468] info: Breadcrumb: electron.net: undefined 
{
  "url": "[REDACTED]",
  "method": "POST",
  "status_code": 200
}
[02/02/26, 01:32:48:469] info: Breadcrumb: electron.net: undefined 
{
  "url": "[REDACTED]",
  "method": "POST",
  "status_code": 200
}
[02/02/26, 01:32:48:481] info: registerLifeCycleEvents: webContents:1 is type 'app' 
[02/02/26, 01:32:48:481] info: Store: UPSERT_WEB_CONTENTS 
{
  "id": 1,
  "type": "app",
  "history": "[REDACTED]"
}
[02/02/26, 01:32:49:056] info: Store: SET_WINDOW_FRAME 
{
  "id": 1,
  "frame": {
    "bounds": {
      "x": 0,
      "y": 0,
      "width": 1200,
      "height": 800
    }
  },
  "fromEvent": true
}
[02/02/26, 01:32:49:058] info: Store: UPDATE_SETTINGS 
{
  "mainWindowSettings": {
    "fullScreen": false,
    "maximized": false,
    "bounds": {
      "x": 0,
      "y": 0,
      "width": 1200,
      "height": 800
    }
  }
}
[02/02/26, 01:32:50:773] info: actionForExternalWindowURL: Opening external window 
[02/02/26, 01:32:50:776] info: openExternal: Successfully opened external URL 
{
  "protocol": "https:",
  "trigger": 0
}
[02/02/26, 01:32:51:079] info: Breadcrumb: electron: window.blur 
{
  "id": 1,
  "url": "[REDACTED]"
}
[02/02/26, 01:32:51:080] info: Breadcrumb: electron: app.browser-window-blur 
[02/02/26, 01:32:51:080] info: Store: SET_WINDOW_FRAME 
{
  "id": 1,
  "frame": {
    "isFocused": false
  },
  "fromEvent": true
}
[02/02/26, 01:33:39:892] info: Breadcrumb: electron: app.second-instance 
[02/02/26, 01:33:39:892] info: secondInstanceEpic: Received deep link protocol activation 
[02/02/26, 01:33:39:892] info: Store: HANDLE_DEEP_LINK 
{
  "url": "[REDACTED]"
}
[02/02/26, 01:33:39:893] info: Store: MAGIC_LOGIN_IN_PROGRESS true
[02/02/26, 01:33:39:895] info: Breadcrumb: electron: app.web-contents-created 
[02/02/26, 01:33:39:896] info: Breadcrumb: electron: app.browser-window-created 
[02/02/26, 01:33:39:896] info: MagicLogin: Making magic login API request to https://app.slack.com/api/ 
[02/02/26, 01:33:39:896] info: Permission check denied: 
{
  "isMainFrame": true,
  "permission": "media",
  "requestingOrigin": null,
  "requestingUrl": null,
  "securityOrigin": null,
  "mediaType": "video",
  "slackChildWindowRequest": {
    "result": false,
    "reason": "Not child window URL"
  }
}
[02/02/26, 01:33:39:896] info: Permission check denied: 
{
  "isMainFrame": true,
  "permission": "media",
  "requestingOrigin": null,
  "requestingUrl": null,
  "securityOrigin": null,
  "mediaType": "audio",
  "slackChildWindowRequest": {
    "result": false,
    "reason": "Not child window URL"
  }
}
[02/02/26, 01:33:39:896] info: Permission check denied: 
{
  "isMainFrame": true,
  "permission": "geolocation",
  "requestingOrigin": null,
  "requestingUrl": null,
  "securityOrigin": null,
  "slackChildWindowRequest": {
    "result": false,
    "reason": "Not child window URL"
  }
}
[02/02/26, 01:33:39:896] info: Permission check denied: 
{
  "isMainFrame": true,
  "permission": "window-management",
  "requestingOrigin": null,
  "requestingUrl": null,
  "securityOrigin": null,
  "slackChildWindowRequest": {
    "result": false,
    "reason": "Not child window URL"
  }
}
[02/02/26, 01:33:39:898] info: Store: FOCUS_WINDOW 
[02/02/26, 01:33:39:899] info: registerLifeCycleEvents: Registering webContents:2 
[02/02/26, 01:33:39:899] info: Store: UPSERT_WEB_CONTENTS 
{
  "id": 2,
  "state": "unloaded"
}
[02/02/26, 01:33:39:901] info: Breadcrumb: electron: window.focus 
{
  "id": 1,
  "url": "[REDACTED]"
}
[02/02/26, 01:33:39:901] info: Breadcrumb: electron: app.browser-window-focus 
[02/02/26, 01:33:39:902] info: Store: SET_WINDOW_FRAME 
{
  "id": 1,
  "frame": {
    "isFocused": true
  },
  "fromEvent": true
}
[02/02/26, 01:33:39:905] info: Breadcrumb: electron: screen.display-metrics-changed 
[02/02/26, 01:33:39:905] info: Store: DISPLAY_METRICS_CHANGED 
[02/02/26, 01:33:41:175] info: Permission check granted: 
{
  "isMainFrame": true,
  "permission": "media",
  "requestingOrigin": "https://app.slack.com/",
  "requestingUrl": "https://app.slack.com/ssb/first?redir=%2Fssb%2Fclient",
  "securityOrigin": null,
  "mediaType": "video",
  "slackChildWindowRequest": {
    "result": false,
    "reason": "Not child window URL"
  }
}
[02/02/26, 01:33:41:175] info: Permission check granted: 
{
  "isMainFrame": true,
  "permission": "media",
  "requestingOrigin": "https://app.slack.com/",
  "requestingUrl": "https://app.slack.com/ssb/first?redir=%2Fssb%2Fclient",
  "securityOrigin": null,
  "mediaType": "audio",
  "slackChildWindowRequest": {
    "result": false,
    "reason": "Not child window URL"
  }
}
[02/02/26, 01:33:41:175] info: Permission check granted: 
{
  "isMainFrame": true,
  "permission": "geolocation",
  "requestingOrigin": "https://app.slack.com/",
  "requestingUrl": "https://app.slack.com/ssb/first?redir=%2Fssb%2Fclient",
  "securityOrigin": null,
  "slackChildWindowRequest": {
    "result": false,
    "reason": "Not child window URL"
  }
}
[02/02/26, 01:33:41:175] info: Permission check granted: 
{
  "isMainFrame": true,
  "permission": "window-management",
  "requestingOrigin": "https://app.slack.com/",
  "requestingUrl": "https://app.slack.com/ssb/first?redir=%2Fssb%2Fclient",
  "securityOrigin": null,
  "slackChildWindowRequest": {
    "result": false,
    "reason": "Not child window URL"
  }
}
[02/02/26, 01:33:41:177] info: Store: UPSERT_WEB_CONTENTS 
{
  "id": 1,
  "history": "[REDACTED]"
}
[02/02/26, 01:33:41:179] info: Breadcrumb: electron: renderer.dom-ready 
{
  "id": 2,
  "url": "[REDACTED]"
}
[02/02/26, 01:33:41:179] info: registerLifeCycleEvents: webContents:2 from 'unloaded' to 'loaded' took 1280 ms 
[02/02/26, 01:33:41:179] info: Store: UPSERT_WEB_CONTENTS 
{
  "id": 2,
  "state": "loaded"
}
[02/02/26, 01:33:41:181] info: registerLifeCycleEvents: webContents:2 is type 'auth' 
[02/02/26, 01:33:41:181] info: Store: UPSERT_WEB_CONTENTS 
{
  "id": 2,
  "type": "auth",
  "history": "[REDACTED]"
}
[02/02/26, 01:33:41:182] info: Breadcrumb: electron: window.ready-to-show 
{
  "id": 2,
  "url": "[REDACTED]"
}
[02/02/26, 01:33:41:184] info: Breadcrumb: electron: window.close 
{
  "id": 2,
  "url": "[REDACTED]"
}
[02/02/26, 01:33:41:185] info: registerLifeCycleEvents: webContents:2 from 'loaded' to 'page-closed' took 4 ms 
[02/02/26, 01:33:41:185] info: Store: UPSERT_WEB_CONTENTS 
{
  "id": 2,
  "state": "page-closed"
}
[02/02/26, 01:33:41:186] info: Store: MAGIC_LOGIN_IN_PROGRESS 
[02/02/26, 01:33:41:187] info: Breadcrumb: electron: renderer.destroyed 
{
  "id": 2,
  "url": "[REDACTED]"
}
[02/02/26, 01:33:41:188] info: Store: REMOVE_WEB_CONTENTS 
{
  "id": 2
}
[02/02/26, 01:33:41:194] info: Breadcrumb: electron: window.closed 
{
  "id": 2,
  "url": "[REDACTED]"
}
[02/02/26, 01:33:41:950] info: Store: UPDATE_SETTINGS 
{
  "lastClogForProxyInfo": 1769963621950
}
[02/02/26, 01:33:42:547] info: Breadcrumb: electron.net: undefined 
{
  "url": "[REDACTED]",
  "method": "POST",
  "status_code": 200
}
[02/02/26, 01:33:43:310] info: Breadcrumb: electron: renderer.dom-ready 
{
  "id": 1,
  "url": "[REDACTED]"
}
[02/02/26, 01:33:43:310] info: registerLifeCycleEvents: webContents:1 from 'loaded' to 'loaded' took 2134 ms 
[02/02/26, 01:33:43:310] info: Store: UPSERT_WEB_CONTENTS 
{
  "id": 1,
  "state": "loaded"
}
[02/02/26, 01:33:43:311] info: Breadcrumb: electron: window.ready-to-show 
{
  "id": 1,
  "url": "[REDACTED]"
}
[02/02/26, 01:33:43:593] info: Permission check granted: 
{
  "isMainFrame": true,
  "permission": "background-sync",
  "requestingOrigin": "https://app.slack.com/",
  "requestingUrl": "https://app.slack.com/client",
  "securityOrigin": null,
  "slackChildWindowRequest": {
    "result": false,
    "reason": "Not child window URL"
  }
}
[02/02/26, 01:33:44:248] info: Store: SET_NETWORK_STATUS online
[02/02/26, 01:33:50:621] info: Store: UPDATE_SETTINGS 
{
  "userTheme": "dark"
}
[02/02/26, 01:33:50:622] info: Store: UPDATE_SETTINGS 
{
  "systemThemeSyncEnabled": true
}
[02/02/26, 01:33:50:624] info: waitAuthCookieChange: waiting for auth change for session 
{
  "sessionId": "PROD_DEFAULT_SESSION"
}
[02/02/26, 01:33:50:626] info: Permission check denied: 
{
  "isMainFrame": false,
  "permission": "media",
  "requestingOrigin": "https://app.slack.com/",
  "requestingUrl": null,
  "securityOrigin": null,
  "mediaType": "video",
  "slackChildWindowRequest": false
}
[02/02/26, 01:33:50:626] info: Permission check denied: 
{
  "isMainFrame": false,
  "permission": "media",
  "requestingOrigin": "https://app.slack.com/",
  "requestingUrl": null,
  "securityOrigin": null,
  "mediaType": "audio",
  "slackChildWindowRequest": false
}
[02/02/26, 01:33:50:626] info: Permission check denied: 
{
  "isMainFrame": false,
  "permission": "geolocation",
  "requestingOrigin": "https://app.slack.com/",
  "requestingUrl": null,
  "securityOrigin": null,
  "slackChildWindowRequest": false
}
[02/02/26, 01:33:50:626] info: Permission check denied: 
{
  "isMainFrame": false,
  "permission": "window-management",
  "requestingOrigin": "https://app.slack.com/",
  "requestingUrl": null,
  "securityOrigin": null,
  "slackChildWindowRequest": false
}
[02/02/26, 01:33:51:354] info: Permission check granted: 
{
  "isMainFrame": true,
  "permission": "media",
  "requestingOrigin": "https://app.slack.com/",
  "requestingUrl": "https://app.slack.com/client",
  "securityOrigin": null,
  "mediaType": "video",
  "slackChildWindowRequest": {
    "result": false,
    "reason": "Not child window URL"
  }
}
[02/02/26, 01:33:51:354] info: Permission check granted: 
{
  "isMainFrame": true,
  "permission": "media",
  "requestingOrigin": "https://app.slack.com/",
  "requestingUrl": "https://app.slack.com/client",
  "securityOrigin": null,
  "mediaType": "audio",
  "slackChildWindowRequest": {
    "result": false,
    "reason": "Not child window URL"
  }
}
[02/02/26, 01:33:51:354] info: Permission check granted: 
{
  "isMainFrame": true,
  "permission": "geolocation",
  "requestingOrigin": "https://app.slack.com/",
  "requestingUrl": "https://app.slack.com/client",
  "securityOrigin": null,
  "slackChildWindowRequest": {
    "result": false,
    "reason": "Not child window URL"
  }
}
[02/02/26, 01:33:51:354] info: Permission check granted: 
{
  "isMainFrame": true,
  "permission": "window-management",
  "requestingOrigin": "https://app.slack.com/",
  "requestingUrl": "https://app.slack.com/client",
  "securityOrigin": null,
  "slackChildWindowRequest": {
    "result": false,
    "reason": "Not child window URL"
  }
}
[02/02/26, 01:33:51:371] info: Store: SELECTION_CHANGED T06AU05DL0L
[02/02/26, 01:33:51:387] info: Permission check denied: 
{
  "isMainFrame": false,
  "permission": "media",
  "requestingOrigin": "https://app.slack.com/",
  "requestingUrl": null,
  "securityOrigin": null,
  "mediaType": "video",
  "slackChildWindowRequest": false
}
[02/02/26, 01:33:51:387] info: Permission check denied: 
{
  "isMainFrame": false,
  "permission": "media",
  "requestingOrigin": "https://app.slack.com/",
  "requestingUrl": null,
  "securityOrigin": null,
  "mediaType": "audio",
  "slackChildWindowRequest": false
}
[02/02/26, 01:33:51:387] info: Permission check denied: 
{
  "isMainFrame": false,
  "permission": "geolocation",
  "requestingOrigin": "https://app.slack.com/",
  "requestingUrl": null,
  "securityOrigin": null,
  "slackChildWindowRequest": false
}
[02/02/26, 01:33:51:387] info: Permission check denied: 
{
  "isMainFrame": false,
  "permission": "window-management",
  "requestingOrigin": "https://app.slack.com/",
  "requestingUrl": null,
  "securityOrigin": null,
  "slackChildWindowRequest": false
}
[02/02/26, 01:33:52:568] info: Breadcrumb: electron.net: undefined 
{
  "url": "[REDACTED]",
  "method": "POST",
  "status_code": 200
}
[02/02/26, 01:33:53:197] info: Breadcrumb: electron.net: undefined 
{
  "url": "[REDACTED]",
  "method": "POST",
  "status_code": 200
}
[02/02/26, 01:33:53:914] info: Breadcrumb: electron.net: undefined 
{
  "url": "[REDACTED]",
  "method": "POST",
  "status_code": 200
}
[02/02/26, 01:33:56:007] info: Store: REDUX_UPDATE_FROM_WEBAPP (T06AU05DL0L) Changed keys [theme,notificationPrefs,connectivityPrefs,featureFlags,unreads,locale,version,frontendBuildType,userId]
[02/02/26, 01:33:56:011] info: Store: REDUX_UPDATE_FROM_WEBAPP (T06AU05DL0L) Changed keys [userId]
[02/02/26, 01:33:56:018] info: Store: REDUX_UPDATE_FROM_WEBAPP (T06AU05DL0L) Changed keys [notificationPrefs,unreads]
[02/02/26, 01:33:56:020] info: Store: REDUX_UPDATE_FROM_WEBAPP (T06AU05DL0L) Changed keys [connectivityPrefs]
[02/02/26, 01:33:56:058] info: Store: STORE_USER_WORKSPACES 
{
  "userTeamId": "T06AU05DL0L",
  "workspaceIds": [
    "T06AU05DL0L"
  ]
}
[02/02/26, 01:33:56:064] info: Store: SELECTION_CHANGED T06AU05DL0L
[02/02/26, 01:33:56:069] info: Permission check granted: 
{
  "isMainFrame": true,
  "permission": "media",
  "requestingOrigin": "https://app.slack.com/",
  "requestingUrl": "https://app.slack.com/client/T06AU05DL0L",
  "securityOrigin": null,
  "mediaType": "video",
  "slackChildWindowRequest": {
    "result": false,
    "reason": "Not child window URL"
  }
}
[02/02/26, 01:33:56:069] info: Permission check granted: 
{
  "isMainFrame": true,
  "permission": "media",
  "requestingOrigin": "https://app.slack.com/",
  "requestingUrl": "https://app.slack.com/client/T06AU05DL0L",
  "securityOrigin": null,
  "mediaType": "audio",
  "slackChildWindowRequest": {
    "result": false,
    "reason": "Not child window URL"
  }
}
[02/02/26, 01:33:56:069] info: Permission check granted: 
{
  "isMainFrame": true,
  "permission": "geolocation",
  "requestingOrigin": "https://app.slack.com/",
  "requestingUrl": "https://app.slack.com/client/T06AU05DL0L",
  "securityOrigin": null,
  "slackChildWindowRequest": {
    "result": false,
    "reason": "Not child window URL"
  }
}
[02/02/26, 01:33:56:069] info: Permission check granted: 
{
  "isMainFrame": true,
  "permission": "window-management",
  "requestingOrigin": "https://app.slack.com/",
  "requestingUrl": "https://app.slack.com/client/T06AU05DL0L",
  "securityOrigin": null,
  "slackChildWindowRequest": {
    "result": false,
    "reason": "Not child window URL"
  }
}
[02/02/26, 01:33:56:163] info: Permission check granted: 
{
  "isMainFrame": true,
  "permission": "media",
  "requestingOrigin": "https://app.slack.com/client/T06AU05DL0L/C06ARGB5GCS",
  "requestingUrl": "https://app.slack.com/client/T06AU05DL0L/C06ARGB5GCS",
  "securityOrigin": "https://app.slack.com/",
  "mediaType": "audio",
  "slackChildWindowRequest": {
    "result": false,
    "reason": "Not child window URL"
  }
}
[02/02/26, 01:33:56:163] info: Permission check granted: 
{
  "isMainFrame": true,
  "permission": "speaker-selection",
  "requestingOrigin": "https://app.slack.com/",
  "requestingUrl": "https://app.slack.com/client/T06AU05DL0L/C06ARGB5GCS",
  "securityOrigin": null,
  "slackChildWindowRequest": {
    "result": false,
    "reason": "Not child window URL"
  }
}
[02/02/26, 01:33:56:163] info: Permission check granted: 
{
  "isMainFrame": true,
  "permission": "media",
  "requestingOrigin": "https://app.slack.com/client/T06AU05DL0L/C06ARGB5GCS",
  "requestingUrl": "https://app.slack.com/client/T06AU05DL0L/C06ARGB5GCS",
  "securityOrigin": "https://app.slack.com/",
  "mediaType": "video",
  "slackChildWindowRequest": {
    "result": false,
    "reason": "Not child window URL"
  }
}
[02/02/26, 01:33:56:170] info: Store: EXTEND_MENU global: menucategory-file,menucategory-view,menucategory-jump-to
[02/02/26, 01:33:56:177] info: Store: EXTEND_MENU T06AU05DL0L: menucategory-file,menucategory-view,menucategory-edit,menucategory-help,menucategory-history
[02/02/26, 01:33:56:182] info: Store: UPDATE_SETTINGS 
{
  "zoomLevel": 0
}
[02/02/26, 01:33:56:200] info: Breadcrumb: electron: screen.display-metrics-changed 
[02/02/26, 01:33:56:200] info: Store: DISPLAY_METRICS_CHANGED 
[02/02/26, 01:33:56:335] info: Store: REDUX_UPDATE_FROM_WEBAPP (T08KF7TD5AN) Changed keys [theme,notificationPrefs,connectivityPrefs,featureFlags,unreads,locale,version,frontendBuildType,userId]
[02/02/26, 01:33:56:347] info: Permission check granted: 
{
  "isMainFrame": true,
  "permission": "media",
  "requestingOrigin": "https://app.slack.com/client/T06AU05DL0L/C06ARGB5GCS",
  "requestingUrl": "https://app.slack.com/client/T06AU05DL0L/C06ARGB5GCS",
  "securityOrigin": "https://app.slack.com/",
  "mediaType": "audio",
  "slackChildWindowRequest": {
    "result": false,
    "reason": "Not child window URL"
  }
}
[02/02/26, 01:33:56:347] info: Permission check granted: 
{
  "isMainFrame": true,
  "permission": "speaker-selection",
  "requestingOrigin": "https://app.slack.com/",
  "requestingUrl": "https://app.slack.com/client/T06AU05DL0L/C06ARGB5GCS",
  "securityOrigin": null,
  "slackChildWindowRequest": {
    "result": false,
    "reason": "Not child window URL"
  }
}
[02/02/26, 01:33:56:347] info: Permission check granted: 
{
  "isMainFrame": true,
  "permission": "media",
  "requestingOrigin": "https://app.slack.com/client/T06AU05DL0L/C06ARGB5GCS",
  "requestingUrl": "https://app.slack.com/client/T06AU05DL0L/C06ARGB5GCS",
  "securityOrigin": "https://app.slack.com/",
  "mediaType": "video",
  "slackChildWindowRequest": {
    "result": false,
    "reason": "Not child window URL"
  }
}
[02/02/26, 01:33:57:364] info: Store: REDUX_UPDATE_FROM_WEBAPP (T08KF7TD5AN) Changed keys [userId]
[02/02/26, 01:33:57:370] info: Store: REDUX_UPDATE_FROM_WEBAPP (T08KF7TD5AN) Changed keys [notificationPrefs,unreads]
[02/02/26, 01:33:57:372] info: Store: REDUX_UPDATE_FROM_WEBAPP (T08KF7TD5AN) Changed keys [connectivityPrefs]
[02/02/26, 01:33:57:388] info: Store: STORE_USER_WORKSPACES 
{
  "userTeamId": "T08KF7TD5AN",
  "workspaceIds": [
    "T08KF7TD5AN"
  ]
}
[02/02/26, 01:33:57:392] info: Store: SELECTION_CHANGED T06AU05DL0L
[02/02/26, 01:33:57:417] info: Permission check granted: 
{
  "isMainFrame": true,
  "permission": "notifications",
  "requestingOrigin": "https://app.slack.com/",
  "requestingUrl": "https://app.slack.com/client/T06AU05DL0L/C06ARGB5GCS",
  "securityOrigin": null,
  "slackChildWindowRequest": {
    "result": false,
    "reason": "Not child window URL"
  }
}
[02/02/26, 01:33:57:443] info: Store: SYNC Synced 2 workspaces with IDs [T06AU05DL0L,T08KF7TD5AN]
[02/02/26, 01:33:57:454] info: registerLifeCycleEvents: webContents:1 from 'loaded' to 'webapp-loaded' took 14144 ms 
[02/02/26, 01:33:57:454] info: Store: UPSERT_WEB_CONTENTS 
{
  "id": 1,
  "state": "webapp-loaded"
}
[02/02/26, 01:33:57:457] info: Initial Boot Timestamp: 1769963561521
        Boot Phase: WEBAPP_LOADED
        Duration: 69458ms
        From Boot to WEBAPP_LOADED: 75936ms
        Invoked on Startup: false
        CPU Speed: 100 
[02/02/26, 01:33:57:457] info: Store: RECORD_PERFORMANCE_TIMING 
{
  "phase": 3,
  "interval": 69458
}
[02/02/26, 01:33:57:458] info: registerLifeCycleEvents: webContents:1 from 'webapp-loaded' to 'webapp-loaded' took 4 ms 
[02/02/26, 01:33:57:458] info: Store: UPSERT_WEB_CONTENTS 
{
  "id": 1,
  "state": "webapp-loaded"
}
[02/02/26, 01:33:57:874] info: Breadcrumb: electron.net: undefined 
{
  "url": "[REDACTED]",
  "method": "POST",
  "status_code": 200
}
[02/02/26, 01:34:01:165] info: Permission check granted: 
{
  "isMainFrame": true,
  "permission": "media",
  "requestingOrigin": "https://app.slack.com/client/T06AU05DL0L/C06ARGB5GCS",
  "requestingUrl": "https://app.slack.com/client/T06AU05DL0L/C06ARGB5GCS",
  "securityOrigin": "https://app.slack.com/",
  "mediaType": "audio",
  "slackChildWindowRequest": {
    "result": false,
    "reason": "Not child window URL"
  }
}
[02/02/26, 01:34:01:165] info: Permission check granted: 
{
  "isMainFrame": true,
  "permission": "speaker-selection",
  "requestingOrigin": "https://app.slack.com/",
  "requestingUrl": "https://app.slack.com/client/T06AU05DL0L/C06ARGB5GCS",
  "securityOrigin": null,
  "slackChildWindowRequest": {
    "result": false,
    "reason": "Not child window URL"
  }
}
[02/02/26, 01:34:01:166] info: Permission check granted: 
{
  "isMainFrame": true,
  "permission": "media",
  "requestingOrigin": "https://app.slack.com/client/T06AU05DL0L/C06ARGB5GCS",
  "requestingUrl": "https://app.slack.com/client/T06AU05DL0L/C06ARGB5GCS",
  "securityOrigin": "https://app.slack.com/",
  "mediaType": "video",
  "slackChildWindowRequest": {
    "result": false,
    "reason": "Not child window URL"
  }
}
[02/02/26, 01:34:01:271] info: Permission check granted: 
{
  "isMainFrame": true,
  "permission": "media",
  "requestingOrigin": "https://app.slack.com/client/T06AU05DL0L/C06ARGB5GCS",
  "requestingUrl": "https://app.slack.com/client/T06AU05DL0L/C06ARGB5GCS",
  "securityOrigin": "https://app.slack.com/",
  "mediaType": "audio",
  "slackChildWindowRequest": {
    "result": false,
    "reason": "Not child window URL"
  }
}
[02/02/26, 01:34:01:272] info: Permission check granted: 
{
  "isMainFrame": true,
  "permission": "speaker-selection",
  "requestingOrigin": "https://app.slack.com/",
  "requestingUrl": "https://app.slack.com/client/T06AU05DL0L/C06ARGB5GCS",
  "securityOrigin": null,
  "slackChildWindowRequest": {
    "result": false,
    "reason": "Not child window URL"
  }
}
[02/02/26, 01:34:01:272] info: Permission check granted: 
{
  "isMainFrame": true,
  "permission": "media",
  "requestingOrigin": "https://app.slack.com/client/T06AU05DL0L/C06ARGB5GCS",
  "requestingUrl": "https://app.slack.com/client/T06AU05DL0L/C06ARGB5GCS",
  "securityOrigin": "https://app.slack.com/",
  "mediaType": "video",
  "slackChildWindowRequest": {
    "result": false,
    "reason": "Not child window URL"
  }
}
[02/02/26, 01:34:02:445] info: Store: persist/FLUSH 
[02/02/26, 01:34:18:685] info: Breadcrumb: electron: window.close 
{
  "id": 1,
  "url": "[REDACTED]"
}
[02/02/26, 01:34:18:686] info: Attempted to close the window, hiding due to run from tray 
[02/02/26, 01:34:18:687] info: Breadcrumb: electron: window.hide 
{
  "id": 1,
  "url": "[REDACTED]"
}
[02/02/26, 01:34:18:688] info: Store: SET_WINDOW_FRAME 
{
  "id": 1,
  "frame": {
    "isVisible": false
  },
  "fromEvent": true
}
[02/02/26, 01:34:18:689] info: Store: UPDATE_SETTINGS 
{
  "hasRunFromTray": true
}
[02/02/26, 01:34:18:690] info: Store: SHOW_TRAY_BALLOON 
{
  "title": "Why didn’t Slack quit?",
  "content": "Slack’s set to stay running in the notification area. To change this, visit Preferences > Advanced."
}
[02/02/26, 01:34:18:691] info: Tray Handler: Showing a tray balloon with title: Why didn’t Slack quit? 
[02/02/26, 01:34:18:695] info: Breadcrumb: electron: window.blur 
{
  "id": 1,
  "url": "[REDACTED]"
}
[02/02/26, 01:34:18:695] info: Breadcrumb: electron: app.browser-window-blur 
[02/02/26, 01:34:18:695] info: Store: SET_WINDOW_FRAME 
{
  "id": 1,
  "frame": {
    "isFocused": false
  },
  "fromEvent": true
}
[02/02/26, 01:34:18:697] info: Store: EXTEND_MENU T06AU05DL0L: menucategory-file,menucategory-view,menucategory-edit,menucategory-help,menucategory-history
[02/02/26, 01:34:18:703] info: Breadcrumb: electron: window.blur 
{
  "id": 1,
  "url": "[REDACTED]"
}
[02/02/26, 01:34:18:703] info: Breadcrumb: electron: app.browser-window-blur 
[02/02/26, 01:34:23:531] info: Store: QUIT_APP 
[02/02/26, 01:34:23:533] info: Breadcrumb: electron: window.hide 
{
  "id": 1,
  "url": "[REDACTED]"
}
[02/02/26, 01:34:23:534] info: EpicHelpers: Flushing cookie store for session 
{
  "sessionId": "PROD_DEFAULT_SESSION"
}
[02/02/26, 01:34:23:534] info: Disposing dW… 
[02/02/26, 01:34:23:535] info: Disposing EW… 
[02/02/26, 01:34:23:535] info: Disposing uy… 
[02/02/26, 01:34:23:535] info: Store: DOWNLOADS_CLEANED_UP 
[02/02/26, 01:34:23:537] info: flushLocalSettings: Flushing local-settings.json 
{
  "keys": [
    "releaseChannelOverride",
    "useHwAcceleration",
    "rxLogging"
  ]
}
[02/02/26, 01:34:23:537] info: LocalSettings: updating values 
{
  "key": "releaseChannelOverride",
  "value": null
}
[02/02/26, 01:34:23:547] info: LocalSettings: updating values 
{
  "key": "useHwAcceleration",
  "value": true
}
[02/02/26, 01:34:23:552] info: Store: persist/FLUSH 
[02/02/26, 01:34:24:365] info: Breadcrumb: electron.net: undefined 
{
  "url": "[REDACTED]",
  "method": "POST",
  "status_code": 200
}
[02/02/26, 01:34:24:366] info: Closing main window 
{
  "id": 1
}
[02/02/26, 01:34:24:366] info: closeWindow: attempt to close window 
{
  "id": 1
}
[02/02/26, 01:34:24:366] info: Breadcrumb: electron: window.close 
{
  "id": 1,
  "url": "[REDACTED]"
}
[02/02/26, 01:34:24:373] info: registerLifeCycleEvents: webContents:1 from 'webapp-loaded' to 'page-closed' took 26915 ms 
[02/02/26, 01:34:24:373] info: Store: UPSERT_WEB_CONTENTS 
{
  "id": 1,
  "state": "page-closed"
}
[02/02/26, 01:34:24:374] info: Breadcrumb: electron: renderer.destroyed 
{
  "id": 1,
  "url": "[REDACTED]"
}
[02/02/26, 01:34:24:374] info: Store: REMOVE_WEB_CONTENTS 
{
  "id": 1
}
[02/02/26, 01:34:24:376] info: Breadcrumb: electron: window.closed 
{
  "id": 1,
  "url": "[REDACTED]"
}
[02/02/26, 01:34:24:376] info: Store: REMOVE_WINDOW 1
[02/02/26, 01:34:24:379] info: 
┌─────────────────────┬────────────────┐
│ key                 │ time           │
├─────────────────────┼────────────────┤
│  FLUSH_COOKIES      │  3.365308ms    │
│  FLUSH_STORE        │  5.370247ms    │
│  REMOVE_DICT        │  0.558175ms    │
│  FLUSH_TELEMETRY    │  807.883136ms  │
│  CLOSE_MAIN_WINDOW  │  10.249769ms   │
│  TOTAL              │  843.250615ms  │
└─────────────────────┴────────────────┘

 
[02/02/26, 01:34:24:379] info: quitApplicationEpic: Finished, calling app.quit 
[02/02/26, 01:34:24:380] info: Breadcrumb: electron: app.before-quit 
[02/02/26, 01:34:24:380] info: Breadcrumb: electron: app.will-quit 
[02/02/26, 01:34:24:380] info: Telling native-keymap to ignore all future events as we are quitting 
[02/02/26, 01:34:24:386] info: Permission check granted: 
{
  "isMainFrame": false,
  "permission": "background-sync",
  "requestingOrigin": "https://[REDACTED].slack.com/",
  "requestingUrl": null,
  "securityOrigin": null,
  "slackChildWindowRequest": false
}
[02/02/26, 01:34:24:896] info: Breadcrumb: electron: app.quit 
[02/03/26, 09:44:35:410] info: 
╔═════════════════════════════════════════════════════════╗
║      Slack 4.47.69, linux 6.18.7-zen1-1-zen on x64      ║
╚═════════════════════════════════════════════════════════╝ 
[02/03/26, 09:44:35:412] info: Configured logger via 
{
  "loggerInstanceCount": 1
}
[02/03/26, 09:44:35:432] info: Predefined values for process 
{
  "NODE_ENV": "production",
  "platform": "linux",
  "type": "browser",
  "timeZone": "Asia/Tokyo",
  "PACKAGE_MANIFEST.productName": "Slack",
  "PACKAGE_MANIFEST.version": "4.47.69",
  "PACKAGE_MANIFEST.commit": "72d60eb",
  "PACKAGE_MANIFEST.branch": "HEAD"
}
[02/03/26, 09:44:35:516] info: makeUuidFactory:: Read existing uuid for instance from persisted location:  
{
  "uuid": "774ac69c-cfe3-4792-b523-70ff122562d6"
}
[02/03/26, 09:44:35:516] info: getSentryDSN: Setting sentry URL to slack.com 
[02/03/26, 09:44:35:656] info: Breadcrumb: electron: app.will-finish-launching 
[02/03/26, 09:44:35:662] info: Breadcrumb: electron: app.ready 
[02/03/26, 09:44:35:692] info: Breadcrumb: electron: app.session-created 
[02/03/26, 09:44:35:695] info: Breadcrumb: electron: app.session-created 
[02/03/26, 09:44:35:708] info: Store: persist/PERSIST 
[02/03/26, 09:44:35:735] info: Store: persist/REHYDRATE 
{
  "appTeams": "[DEPRECATED]",
  "bookmarks": "[REDACTED]",
  "diagnostics": "Virtualization: none",
  "downloads": "No downloads",
  "settings": {
    "devToolsEnabled": false,
    "locale": "en-US",
    "notificationMethod": null,
    "releaseChannelOverride": null
  },
  "teams": "[DEPRECATED]",
  "webapp": "[REDACTED]",
  "workspaces": "2 workspaces: T06AU05DL0L,T08KF7TD5AN",
  "workspacesMeta": "Selected workspace: T06AU05DL0L",
  "_persist": "Persistence version: 1"
}
[02/03/26, 09:44:35:738] warn: Telemetry queued before configured 
{
  "event": 1001000
}
[02/03/26, 09:44:35:738] warn: Telemetry trace before configured 
{
  "eventName": "desktop_performance_record"
}
[02/03/26, 09:44:35:738] info: Initial Boot Timestamp: 1770079475212
        Boot Phase: REHYDRATE
        Duration: 8ms
        From Boot to REHYDRATE: 526ms
        Invoked on Startup: false
        CPU Speed: 100 
[02/03/26, 09:44:35:738] info: Store: RECORD_PERFORMANCE_TIMING 
{
  "phase": 0,
  "interval": 8
}
[02/03/26, 09:44:35:740] info: Store: UPDATE_SETTINGS 
{
  "locale": "en-US"
}
[02/03/26, 09:44:35:741] info: Store: INITIALIZE 
{
  "resourcePath": "/usr/lib/slack/resources/app.asar",
  "silent": true,
  "tsaToken": "[REDACTED]",
  "bootFragments": []
}
[02/03/26, 09:44:35:742] info: Store: SET_SESSION_MODE 
[02/03/26, 09:44:35:753] info: getLinuxDistro: osInfo 
{
  "os": "Arch Linux",
  "name": "Arch Linux",
  "release": null,
  "codename": null
}
[02/03/26, 09:44:35:753] warn: Couldn't get Linux distro info from /etc/os-release, trying fallback to get Linux distro info 
{
  "error": {
    "name": "Error",
    "stack": "Error: Missing OS or release info\n    at yG (/usr/lib/slack/resources/app.asar/dist/main.bundle.cjs:100:1053)\n    at async CG (/usr/lib/slack/resources/app.asar/dist/main.bundle.cjs:100:2482)\n    at async Object.initializeEnvironmentEpic_listener [as effect] (/usr/lib/slack/resources/app.asar/dist/main.bundle.cjs:100:1644)\n    at async L (/usr/lib/slack/resources/app.asar/dist/main.bundle.cjs:15:19181)",
    "message": "Missing OS or release info"
  }
}
[02/03/26, 09:44:35:754] info: getLinuxDistro: getos 
{
  "res": {
    "os": "linux",
    "dist": "Arch Linux",
    "release": "\"rolling\""
  }
}
[02/03/26, 09:44:35:755] info: initializeEnvironmentEpic: set user agent fallback 
{
  "userAgent": "Mozilla/5.0 (X11; Linux x86_64; Arch Linux \"rolling\"; KDE) AppleWebKit/537.36 (KHTML, like Gecko) Slack/4.47.69 Chrome/142.0.7444.177 Electron/39.2.4 Safari/537.36 Sonic Slack_SSB/4.47.69"
}
[02/03/26, 09:44:35:756] info: Store: READY 
{
  "resourcePath": "/usr/lib/slack/resources/app.asar",
  "silent": true,
  "tsaToken": "[REDACTED]",
  "bootFragments": [],
  "appVersion": "4.47.69",
  "arch": "x64",
  "isGpuCompositionAvailable": true,
  "platform": "linux",
  "platformVersion": {
    "major": 6,
    "minor": 18,
    "build": 7
  },
  "developerMenuOverride": false,
  "uuid": "774ac69c-cfe3-4792-b523-70ff122562d6",
  "applicationProcessSessionId": "Nzc0YWM2OWMtY2ZlMy00NzkyLWI1MjMtNzBmZjEyMjU2MmQ2XzE3NzAwNzk0NzU1MTY=",
  "distribution": "DDL",
  "clientEnvironment": 1000,
  "invokedOnStartup": false,
  "linux": {
    "os": "Arch Linux",
    "name": "Arch Linux \"rolling\"",
    "release": "\"rolling\"",
    "codename": "",
    "desktopEnvironment": "KDE"
  }
}
[02/03/26, 09:44:35:757] info: Store: SET_ACCESSIBILITY_SUPPORT_ENABLED 
[02/03/26, 09:44:35:758] info: initializeApplicationEpic: trying to set ntlm credential domain for session 
{
  "sessionId": "PROD_DEFAULT_SESSION"
}
[02/03/26, 09:44:35:758] info: initializeApplicationEpic: Setting spellcheck dictionary URL 
{
  "dictionaryUrl": "https://spellcheck.slack-edge.com/dictionaries_v2/"
}
[02/03/26, 09:44:35:758] info: initializeApplicationEpic: Welcome to Slack 4.47.69 x64 
[02/03/26, 09:44:35:758] info: Store: CREATE_WINDOW 
{
  "type": "main"
}
[02/03/26, 09:44:35:762] info: logExternalConfigEpic: initial external config 
{
  "defaults": {}
}
[02/03/26, 09:44:35:767] info: makeUuidFactory:: Read existing uuid for tray from persisted location:  
{
  "uuid": "9a73d20c-6a81-41e6-89c2-ed3a098c92f0"
}
[02/03/26, 09:44:35:777] info: Breadcrumb: electron: powerMonitor.newListener 
[02/03/26, 09:44:35:777] info: Breadcrumb: electron: powerMonitor.newListener 
[02/03/26, 09:44:35:777] info: Breadcrumb: electron: powerMonitor.newListener 
[02/03/26, 09:44:35:777] info: getIsUpdateSupported: Updates are not supported 
{
  "version": "4.47.69",
  "reasons": [
    "using Linux"
  ],
  "distribution": "DDL",
  "executable": "/usr/lib/slack"
}
[02/03/26, 09:44:35:793] info: Breadcrumb: electron: app.web-contents-created 
[02/03/26, 09:44:35:795] info: Breadcrumb: electron: app.browser-window-created 
[02/03/26, 09:44:35:803] info: Store: WINDOW_CREATED 
{
  "type": "main",
  "webappType": "app",
  "id": 1,
  "frame": {
    "isHtmlFullScreen": false,
    "isCurrentlyAudible": false,
    "isFullScreen": false,
    "isMinimized": false,
    "isMaximized": false,
    "isVisible": false,
    "isFocused": false,
    "bounds": {
      "x": 0,
      "y": 0,
      "width": 1200,
      "height": 800
    },
    "hasVibrancy": false,
    "isAlwaysOnTop": false
  }
}
[02/03/26, 09:44:35:805] info: Initial Boot Timestamp: 1770079475212
        Boot Phase: MAIN_WINDOW_CREATED
        Duration: 67ms
        From Boot to MAIN_WINDOW_CREATED: 593ms
        Invoked on Startup: false
        CPU Speed: 100 
[02/03/26, 09:44:35:806] info: Watching for keyboard layout changes 
[02/03/26, 09:44:35:808] info: Store: RECORD_PERFORMANCE_TIMING 
{
  "phase": 1,
  "interval": 67
}
[02/03/26, 09:44:35:809] info: Breadcrumb: electron: powerMonitor.newListener 
[02/03/26, 09:44:35:809] info: Breadcrumb: electron: powerMonitor.newListener 
[02/03/26, 09:44:35:810] info: initialSettingsPayload: trying to invalidate settings 
{
  "payload": {}
}
[02/03/26, 09:44:35:810] info: Store: SET_UPDATE_SUPPORTED 
[02/03/26, 09:44:35:814] info: Feature Check: requesting features from https://app.slack.com/api/ 
[02/03/26, 09:44:35:815] info: Breadcrumb: electron: powerMonitor.newListener 
[02/03/26, 09:44:35:815] info: Breadcrumb: electron: powerMonitor.newListener 
[02/03/26, 09:44:35:815] info: Breadcrumb: electron: powerMonitor.newListener 
[02/03/26, 09:44:36:426] warn: Failed to install protocol handler for slack:// links 
[02/03/26, 09:44:36:427] info: Startup Display id=65 at (0, 0) [1280 x 800] 
[02/03/26, 09:44:36:428] info: registerLifeCycleEvents: Registering webContents:1 
[02/03/26, 09:44:36:428] info: registerLifeCycleEvents: webContents:1 is type 'app' 
[02/03/26, 09:44:36:428] info: Store: UPSERT_WEB_CONTENTS 
{
  "id": 1,
  "state": "unloaded",
  "type": "app"
}
[02/03/26, 09:44:36:435] info: getSonicBaseURL: 
{
  "url": "https://app.slack.com"
}
[02/03/26, 09:44:36:436] info: Permission check denied: 
{
  "isMainFrame": true,
  "permission": "media",
  "requestingOrigin": null,
  "requestingUrl": null,
  "securityOrigin": null,
  "mediaType": "video",
  "slackChildWindowRequest": {
    "result": false,
    "reason": "Not child window URL"
  }
}
[02/03/26, 09:44:36:436] info: Permission check denied: 
{
  "isMainFrame": true,
  "permission": "media",
  "requestingOrigin": null,
  "requestingUrl": null,
  "securityOrigin": null,
  "mediaType": "audio",
  "slackChildWindowRequest": {
    "result": false,
    "reason": "Not child window URL"
  }
}
[02/03/26, 09:44:36:437] info: Permission check denied: 
{
  "isMainFrame": true,
  "permission": "geolocation",
  "requestingOrigin": null,
  "requestingUrl": null,
  "securityOrigin": null,
  "slackChildWindowRequest": {
    "result": false,
    "reason": "Not child window URL"
  }
}
[02/03/26, 09:44:36:437] info: Permission check denied: 
{
  "isMainFrame": true,
  "permission": "window-management",
  "requestingOrigin": null,
  "requestingUrl": null,
  "securityOrigin": null,
  "slackChildWindowRequest": {
    "result": false,
    "reason": "Not child window URL"
  }
}
[02/03/26, 09:44:36:483] info: Breadcrumb: electron: app.gpu-info-update 
[02/03/26, 09:44:36:484] info: collectSystemInfo: Received app.gpu-info-update event 
[02/03/26, 09:44:36:487] info: Breadcrumb: electron: screen.display-metrics-changed 
[02/03/26, 09:44:36:488] info: Store: DISPLAY_METRICS_CHANGED 
[02/03/26, 09:44:36:500] info: Breadcrumb: electron: screen.display-metrics-changed 
[02/03/26, 09:44:36:500] info: Store: DISPLAY_METRICS_CHANGED 
[02/03/26, 09:44:36:505] info: Breadcrumb: electron: screen.display-metrics-changed 
[02/03/26, 09:44:36:506] info: Store: DISPLAY_METRICS_CHANGED 
[02/03/26, 09:44:36:590] info: System configuration information 
{
  "info": {
    "total_memory_in_gb": 15,
    "gpuFeatures": {
      "2d_canvas": "enabled",
      "direct_rendering_display_compositor": "disabled_off_ok",
      "gpu_compositing": "enabled",
      "multiple_raster_threads": "enabled_on",
      "opengl": "enabled_on",
      "rasterization": "enabled",
      "raw_draw": "disabled_off_ok",
      "skia_graphite": "disabled_off",
      "trees_in_viz": "disabled_off",
      "video_decode": "enabled",
      "video_encode": "disabled_software",
      "vulkan": "disabled_off",
      "webgl": "enabled",
      "webgl2": "enabled",
      "webgpu": "disabled_off",
      "webnn": "disabled_off"
    },
    "cpu_model": "12th Gen Intel(R) Core(TM) i5-12500H",
    "cpu_logical_core": 16,
    "cpu_clock_speed": 1400,
    "gpuDevice": [
      {
        "active": true,
        "deviceId": 9641,
        "gpuPreference": 0,
        "vendorId": 4318
      },
      {
        "active": false,
        "deviceId": 18086,
        "gpuPreference": 0,
        "vendorId": 32902
      }
    ],
    "machine_model_name": "unknown",
    "machine_model_version": "unknown",
    "crash_db_size_kb": 1
  }
}
[02/03/26, 09:44:36:590] info: Store: SET_HW_ACCEL_AVAILABILITY enabled
[02/03/26, 09:44:36:835] info: Breadcrumb: electron.net: undefined 
{
  "url": "[REDACTED]",
  "method": "GET",
  "status_code": 200
}
[02/03/26, 09:44:36:839] info: Feature Check: received experiments 
{
  "ok": true,
  "experiments": [
    {
      "experiment": "",
      "disable_chrome_features": [
        "PostQuantumKyber"
      ],
      "type": "normal"
    },
    {
      "experiment": "ripcord_document_policy_include_js_call_stacks",
      "enable_chrome_features": [
        "DocumentPolicyIncludeJSCallStacksInCrashReports"
      ],
      "type": "normal"
    },
    {
      "experiment": "ripcord_desktop_disable_windows_display_crash_feature",
      "disable_chrome_features": [
        "SkipEmptyDisplayHotplugEvent"
      ],
      "type": "normal"
    },
    {
      "experiment": "ripcord_force_color_profile",
      "add_browser_command_line_args": [
        "--force-color-profile=display-p3-d65"
      ],
      "type": "normal",
      "filter": {
        "platform": [
          "darwin"
        ]
      }
    },
    {
      "experiment": "ripcord_disable_blink_customizable_select",
      "disable_blink_features": [
        "CustomizableSelect"
      ],
      "type": "normal"
    },
    {
      "experiment": "ripcord_enumerate_devices_relaxed_cache",
      "disable_chrome_features": [
        "EnumerateDevicesRelaxedCache"
      ],
      "type": "normal"
    },
    {
      "experiment": "",
      "enable_slack_features": [
        "desktop_loading_screen"
      ],
      "type": "normal"
    },
    {
      "experiment": "desktop_extended_unresponsive_timeout",
      "enable_slack_features": [
        "extended_unresponsive_timeout"
      ],
      "type": "normal"
    }
  ]
}
[02/03/26, 09:44:36:846] info: Store: UPDATE_DESKTOP_FEATURES 
[
  "desktop_loading_screen",
  "extended_unresponsive_timeout"
]
[02/03/26, 09:44:36:847] info: Store: UPDATE_SETTINGS 
{
  "signInMethod": "browser"
}
[02/03/26, 09:44:36:850] info: Store: UPDATE_SETTINGS 
{
  "devToolsEnabled": false
}
[02/03/26, 09:44:36:852] info: applyDesktopFeaturesAppEpic: enabled following features 
[
  "desktop_loading_screen",
  "extended_unresponsive_timeout"
]
[02/03/26, 09:44:36:889] info: Breadcrumb: electron.net: undefined 
{
  "url": "[REDACTED]",
  "method": "POST",
  "status_code": 200
}
[02/03/26, 09:44:36:891] info: Breadcrumb: electron.net: undefined 
{
  "url": "[REDACTED]",
  "method": "POST",
  "status_code": 200
}
[02/03/26, 09:44:37:414] info: Breadcrumb: electron: renderer.dom-ready 
{
  "id": 1,
  "url": "[REDACTED]"
}
[02/03/26, 09:44:37:414] info: registerLifeCycleEvents: webContents:1 from 'unloaded' to 'loaded' took 986 ms 
[02/03/26, 09:44:37:414] info: Store: UPSERT_WEB_CONTENTS 
{
  "id": 1,
  "state": "loaded"
}
[02/03/26, 09:44:37:415] info: Initial Boot Timestamp: 1770079475212
        Boot Phase: WEB_CONTENTS_DOM_READY
        Duration: 1610ms
        From Boot to WEB_CONTENTS_DOM_READY: 2203ms
        Invoked on Startup: false
        CPU Speed: 100 
[02/03/26, 09:44:37:416] info: Store: RECORD_PERFORMANCE_TIMING 
{
  "phase": 2,
  "interval": 1610
}
[02/03/26, 09:44:37:416] info: initializeMainWindowEpic: Showing main window 
{
  "maximized": false,
  "shouldHide": false,
  "fullScreen": false
}
[02/03/26, 09:44:37:417] info: Breadcrumb: electron: window.show 
{
  "id": 1,
  "url": "[REDACTED]"
}
[02/03/26, 09:44:37:417] info: Store: SET_WINDOW_FRAME 
{
  "id": 1,
  "frame": {
    "isVisible": true
  },
  "fromEvent": true
}
[02/03/26, 09:44:37:417] info: Store: MAIN_WINDOW_SHOWN 
[02/03/26, 09:44:37:418] info: Store: CLEAR_NOTIFICATIONS 
[02/03/26, 09:44:37:432] info: Breadcrumb: electron: window.ready-to-show 
{
  "id": 1,
  "url": "[REDACTED]"
}
[02/03/26, 09:44:37:521] info: Breadcrumb: electron: window.focus 
{
  "id": 1,
  "url": "[REDACTED]"
}
[02/03/26, 09:44:37:521] info: Breadcrumb: electron: app.browser-window-focus 
[02/03/26, 09:44:37:522] info: Store: SET_WINDOW_FRAME 
{
  "id": 1,
  "frame": {
    "isFocused": true
  },
  "fromEvent": true
}
[02/03/26, 09:44:37:641] info: Breadcrumb: electron.net: undefined 
{
  "url": "[REDACTED]",
  "method": "POST",
  "status_code": 200
}
[02/03/26, 09:44:37:649] info: Breadcrumb: electron.net: undefined 
{
  "url": "[REDACTED]",
  "method": "POST",
  "status_code": 200
}
[02/03/26, 09:44:37:653] info: Breadcrumb: electron.net: undefined 
{
  "url": "[REDACTED]",
  "method": "POST",
  "status_code": 200
}
[02/03/26, 09:44:37:897] info: Permission check granted: 
{
  "isMainFrame": true,
  "permission": "background-sync",
  "requestingOrigin": "https://app.slack.com/",
  "requestingUrl": "https://app.slack.com/client/T06AU05DL0L",
  "securityOrigin": null,
  "slackChildWindowRequest": {
    "result": false,
    "reason": "Not child window URL"
  }
}
[02/03/26, 09:44:38:323] info: Store: UPDATE_SETTINGS 
{
  "userTheme": "dark"
}
[02/03/26, 09:44:38:324] info: Store: UPDATE_SETTINGS 
{
  "systemThemeSyncEnabled": true
}
[02/03/26, 09:44:38:326] info: waitAuthCookieChange: waiting for auth change for session 
{
  "sessionId": "PROD_DEFAULT_SESSION"
}
[02/03/26, 09:44:38:343] info: Store: SELECTION_CHANGED T06AU05DL0L
[02/03/26, 09:44:38:356] info: Store: SET_NETWORK_STATUS online
[02/03/26, 09:44:38:436] info: Permission check denied: 
{
  "isMainFrame": false,
  "permission": "media",
  "requestingOrigin": "https://app.slack.com/",
  "requestingUrl": null,
  "securityOrigin": null,
  "mediaType": "video",
  "slackChildWindowRequest": false
}
[02/03/26, 09:44:38:436] info: Permission check denied: 
{
  "isMainFrame": false,
  "permission": "media",
  "requestingOrigin": "https://app.slack.com/",
  "requestingUrl": null,
  "securityOrigin": null,
  "mediaType": "audio",
  "slackChildWindowRequest": false
}
[02/03/26, 09:44:38:437] info: Permission check denied: 
{
  "isMainFrame": false,
  "permission": "geolocation",
  "requestingOrigin": "https://app.slack.com/",
  "requestingUrl": null,
  "securityOrigin": null,
  "slackChildWindowRequest": false
}
[02/03/26, 09:44:38:437] info: Permission check denied: 
{
  "isMainFrame": false,
  "permission": "window-management",
  "requestingOrigin": "https://app.slack.com/",
  "requestingUrl": null,
  "securityOrigin": null,
  "slackChildWindowRequest": false
}
[02/03/26, 09:44:40:738] info: Store: persist/FLUSH 
[02/03/26, 09:44:40:803] info: Store: REDUX_UPDATE_FROM_WEBAPP (T06AU05DL0L) Changed keys [theme,notificationPrefs,connectivityPrefs,featureFlags,unreads,locale,version,frontendBuildType,userId]
[02/03/26, 09:44:40:835] info: Permission check granted: 
{
  "isMainFrame": true,
  "permission": "media",
  "requestingOrigin": "https://app.slack.com/",
  "requestingUrl": "https://app.slack.com/client/T06AU05DL0L",
  "securityOrigin": null,
  "mediaType": "video",
  "slackChildWindowRequest": {
    "result": false,
    "reason": "Not child window URL"
  }
}
[02/03/26, 09:44:40:835] info: Permission check granted: 
{
  "isMainFrame": true,
  "permission": "media",
  "requestingOrigin": "https://app.slack.com/",
  "requestingUrl": "https://app.slack.com/client/T06AU05DL0L",
  "securityOrigin": null,
  "mediaType": "audio",
  "slackChildWindowRequest": {
    "result": false,
    "reason": "Not child window URL"
  }
}
[02/03/26, 09:44:40:835] info: Permission check granted: 
{
  "isMainFrame": true,
  "permission": "geolocation",
  "requestingOrigin": "https://app.slack.com/",
  "requestingUrl": "https://app.slack.com/client/T06AU05DL0L",
  "securityOrigin": null,
  "slackChildWindowRequest": {
    "result": false,
    "reason": "Not child window URL"
  }
}
[02/03/26, 09:44:40:835] info: Permission check granted: 
{
  "isMainFrame": true,
  "permission": "window-management",
  "requestingOrigin": "https://app.slack.com/",
  "requestingUrl": "https://app.slack.com/client/T06AU05DL0L",
  "securityOrigin": null,
  "slackChildWindowRequest": {
    "result": false,
    "reason": "Not child window URL"
  }
}
[02/03/26, 09:44:40:940] info: Permission check granted: 
{
  "isMainFrame": true,
  "permission": "media",
  "requestingOrigin": "https://app.slack.com/client/T06AU05DL0L/C06ARGB5GCS",
  "requestingUrl": "https://app.slack.com/client/T06AU05DL0L/C06ARGB5GCS",
  "securityOrigin": "https://app.slack.com/",
  "mediaType": "audio",
  "slackChildWindowRequest": {
    "result": false,
    "reason": "Not child window URL"
  }
}
[02/03/26, 09:44:40:940] info: Permission check granted: 
{
  "isMainFrame": true,
  "permission": "speaker-selection",
  "requestingOrigin": "https://app.slack.com/",
  "requestingUrl": "https://app.slack.com/client/T06AU05DL0L/C06ARGB5GCS",
  "securityOrigin": null,
  "slackChildWindowRequest": {
    "result": false,
    "reason": "Not child window URL"
  }
}
[02/03/26, 09:44:40:941] info: Permission check granted: 
{
  "isMainFrame": true,
  "permission": "media",
  "requestingOrigin": "https://app.slack.com/client/T06AU05DL0L/C06ARGB5GCS",
  "requestingUrl": "https://app.slack.com/client/T06AU05DL0L/C06ARGB5GCS",
  "securityOrigin": "https://app.slack.com/",
  "mediaType": "video",
  "slackChildWindowRequest": {
    "result": false,
    "reason": "Not child window URL"
  }
}
[02/03/26, 09:44:40:949] info: Store: EXTEND_MENU global: menucategory-file,menucategory-view,menucategory-jump-to
[02/03/26, 09:44:40:954] info: Store: EXTEND_MENU T06AU05DL0L: menucategory-file,menucategory-view,menucategory-edit,menucategory-help,menucategory-history
[02/03/26, 09:44:40:957] info: Store: UPDATE_SETTINGS 
{
  "zoomLevel": 0
}
[02/03/26, 09:44:40:977] info: Breadcrumb: electron: screen.display-metrics-changed 
[02/03/26, 09:44:40:978] info: Store: DISPLAY_METRICS_CHANGED 
[02/03/26, 09:44:41:103] info: Permission check granted: 
{
  "isMainFrame": true,
  "permission": "media",
  "requestingOrigin": "https://app.slack.com/client/T06AU05DL0L/C06ARGB5GCS",
  "requestingUrl": "https://app.slack.com/client/T06AU05DL0L/C06ARGB5GCS",
  "securityOrigin": "https://app.slack.com/",
  "mediaType": "audio",
  "slackChildWindowRequest": {
    "result": false,
    "reason": "Not child window URL"
  }
}
[02/03/26, 09:44:41:103] info: Permission check granted: 
{
  "isMainFrame": true,
  "permission": "speaker-selection",
  "requestingOrigin": "https://app.slack.com/",
  "requestingUrl": "https://app.slack.com/client/T06AU05DL0L/C06ARGB5GCS",
  "securityOrigin": null,
  "slackChildWindowRequest": {
    "result": false,
    "reason": "Not child window URL"
  }
}
[02/03/26, 09:44:41:103] info: Permission check granted: 
{
  "isMainFrame": true,
  "permission": "media",
  "requestingOrigin": "https://app.slack.com/client/T06AU05DL0L/C06ARGB5GCS",
  "requestingUrl": "https://app.slack.com/client/T06AU05DL0L/C06ARGB5GCS",
  "securityOrigin": "https://app.slack.com/",
  "mediaType": "video",
  "slackChildWindowRequest": {
    "result": false,
    "reason": "Not child window URL"
  }
}
[02/03/26, 09:44:41:134] info: registerLifeCycleEvents: webContents:1 is type 'app' 
[02/03/26, 09:44:41:134] info: Store: UPSERT_WEB_CONTENTS 
{
  "id": 1,
  "type": "app",
  "history": "[REDACTED]"
}
[02/03/26, 09:44:43:906] info: Store: STORE_USER_WORKSPACES 
{
  "userTeamId": "T06AU05DL0L",
  "workspaceIds": [
    "T06AU05DL0L"
  ]
}
[02/03/26, 09:44:43:946] info: Store: SELECTION_CHANGED T06AU05DL0L
[02/03/26, 09:44:43:954] info: Store: EXTEND_MENU T06AU05DL0L: menucategory-file,menucategory-view,menucategory-edit,menucategory-help,menucategory-history
[02/03/26, 09:44:43:969] info: Permission check granted: 
{
  "isMainFrame": true,
  "permission": "media",
  "requestingOrigin": "https://app.slack.com/",
  "requestingUrl": "https://app.slack.com/client/T06AU05DL0L/C06ARGB5GCS",
  "securityOrigin": null,
  "mediaType": "video",
  "slackChildWindowRequest": {
    "result": false,
    "reason": "Not child window URL"
  }
}
[02/03/26, 09:44:43:970] info: Permission check granted: 
{
  "isMainFrame": true,
  "permission": "media",
  "requestingOrigin": "https://app.slack.com/",
  "requestingUrl": "https://app.slack.com/client/T06AU05DL0L/C06ARGB5GCS",
  "securityOrigin": null,
  "mediaType": "audio",
  "slackChildWindowRequest": {
    "result": false,
    "reason": "Not child window URL"
  }
}
[02/03/26, 09:44:43:970] info: Permission check granted: 
{
  "isMainFrame": true,
  "permission": "geolocation",
  "requestingOrigin": "https://app.slack.com/",
  "requestingUrl": "https://app.slack.com/client/T06AU05DL0L/C06ARGB5GCS",
  "securityOrigin": null,
  "slackChildWindowRequest": {
    "result": false,
    "reason": "Not child window URL"
  }
}
[02/03/26, 09:44:43:971] info: Permission check granted: 
{
  "isMainFrame": true,
  "permission": "window-management",
  "requestingOrigin": "https://app.slack.com/",
  "requestingUrl": "https://app.slack.com/client/T06AU05DL0L/C06ARGB5GCS",
  "securityOrigin": null,
  "slackChildWindowRequest": {
    "result": false,
    "reason": "Not child window URL"
  }
}
[02/03/26, 09:44:44:172] info: Store: REDUX_UPDATE_FROM_WEBAPP (T08KF7TD5AN) Changed keys [theme,notificationPrefs,connectivityPrefs,featureFlags,unreads,locale,version,frontendBuildType,userId]
[02/03/26, 09:44:44:538] info: Store: STORE_USER_WORKSPACES 
{
  "userTeamId": "T08KF7TD5AN",
  "workspaceIds": [
    "T08KF7TD5AN"
  ]
}
[02/03/26, 09:44:44:542] info: Store: SELECTION_CHANGED T06AU05DL0L
[02/03/26, 09:44:44:563] info: Permission check granted: 
{
  "isMainFrame": true,
  "permission": "notifications",
  "requestingOrigin": "https://app.slack.com/",
  "requestingUrl": "https://app.slack.com/client/T06AU05DL0L/C06ARGB5GCS",
  "securityOrigin": null,
  "slackChildWindowRequest": {
    "result": false,
    "reason": "Not child window URL"
  }
}
[02/03/26, 09:44:44:675] info: Store: SYNC Synced 2 workspaces with IDs [T06AU05DL0L,T08KF7TD5AN]
[02/03/26, 09:44:44:679] info: registerLifeCycleEvents: webContents:1 from 'loaded' to 'webapp-loaded' took 3545 ms 
[02/03/26, 09:44:44:679] info: Store: UPSERT_WEB_CONTENTS 
{
  "id": 1,
  "state": "webapp-loaded"
}
[02/03/26, 09:44:44:685] info: Initial Boot Timestamp: 1770079475212
        Boot Phase: WEBAPP_LOADED
        Duration: 7269ms
        From Boot to WEBAPP_LOADED: 9472ms
        Invoked on Startup: false
        CPU Speed: 100 
[02/03/26, 09:44:44:685] info: Store: RECORD_PERFORMANCE_TIMING 
{
  "phase": 3,
  "interval": 7269
}
[02/03/26, 09:44:44:686] info: registerLifeCycleEvents: webContents:1 from 'webapp-loaded' to 'webapp-loaded' took 7 ms 
[02/03/26, 09:44:44:686] info: Store: UPSERT_WEB_CONTENTS 
{
  "id": 1,
  "state": "webapp-loaded"
}
[02/03/26, 09:44:45:039] info: Breadcrumb: electron.net: undefined 
{
  "url": "[REDACTED]",
  "method": "POST",
  "status_code": 200
}
[02/03/26, 09:44:45:051] info: Store: REDUX_UPDATE_FROM_WEBAPP (T06AU05DL0L) Changed keys [unreads]
[02/03/26, 09:44:45:553] info: Permission check granted: 
{
  "isMainFrame": true,
  "permission": "media",
  "requestingOrigin": "https://app.slack.com/",
  "requestingUrl": "https://app.slack.com/client/T06AU05DL0L/C06ARGB5GCS",
  "securityOrigin": null,
  "mediaType": "video",
  "slackChildWindowRequest": {
    "result": false,
    "reason": "Not child window URL"
  }
}
[02/03/26, 09:44:45:554] info: Permission check granted: 
{
  "isMainFrame": true,
  "permission": "media",
  "requestingOrigin": "https://app.slack.com/",
  "requestingUrl": "https://app.slack.com/client/T06AU05DL0L/C06ARGB5GCS",
  "securityOrigin": null,
  "mediaType": "audio",
  "slackChildWindowRequest": {
    "result": false,
    "reason": "Not child window URL"
  }
}
[02/03/26, 09:44:45:554] info: Permission check granted: 
{
  "isMainFrame": true,
  "permission": "geolocation",
  "requestingOrigin": "https://app.slack.com/",
  "requestingUrl": "https://app.slack.com/client/T06AU05DL0L/C06ARGB5GCS",
  "securityOrigin": null,
  "slackChildWindowRequest": {
    "result": false,
    "reason": "Not child window URL"
  }
}
[02/03/26, 09:44:45:554] info: Permission check granted: 
{
  "isMainFrame": true,
  "permission": "window-management",
  "requestingOrigin": "https://app.slack.com/",
  "requestingUrl": "https://app.slack.com/client/T06AU05DL0L/C06ARGB5GCS",
  "securityOrigin": null,
  "slackChildWindowRequest": {
    "result": false,
    "reason": "Not child window URL"
  }
}
[02/03/26, 09:44:45:574] info: Store: EXTEND_MENU T06AU05DL0L: menucategory-file,menucategory-view,menucategory-edit,menucategory-help,menucategory-history
[02/03/26, 09:44:45:941] info: Permission check granted: 
{
  "isMainFrame": true,
  "permission": "media",
  "requestingOrigin": "https://app.slack.com/client/T06AU05DL0L/D07MJ421FB5",
  "requestingUrl": "https://app.slack.com/client/T06AU05DL0L/D07MJ421FB5",
  "securityOrigin": "https://app.slack.com/",
  "mediaType": "audio",
  "slackChildWindowRequest": {
    "result": false,
    "reason": "Not child window URL"
  }
}
[02/03/26, 09:44:45:941] info: Permission check granted: 
{
  "isMainFrame": true,
  "permission": "speaker-selection",
  "requestingOrigin": "https://app.slack.com/",
  "requestingUrl": "https://app.slack.com/client/T06AU05DL0L/D07MJ421FB5",
  "securityOrigin": null,
  "slackChildWindowRequest": {
    "result": false,
    "reason": "Not child window URL"
  }
}
[02/03/26, 09:44:45:942] info: Permission check granted: 
{
  "isMainFrame": true,
  "permission": "media",
  "requestingOrigin": "https://app.slack.com/client/T06AU05DL0L/D07MJ421FB5",
  "requestingUrl": "https://app.slack.com/client/T06AU05DL0L/D07MJ421FB5",
  "securityOrigin": "https://app.slack.com/",
  "mediaType": "video",
  "slackChildWindowRequest": {
    "result": false,
    "reason": "Not child window URL"
  }
}
[02/03/26, 09:44:46:197] info: Store: REDUX_UPDATE_FROM_WEBAPP (T06AU05DL0L) Changed keys [unreads]
[02/03/26, 09:44:46:282] info: Permission check granted: 
{
  "isMainFrame": true,
  "permission": "media",
  "requestingOrigin": "https://app.slack.com/client/T06AU05DL0L/D07MJ421FB5",
  "requestingUrl": "https://app.slack.com/client/T06AU05DL0L/D07MJ421FB5",
  "securityOrigin": "https://app.slack.com/",
  "mediaType": "audio",
  "slackChildWindowRequest": {
    "result": false,
    "reason": "Not child window URL"
  }
}
[02/03/26, 09:44:46:282] info: Permission check granted: 
{
  "isMainFrame": true,
  "permission": "speaker-selection",
  "requestingOrigin": "https://app.slack.com/",
  "requestingUrl": "https://app.slack.com/client/T06AU05DL0L/D07MJ421FB5",
  "securityOrigin": null,
  "slackChildWindowRequest": {
    "result": false,
    "reason": "Not child window URL"
  }
}
[02/03/26, 09:44:46:283] info: Permission check granted: 
{
  "isMainFrame": true,
  "permission": "media",
  "requestingOrigin": "https://app.slack.com/client/T06AU05DL0L/D07MJ421FB5",
  "requestingUrl": "https://app.slack.com/client/T06AU05DL0L/D07MJ421FB5",
  "securityOrigin": "https://app.slack.com/",
  "mediaType": "video",
  "slackChildWindowRequest": {
    "result": false,
    "reason": "Not child window URL"
  }
}
[02/03/26, 09:44:49:676] info: Store: persist/FLUSH 
[02/03/26, 09:45:17:434] info: Store: SET_SYSTEM_IDLE idle
[02/03/26, 09:45:45:999] info: Breadcrumb: electron.net: undefined 
{
  "url": "[REDACTED]",
  "method": "POST",
  "status_code": 200
}
[02/03/26, 09:45:47:330] info: Breadcrumb: electron.net: undefined 
{
  "url": "[REDACTED]",
  "method": "POST",
  "status_code": 200
}
[02/03/26, 09:45:47:639] info: Breadcrumb: electron.net: undefined 
{
  "url": "[REDACTED]",
  "method": "POST",
  "status_code": 200
}
[02/03/26, 09:49:44:500] info: Permission check granted: 
{
  "isMainFrame": true,
  "permission": "notifications",
  "requestingOrigin": "https://app.slack.com/",
  "requestingUrl": "https://app.slack.com/client/T06AU05DL0L/D07MJ421FB5",
  "securityOrigin": null,
  "slackChildWindowRequest": {
    "result": false,
    "reason": "Not child window URL"
  }
}
[02/03/26, 09:49:44:500] info: Permission check granted: 
{
  "isMainFrame": true,
  "permission": "notifications",
  "requestingOrigin": "https://app.slack.com/",
  "requestingUrl": "https://app.slack.com/client/T06AU05DL0L/D07MJ421FB5",
  "securityOrigin": null,
  "slackChildWindowRequest": {
    "result": false,
    "reason": "Not child window URL"
  }
}
[02/03/26, 09:49:48:284] info: Breadcrumb: electron: window.blur 
{
  "id": 1,
  "url": "[REDACTED]"
}
[02/03/26, 09:49:48:285] info: Breadcrumb: electron: app.browser-window-blur 
[02/03/26, 09:49:48:285] info: Store: SET_WINDOW_FRAME 
{
  "id": 1,
  "frame": {
    "isFocused": false
  },
  "fromEvent": true
}
[02/03/26, 09:54:39:708] info: Breadcrumb: electron: screen.display-metrics-changed 
[02/03/26, 09:54:39:708] info: Store: DISPLAY_METRICS_CHANGED 
[02/03/26, 09:54:39:713] info: Breadcrumb: electron: screen.display-metrics-changed 
[02/03/26, 09:54:39:714] info: Store: DISPLAY_METRICS_CHANGED 
[02/03/26, 09:54:39:722] info: Breadcrumb: electron: screen.display-metrics-changed 
[02/03/26, 09:54:39:723] info: Store: DISPLAY_METRICS_CHANGED 
[02/03/26, 09:54:39:734] info: Breadcrumb: electron: screen.display-metrics-changed 
[02/03/26, 09:54:39:735] info: Store: DISPLAY_METRICS_CHANGED 
[02/03/26, 09:54:39:740] info: Breadcrumb: electron: screen.display-metrics-changed 
[02/03/26, 09:54:39:741] info: Store: DISPLAY_METRICS_CHANGED 
[02/03/26, 09:54:39:747] info: Breadcrumb: electron: screen.display-metrics-changed 
[02/03/26, 09:54:39:748] info: Store: DISPLAY_METRICS_CHANGED 
[02/03/26, 09:54:39:754] info: Breadcrumb: electron: screen.display-metrics-changed 
[02/03/26, 09:54:39:754] info: Store: DISPLAY_METRICS_CHANGED 
[02/03/26, 09:54:39:763] info: Breadcrumb: electron: screen.display-metrics-changed 
[02/03/26, 09:54:39:763] info: Store: DISPLAY_METRICS_CHANGED 
[02/03/26, 09:54:39:771] info: Breadcrumb: electron: screen.display-metrics-changed 
[02/03/26, 09:54:39:771] info: Store: DISPLAY_METRICS_CHANGED 
[02/03/26, 09:54:39:779] info: Breadcrumb: electron: screen.display-metrics-changed 
[02/03/26, 09:54:39:779] info: Store: DISPLAY_METRICS_CHANGED 
[02/03/26, 09:54:39:787] info: Breadcrumb: electron: screen.display-metrics-changed 
[02/03/26, 09:54:39:788] info: Store: DISPLAY_METRICS_CHANGED 
[02/03/26, 09:54:39:796] info: Breadcrumb: electron: screen.display-metrics-changed 
[02/03/26, 09:54:39:796] info: Store: DISPLAY_METRICS_CHANGED 
[02/03/26, 09:54:39:803] info: Breadcrumb: electron: screen.display-metrics-changed 
[02/03/26, 09:54:39:804] info: Store: DISPLAY_METRICS_CHANGED 
[02/03/26, 09:54:39:812] info: Breadcrumb: electron: screen.display-metrics-changed 
[02/03/26, 09:54:39:813] info: Store: DISPLAY_METRICS_CHANGED 
[02/03/26, 09:54:39:820] info: Breadcrumb: electron: screen.display-metrics-changed 
[02/03/26, 09:54:39:821] info: Store: DISPLAY_METRICS_CHANGED 
[02/03/26, 09:54:39:829] info: Breadcrumb: electron: screen.display-metrics-changed 
[02/03/26, 09:54:39:829] info: Store: DISPLAY_METRICS_CHANGED 
[02/03/26, 09:54:42:910] info: Breadcrumb: electron: window.focus 
{
  "id": 1,
  "url": "[REDACTED]"
}
[02/03/26, 09:54:42:910] info: Breadcrumb: electron: app.browser-window-focus 
[02/03/26, 09:54:42:910] info: Store: SET_WINDOW_FRAME 
{
  "id": 1,
  "frame": {
    "isFocused": true
  },
  "fromEvent": true
}
[02/03/26, 09:54:45:531] info: Breadcrumb: electron: window.blur 
{
  "id": 1,
  "url": "[REDACTED]"
}
[02/03/26, 09:54:45:531] info: Breadcrumb: electron: app.browser-window-blur 
[02/03/26, 09:54:45:532] info: Store: SET_WINDOW_FRAME 
{
  "id": 1,
  "frame": {
    "isFocused": false
  },
  "fromEvent": true
}
[02/03/26, 09:54:47:804] info: Store: SET_SYSTEM_IDLE active
[02/03/26, 09:59:48:013] info: Store: SET_SYSTEM_IDLE idle
[02/03/26, 10:01:08:071] info: Store: SET_SYSTEM_IDLE active
[02/03/26, 10:01:28:082] info: Store: SET_SYSTEM_IDLE idle
[02/03/26, 10:02:48:130] info: Store: SET_SYSTEM_IDLE active
[02/03/26, 10:03:28:154] info: Store: SET_SYSTEM_IDLE idle
[02/03/26, 10:05:01:289] info: Breadcrumb: electron: screen.display-metrics-changed 
[02/03/26, 10:05:01:289] info: Store: DISPLAY_METRICS_CHANGED 
[02/03/26, 10:05:01:297] info: Breadcrumb: electron: screen.display-metrics-changed 
[02/03/26, 10:05:01:297] info: Store: DISPLAY_METRICS_CHANGED 
[02/03/26, 10:05:01:301] info: Breadcrumb: electron: screen.display-metrics-changed 
[02/03/26, 10:05:01:301] info: Store: DISPLAY_METRICS_CHANGED 
[02/03/26, 10:05:01:309] info: Breadcrumb: electron: screen.display-metrics-changed 
[02/03/26, 10:05:01:310] info: Store: DISPLAY_METRICS_CHANGED 
[02/03/26, 10:05:01:316] info: Breadcrumb: electron: screen.display-metrics-changed 
[02/03/26, 10:05:01:316] info: Store: DISPLAY_METRICS_CHANGED 
[02/03/26, 10:05:01:325] info: Breadcrumb: electron: screen.display-metrics-changed 
[02/03/26, 10:05:01:325] info: Store: DISPLAY_METRICS_CHANGED 
[02/03/26, 10:05:01:334] info: Breadcrumb: electron: screen.display-metrics-changed 
[02/03/26, 10:05:01:335] info: Store: DISPLAY_METRICS_CHANGED 
[02/03/26, 10:05:01:344] info: Breadcrumb: electron: screen.display-metrics-changed 
[02/03/26, 10:05:01:344] info: Store: DISPLAY_METRICS_CHANGED 
[02/03/26, 10:05:01:353] info: Breadcrumb: electron: screen.display-metrics-changed 
[02/03/26, 10:05:01:353] info: Store: DISPLAY_METRICS_CHANGED 
[02/03/26, 10:05:01:360] info: Breadcrumb: electron: screen.display-metrics-changed 
[02/03/26, 10:05:01:360] info: Store: DISPLAY_METRICS_CHANGED 
[02/03/26, 10:05:01:369] info: Breadcrumb: electron: screen.display-metrics-changed 
[02/03/26, 10:05:01:369] info: Store: DISPLAY_METRICS_CHANGED 
[02/03/26, 10:05:01:378] info: Breadcrumb: electron: screen.display-metrics-changed 
[02/03/26, 10:05:01:378] info: Store: DISPLAY_METRICS_CHANGED 
[02/03/26, 10:05:01:386] info: Breadcrumb: electron: screen.display-metrics-changed 
[02/03/26, 10:05:01:387] info: Store: DISPLAY_METRICS_CHANGED 
[02/03/26, 10:05:01:396] info: Breadcrumb: electron: screen.display-metrics-changed 
[02/03/26, 10:05:01:396] info: Store: DISPLAY_METRICS_CHANGED 
[02/03/26, 10:05:01:402] info: Breadcrumb: electron: screen.display-metrics-changed 
[02/03/26, 10:05:01:403] info: Store: DISPLAY_METRICS_CHANGED 
[02/03/26, 10:05:01:410] info: Breadcrumb: electron: screen.display-metrics-changed 
[02/03/26, 10:05:01:410] info: Store: DISPLAY_METRICS_CHANGED 
[02/03/26, 10:05:03:469] info: Breadcrumb: electron: screen.display-metrics-changed 
[02/03/26, 10:05:03:470] info: Store: DISPLAY_METRICS_CHANGED 
[02/03/26, 10:05:03:480] info: Breadcrumb: electron: screen.display-metrics-changed 
[02/03/26, 10:05:03:481] info: Store: DISPLAY_METRICS_CHANGED 
[02/03/26, 10:05:03:486] info: Breadcrumb: electron: screen.display-metrics-changed 
[02/03/26, 10:05:03:487] info: Store: DISPLAY_METRICS_CHANGED 
[02/03/26, 10:05:03:492] info: Breadcrumb: electron: screen.display-metrics-changed 
[02/03/26, 10:05:03:493] info: Store: DISPLAY_METRICS_CHANGED 
[02/03/26, 10:05:03:501] info: Breadcrumb: electron: screen.display-metrics-changed 
[02/03/26, 10:05:03:501] info: Store: DISPLAY_METRICS_CHANGED 
[02/03/26, 10:05:03:509] info: Breadcrumb: electron: screen.display-metrics-changed 
[02/03/26, 10:05:03:509] info: Store: DISPLAY_METRICS_CHANGED 
[02/03/26, 10:05:03:516] info: Breadcrumb: electron: screen.display-metrics-changed 
[02/03/26, 10:05:03:517] info: Store: DISPLAY_METRICS_CHANGED 
[02/03/26, 10:05:03:522] info: Breadcrumb: electron: screen.display-metrics-changed 
[02/03/26, 10:05:03:522] info: Store: DISPLAY_METRICS_CHANGED 
[02/03/26, 10:05:03:530] info: Breadcrumb: electron: screen.display-metrics-changed 
[02/03/26, 10:05:03:530] info: Store: DISPLAY_METRICS_CHANGED 
[02/03/26, 10:05:03:538] info: Breadcrumb: electron: screen.display-metrics-changed 
[02/03/26, 10:05:03:539] info: Store: DISPLAY_METRICS_CHANGED 
[02/03/26, 10:05:03:547] info: Breadcrumb: electron: screen.display-metrics-changed 
[02/03/26, 10:05:03:547] info: Store: DISPLAY_METRICS_CHANGED 
[02/03/26, 10:05:03:555] info: Breadcrumb: electron: screen.display-metrics-changed 
[02/03/26, 10:05:03:555] info: Store: DISPLAY_METRICS_CHANGED 
[02/03/26, 10:05:03:563] info: Breadcrumb: electron: screen.display-metrics-changed 
[02/03/26, 10:05:03:564] info: Store: DISPLAY_METRICS_CHANGED 
[02/03/26, 10:05:03:572] info: Breadcrumb: electron: screen.display-metrics-changed 
[02/03/26, 10:05:03:572] info: Store: DISPLAY_METRICS_CHANGED 
[02/03/26, 10:05:03:580] info: Breadcrumb: electron: screen.display-metrics-changed 
[02/03/26, 10:05:03:580] info: Store: DISPLAY_METRICS_CHANGED 
[02/03/26, 10:05:03:588] info: Breadcrumb: electron: screen.display-metrics-changed 
[02/03/26, 10:05:03:588] info: Store: DISPLAY_METRICS_CHANGED 
[02/03/26, 10:05:08:221] info: Store: SET_SYSTEM_IDLE active
[02/03/26, 10:05:38:235] info: Store: SET_SYSTEM_IDLE idle
[02/03/26, 10:07:05:295] info: Breadcrumb: electron: screen.display-metrics-changed 
[02/03/26, 10:07:05:296] info: Store: DISPLAY_METRICS_CHANGED 
[02/03/26, 10:07:05:311] info: Breadcrumb: electron: screen.display-metrics-changed 
[02/03/26, 10:07:05:311] info: Store: DISPLAY_METRICS_CHANGED 
[02/03/26, 10:07:05:327] info: Breadcrumb: electron: screen.display-metrics-changed 
[02/03/26, 10:07:05:327] info: Store: DISPLAY_METRICS_CHANGED 
[02/03/26, 10:07:05:342] info: Breadcrumb: electron: screen.display-metrics-changed 
[02/03/26, 10:07:05:343] info: Store: DISPLAY_METRICS_CHANGED 
[02/03/26, 10:07:05:360] info: Breadcrumb: electron: screen.display-metrics-changed 
[02/03/26, 10:07:05:361] info: Store: DISPLAY_METRICS_CHANGED 
[02/03/26, 10:07:05:377] info: Breadcrumb: electron: screen.display-metrics-changed 
[02/03/26, 10:07:05:377] info: Store: DISPLAY_METRICS_CHANGED 
[02/03/26, 10:07:05:393] info: Breadcrumb: electron: screen.display-metrics-changed 
[02/03/26, 10:07:05:394] info: Store: DISPLAY_METRICS_CHANGED 
[02/03/26, 10:07:05:410] info: Breadcrumb: electron: screen.display-metrics-changed 
[02/03/26, 10:07:05:410] info: Store: DISPLAY_METRICS_CHANGED 
[02/03/26, 10:08:50:645] info: Breadcrumb: electron: screen.display-metrics-changed 
[02/03/26, 10:08:50:646] info: Store: DISPLAY_METRICS_CHANGED 
[02/03/26, 10:08:50:652] info: Breadcrumb: electron: screen.display-metrics-changed 
[02/03/26, 10:08:50:653] info: Store: DISPLAY_METRICS_CHANGED 
[02/03/26, 10:08:50:661] info: Breadcrumb: electron: screen.display-metrics-changed 
[02/03/26, 10:08:50:661] info: Store: DISPLAY_METRICS_CHANGED 
[02/03/26, 10:08:50:675] info: Breadcrumb: electron: screen.display-metrics-changed 
[02/03/26, 10:08:50:675] info: Store: DISPLAY_METRICS_CHANGED 
[02/03/26, 10:08:50:683] info: Breadcrumb: electron: screen.display-metrics-changed 
[02/03/26, 10:08:50:684] info: Store: DISPLAY_METRICS_CHANGED 
[02/03/26, 10:08:50:691] info: Breadcrumb: electron: screen.display-metrics-changed 
[02/03/26, 10:08:50:691] info: Store: DISPLAY_METRICS_CHANGED 
[02/03/26, 10:08:50:698] info: Breadcrumb: electron: screen.display-metrics-changed 
[02/03/26, 10:08:50:699] info: Store: DISPLAY_METRICS_CHANGED 
[02/03/26, 10:08:50:707] info: Breadcrumb: electron: screen.display-metrics-changed 
[02/03/26, 10:08:50:707] info: Store: DISPLAY_METRICS_CHANGED 
[02/03/26, 10:08:50:714] info: Breadcrumb: electron: screen.display-metrics-changed 
[02/03/26, 10:08:50:715] info: Store: DISPLAY_METRICS_CHANGED 
[02/03/26, 10:08:50:721] info: Breadcrumb: electron: screen.display-metrics-changed 
[02/03/26, 10:08:50:722] info: Store: DISPLAY_METRICS_CHANGED 
[02/03/26, 10:08:50:728] info: Breadcrumb: electron: screen.display-metrics-changed 
[02/03/26, 10:08:50:729] info: Store: DISPLAY_METRICS_CHANGED 
[02/03/26, 10:08:50:737] info: Breadcrumb: electron: screen.display-metrics-changed 
[02/03/26, 10:08:50:737] info: Store: DISPLAY_METRICS_CHANGED 
[02/03/26, 10:08:50:745] info: Breadcrumb: electron: screen.display-metrics-changed 
[02/03/26, 10:08:50:745] info: Store: DISPLAY_METRICS_CHANGED 
[02/03/26, 10:08:50:754] info: Breadcrumb: electron: screen.display-metrics-changed 
[02/03/26, 10:08:50:755] info: Store: DISPLAY_METRICS_CHANGED 
[02/03/26, 10:08:50:761] info: Breadcrumb: electron: screen.display-metrics-changed 
[02/03/26, 10:08:50:762] info: Store: DISPLAY_METRICS_CHANGED 
[02/03/26, 10:08:58:375] info: Store: SET_SYSTEM_IDLE active
[02/03/26, 10:10:08:422] info: Store: SET_SYSTEM_IDLE idle
[02/03/26, 10:11:40:296] info: Breadcrumb: electron: screen.display-metrics-changed 
[02/03/26, 10:11:40:297] info: Store: DISPLAY_METRICS_CHANGED 
[02/03/26, 10:11:40:305] info: Breadcrumb: electron: screen.display-metrics-changed 
[02/03/26, 10:11:40:306] info: Store: DISPLAY_METRICS_CHANGED 
[02/03/26, 10:11:40:315] info: Breadcrumb: electron: screen.display-metrics-changed 
[02/03/26, 10:11:40:316] info: Store: DISPLAY_METRICS_CHANGED 
[02/03/26, 10:11:40:357] info: Breadcrumb: electron: screen.display-metrics-changed 
[02/03/26, 10:11:40:358] info: Store: DISPLAY_METRICS_CHANGED 
[02/03/26, 10:11:40:366] info: Breadcrumb: electron: screen.display-metrics-changed 
[02/03/26, 10:11:40:367] info: Store: DISPLAY_METRICS_CHANGED 
[02/03/26, 10:11:40:392] info: Breadcrumb: electron: screen.display-metrics-changed 
[02/03/26, 10:11:40:392] info: Store: DISPLAY_METRICS_CHANGED 
[02/03/26, 10:11:40:406] info: Breadcrumb: electron: screen.display-metrics-changed 
[02/03/26, 10:11:40:406] info: Store: DISPLAY_METRICS_CHANGED 
[02/03/26, 10:11:40:416] info: Breadcrumb: electron: screen.display-metrics-changed 
[02/03/26, 10:11:40:419] info: Store: DISPLAY_METRICS_CHANGED 
[02/03/26, 10:11:40:424] info: Breadcrumb: electron: screen.display-metrics-changed 
[02/03/26, 10:11:40:424] info: Store: DISPLAY_METRICS_CHANGED 
[02/03/26, 10:11:40:430] info: Breadcrumb: electron: screen.display-metrics-changed 
[02/03/26, 10:11:40:430] info: Store: DISPLAY_METRICS_CHANGED 
[02/03/26, 10:11:40:438] info: Breadcrumb: electron: screen.display-metrics-changed 
[02/03/26, 10:11:40:439] info: Store: DISPLAY_METRICS_CHANGED 
[02/03/26, 10:11:40:446] info: Breadcrumb: electron: screen.display-metrics-changed 
[02/03/26, 10:11:40:446] info: Store: DISPLAY_METRICS_CHANGED 
[02/03/26, 10:11:42:636] info: Breadcrumb: electron: screen.display-metrics-changed 
[02/03/26, 10:11:42:636] info: Store: DISPLAY_METRICS_CHANGED 
[02/03/26, 10:11:42:659] info: Breadcrumb: electron: screen.display-metrics-changed 
[02/03/26, 10:11:42:659] info: Store: DISPLAY_METRICS_CHANGED 
[02/03/26, 10:11:42:673] info: Breadcrumb: electron: screen.display-metrics-changed 
[02/03/26, 10:11:42:674] info: Store: DISPLAY_METRICS_CHANGED 
[02/03/26, 10:11:42:688] info: Breadcrumb: electron: screen.display-metrics-changed 
[02/03/26, 10:11:42:689] info: Store: DISPLAY_METRICS_CHANGED 
[02/03/26, 10:11:42:705] info: Breadcrumb: electron: screen.display-metrics-changed 
[02/03/26, 10:11:42:706] info: Store: DISPLAY_METRICS_CHANGED 
[02/03/26, 10:11:42:720] info: Breadcrumb: electron: screen.display-metrics-changed 
[02/03/26, 10:11:42:721] info: Store: DISPLAY_METRICS_CHANGED 
[02/03/26, 10:11:42:734] info: Breadcrumb: electron: screen.display-metrics-changed 
[02/03/26, 10:11:42:734] info: Store: DISPLAY_METRICS_CHANGED 
[02/03/26, 10:11:42:747] info: Breadcrumb: electron: screen.display-metrics-changed 
[02/03/26, 10:11:42:748] info: Store: DISPLAY_METRICS_CHANGED 
[02/03/26, 10:11:42:754] info: Breadcrumb: electron: screen.display-metrics-changed 
[02/03/26, 10:11:42:755] info: Store: DISPLAY_METRICS_CHANGED 
[02/03/26, 10:11:42:763] info: Breadcrumb: electron: screen.display-metrics-changed 
[02/03/26, 10:11:42:764] info: Store: DISPLAY_METRICS_CHANGED 
[02/03/26, 10:11:42:771] info: Breadcrumb: electron: screen.display-metrics-changed 
[02/03/26, 10:11:42:771] info: Store: DISPLAY_METRICS_CHANGED 
[02/03/26, 10:11:48:481] info: Store: SET_SYSTEM_IDLE active
[02/03/26, 10:12:18:495] info: Store: SET_SYSTEM_IDLE idle
[02/03/26, 10:13:43:296] info: Breadcrumb: electron: screen.display-metrics-changed 
[02/03/26, 10:13:43:297] info: Store: DISPLAY_METRICS_CHANGED 
[02/03/26, 10:13:43:325] info: Breadcrumb: electron: screen.display-metrics-changed 
[02/03/26, 10:13:43:326] info: Store: DISPLAY_METRICS_CHANGED 
[02/03/26, 10:13:43:341] info: Breadcrumb: electron: screen.display-metrics-changed 
[02/03/26, 10:13:43:342] info: Store: DISPLAY_METRICS_CHANGED 
[02/03/26, 10:13:43:361] info: Breadcrumb: electron: screen.display-metrics-changed 
[02/03/26, 10:13:43:362] info: Store: DISPLAY_METRICS_CHANGED 
[02/03/26, 10:13:43:375] info: Breadcrumb: electron: screen.display-metrics-changed 
[02/03/26, 10:13:43:375] info: Store: DISPLAY_METRICS_CHANGED 
[02/03/26, 10:13:43:396] info: Breadcrumb: electron: screen.display-metrics-changed 
[02/03/26, 10:13:43:397] info: Store: DISPLAY_METRICS_CHANGED 
[02/03/26, 10:13:43:407] info: Breadcrumb: electron: screen.display-metrics-changed 
[02/03/26, 10:13:43:408] info: Store: DISPLAY_METRICS_CHANGED 
[02/03/26, 10:13:43:422] info: Breadcrumb: electron: screen.display-metrics-changed 
[02/03/26, 10:13:43:422] info: Store: DISPLAY_METRICS_CHANGED 
[02/03/26, 10:13:43:431] info: Breadcrumb: electron: screen.display-metrics-changed 
[02/03/26, 10:13:43:431] info: Store: DISPLAY_METRICS_CHANGED 
[02/03/26, 10:13:43:433] info: Breadcrumb: electron: screen.display-metrics-changed 
[02/03/26, 10:13:43:433] info: Store: DISPLAY_METRICS_CHANGED 
[02/03/26, 10:13:46:418] info: Breadcrumb: electron: screen.display-metrics-changed 
[02/03/26, 10:13:46:418] info: Store: DISPLAY_METRICS_CHANGED 
[02/03/26, 10:13:46:443] info: Breadcrumb: electron: screen.display-metrics-changed 
[02/03/26, 10:13:46:444] info: Store: DISPLAY_METRICS_CHANGED 
[02/03/26, 10:13:46:461] info: Breadcrumb: electron: screen.display-metrics-changed 
[02/03/26, 10:13:46:461] info: Store: DISPLAY_METRICS_CHANGED 
[02/03/26, 10:13:46:478] info: Breadcrumb: electron: screen.display-metrics-changed 
[02/03/26, 10:13:46:478] info: Store: DISPLAY_METRICS_CHANGED 
[02/03/26, 10:13:46:493] info: Breadcrumb: electron: screen.display-metrics-changed 
[02/03/26, 10:13:46:494] info: Store: DISPLAY_METRICS_CHANGED 
[02/03/26, 10:13:46:506] info: Breadcrumb: electron: screen.display-metrics-changed 
[02/03/26, 10:13:46:506] info: Store: DISPLAY_METRICS_CHANGED 
[02/03/26, 10:13:46:514] info: Breadcrumb: electron: screen.display-metrics-changed 
[02/03/26, 10:13:46:515] info: Store: DISPLAY_METRICS_CHANGED 
[02/03/26, 10:13:46:522] info: Breadcrumb: electron: screen.display-metrics-changed 
[02/03/26, 10:13:46:522] info: Store: DISPLAY_METRICS_CHANGED 
[02/03/26, 10:13:46:530] info: Breadcrumb: electron: screen.display-metrics-changed 
[02/03/26, 10:13:46:530] info: Store: DISPLAY_METRICS_CHANGED 
[02/03/26, 10:13:46:538] info: Breadcrumb: electron: screen.display-metrics-changed 
[02/03/26, 10:13:46:538] info: Store: DISPLAY_METRICS_CHANGED 
[02/03/26, 10:13:46:547] info: Breadcrumb: electron: screen.display-metrics-changed 
[02/03/26, 10:13:46:548] info: Store: DISPLAY_METRICS_CHANGED 
[02/03/26, 10:13:48:553] info: Store: SET_SYSTEM_IDLE active
[02/03/26, 10:14:18:567] info: Store: SET_SYSTEM_IDLE idle
[02/03/26, 10:15:46:292] info: Breadcrumb: electron: screen.display-metrics-changed 
[02/03/26, 10:15:46:293] info: Store: DISPLAY_METRICS_CHANGED 
[02/03/26, 10:15:46:320] info: Breadcrumb: electron: screen.display-metrics-changed 
[02/03/26, 10:15:46:321] info: Store: DISPLAY_METRICS_CHANGED 
[02/03/26, 10:15:46:339] info: Breadcrumb: electron: screen.display-metrics-changed 
[02/03/26, 10:15:46:339] info: Store: DISPLAY_METRICS_CHANGED 
[02/03/26, 10:15:46:355] info: Breadcrumb: electron: screen.display-metrics-changed 
[02/03/26, 10:15:46:356] info: Store: DISPLAY_METRICS_CHANGED 
[02/03/26, 10:15:46:370] info: Breadcrumb: electron: screen.display-metrics-changed 
[02/03/26, 10:15:46:370] info: Store: DISPLAY_METRICS_CHANGED 
[02/03/26, 10:15:46:382] info: Breadcrumb: electron: screen.display-metrics-changed 
[02/03/26, 10:15:46:382] info: Store: DISPLAY_METRICS_CHANGED 
[02/03/26, 10:15:46:404] info: Breadcrumb: electron: screen.display-metrics-changed 
[02/03/26, 10:15:46:405] info: Store: DISPLAY_METRICS_CHANGED 
[02/03/26, 10:15:46:406] info: Breadcrumb: electron: screen.display-metrics-changed 
[02/03/26, 10:15:46:406] info: Store: DISPLAY_METRICS_CHANGED 
[02/03/26, 10:15:46:411] info: Breadcrumb: electron: screen.display-metrics-changed 
[02/03/26, 10:15:46:411] info: Store: DISPLAY_METRICS_CHANGED 
[02/03/26, 10:15:46:420] info: Breadcrumb: electron: screen.display-metrics-changed 
[02/03/26, 10:15:46:420] info: Store: DISPLAY_METRICS_CHANGED 
[02/03/26, 10:15:49:379] info: Breadcrumb: electron: screen.display-metrics-changed 
[02/03/26, 10:15:49:379] info: Store: DISPLAY_METRICS_CHANGED 
[02/03/26, 10:15:49:401] info: Breadcrumb: electron: screen.display-metrics-changed 
[02/03/26, 10:15:49:402] info: Store: DISPLAY_METRICS_CHANGED 
[02/03/26, 10:15:49:417] info: Breadcrumb: electron: screen.display-metrics-changed 
[02/03/26, 10:15:49:418] info: Store: DISPLAY_METRICS_CHANGED 
[02/03/26, 10:15:49:433] info: Breadcrumb: electron: screen.display-metrics-changed 
[02/03/26, 10:15:49:434] info: Store: DISPLAY_METRICS_CHANGED 
[02/03/26, 10:15:49:448] info: Breadcrumb: electron: screen.display-metrics-changed 
[02/03/26, 10:15:49:449] info: Store: DISPLAY_METRICS_CHANGED 
[02/03/26, 10:15:49:457] info: Breadcrumb: electron: screen.display-metrics-changed 
[02/03/26, 10:15:49:457] info: Store: DISPLAY_METRICS_CHANGED 
[02/03/26, 10:15:49:465] info: Breadcrumb: electron: screen.display-metrics-changed 
[02/03/26, 10:15:49:465] info: Store: DISPLAY_METRICS_CHANGED 
[02/03/26, 10:15:49:470] info: Breadcrumb: electron: screen.display-metrics-changed 
[02/03/26, 10:15:49:470] info: Store: DISPLAY_METRICS_CHANGED 
[02/03/26, 10:15:49:479] info: Breadcrumb: electron: screen.display-metrics-changed 
[02/03/26, 10:15:49:479] info: Store: DISPLAY_METRICS_CHANGED 
[02/03/26, 10:15:49:487] info: Breadcrumb: electron: screen.display-metrics-changed 
[02/03/26, 10:15:49:488] info: Store: DISPLAY_METRICS_CHANGED 
[02/03/26, 10:15:49:496] info: Breadcrumb: electron: screen.display-metrics-changed 
[02/03/26, 10:15:49:496] info: Store: DISPLAY_METRICS_CHANGED 
[02/03/26, 10:15:49:503] info: Breadcrumb: electron: screen.display-metrics-changed 
[02/03/26, 10:15:49:503] info: Store: DISPLAY_METRICS_CHANGED 
[02/03/26, 10:15:58:598] info: Store: SET_SYSTEM_IDLE active
[02/03/26, 10:16:18:610] info: Store: SET_SYSTEM_IDLE idle
[02/03/26, 10:16:28:613] info: Store: SET_SYSTEM_IDLE active
[02/03/26, 10:17:48:654] info: Store: SET_SYSTEM_IDLE idle
[02/03/26, 10:18:08:668] info: Store: SET_SYSTEM_IDLE active
[02/03/26, 10:19:08:697] info: Store: SET_SYSTEM_IDLE idle
[02/03/26, 10:20:08:737] info: Store: SET_SYSTEM_IDLE active
[02/03/26, 10:21:31:998] info: Breadcrumb: electron: window.focus 
{
  "id": 1,
  "url": "[REDACTED]"
}
[02/03/26, 10:21:31:999] info: Breadcrumb: electron: app.browser-window-focus 
[02/03/26, 10:21:31:999] info: Store: SET_WINDOW_FRAME 
{
  "id": 1,
  "frame": {
    "isFocused": true
  },
  "fromEvent": true
}
[02/03/26, 10:21:58:007] info: Breadcrumb: electron: window.blur 
{
  "id": 1,
  "url": "[REDACTED]"
}
[02/03/26, 10:21:58:008] info: Breadcrumb: electron: app.browser-window-blur 
[02/03/26, 10:21:58:009] info: Store: SET_WINDOW_FRAME 
{
  "id": 1,
  "frame": {
    "isFocused": false
  },
  "fromEvent": true
}
[02/03/26, 10:22:18:347] info: Breadcrumb: electron: window.focus 
{
  "id": 1,
  "url": "[REDACTED]"
}
[02/03/26, 10:22:18:347] info: Breadcrumb: electron: app.browser-window-focus 
[02/03/26, 10:22:18:348] info: Store: SET_WINDOW_FRAME 
{
  "id": 1,
  "frame": {
    "isFocused": true
  },
  "fromEvent": true
}
[02/03/26, 10:22:20:636] info: Breadcrumb: electron: window.blur 
{
  "id": 1,
  "url": "[REDACTED]"
}
[02/03/26, 10:22:20:637] info: Breadcrumb: electron: app.browser-window-blur 
[02/03/26, 10:22:20:637] info: Store: SET_WINDOW_FRAME 
{
  "id": 1,
  "frame": {
    "isFocused": false
  },
  "fromEvent": true
}
[02/03/26, 10:28:19:072] info: Store: SET_SYSTEM_IDLE idle
[02/03/26, 10:29:52:302] info: Breadcrumb: electron: screen.display-metrics-changed 
[02/03/26, 10:29:52:303] info: Store: DISPLAY_METRICS_CHANGED 
[02/03/26, 10:29:52:332] info: Breadcrumb: electron: screen.display-metrics-changed 
[02/03/26, 10:29:52:333] info: Store: DISPLAY_METRICS_CHANGED 
[02/03/26, 10:29:52:358] info: Breadcrumb: electron: screen.display-metrics-changed 
[02/03/26, 10:29:52:359] info: Store: DISPLAY_METRICS_CHANGED 
[02/03/26, 10:29:52:382] info: Breadcrumb: electron: screen.display-metrics-changed 
[02/03/26, 10:29:52:383] info: Store: DISPLAY_METRICS_CHANGED 
[02/03/26, 10:29:52:402] info: Breadcrumb: electron: screen.display-metrics-changed 
[02/03/26, 10:29:52:403] info: Store: DISPLAY_METRICS_CHANGED 
[02/03/26, 10:29:52:415] info: Breadcrumb: electron: screen.display-metrics-changed 
[02/03/26, 10:29:52:416] info: Store: DISPLAY_METRICS_CHANGED 
[02/03/26, 10:29:52:438] info: Breadcrumb: electron: screen.display-metrics-changed 
[02/03/26, 10:29:52:438] info: Store: DISPLAY_METRICS_CHANGED 
[02/03/26, 10:29:52:449] info: Breadcrumb: electron: screen.display-metrics-changed 
[02/03/26, 10:29:52:450] info: Store: DISPLAY_METRICS_CHANGED 
[02/03/26, 10:29:52:454] info: Breadcrumb: electron: screen.display-metrics-changed 
[02/03/26, 10:29:52:454] info: Store: DISPLAY_METRICS_CHANGED 
[02/03/26, 10:29:52:462] info: Breadcrumb: electron: screen.display-metrics-changed 
[02/03/26, 10:29:52:462] info: Store: DISPLAY_METRICS_CHANGED 
[02/03/26, 10:29:52:470] info: Breadcrumb: electron: screen.display-metrics-changed 
[02/03/26, 10:29:52:470] info: Store: DISPLAY_METRICS_CHANGED 
[02/03/26, 10:29:55:263] info: Breadcrumb: electron: screen.display-metrics-changed 
[02/03/26, 10:29:55:264] info: Store: DISPLAY_METRICS_CHANGED 
[02/03/26, 10:29:55:293] info: Breadcrumb: electron: screen.display-metrics-changed 
[02/03/26, 10:29:55:294] info: Store: DISPLAY_METRICS_CHANGED 
[02/03/26, 10:29:55:319] info: Breadcrumb: electron: screen.display-metrics-changed 
[02/03/26, 10:29:55:320] info: Store: DISPLAY_METRICS_CHANGED 
[02/03/26, 10:29:55:337] info: Breadcrumb: electron: screen.display-metrics-changed 
[02/03/26, 10:29:55:338] info: Store: DISPLAY_METRICS_CHANGED 
[02/03/26, 10:29:55:349] info: Breadcrumb: electron: screen.display-metrics-changed 
[02/03/26, 10:29:55:349] info: Store: DISPLAY_METRICS_CHANGED 
[02/03/26, 10:29:55:366] info: Breadcrumb: electron: screen.display-metrics-changed 
[02/03/26, 10:29:55:367] info: Store: DISPLAY_METRICS_CHANGED 
[02/03/26, 10:29:55:379] info: Breadcrumb: electron: screen.display-metrics-changed 
[02/03/26, 10:29:55:380] info: Store: DISPLAY_METRICS_CHANGED 
[02/03/26, 10:29:55:398] info: Breadcrumb: electron: screen.display-metrics-changed 
[02/03/26, 10:29:55:398] info: Store: DISPLAY_METRICS_CHANGED 
[02/03/26, 10:29:55:418] info: Breadcrumb: electron: screen.display-metrics-changed 
[02/03/26, 10:29:55:419] info: Store: DISPLAY_METRICS_CHANGED 
[02/03/26, 10:29:59:141] info: Store: SET_SYSTEM_IDLE active
[02/03/26, 10:30:29:158] info: Store: SET_SYSTEM_IDLE idle
[02/03/26, 10:31:55:291] info: Breadcrumb: electron: screen.display-metrics-changed 
[02/03/26, 10:31:55:291] info: Store: DISPLAY_METRICS_CHANGED 
[02/03/26, 10:31:55:318] info: Breadcrumb: electron: screen.display-metrics-changed 
[02/03/26, 10:31:55:318] info: Store: DISPLAY_METRICS_CHANGED 
[02/03/26, 10:31:55:334] info: Breadcrumb: electron: screen.display-metrics-changed 
[02/03/26, 10:31:55:334] info: Store: DISPLAY_METRICS_CHANGED 
[02/03/26, 10:31:55:346] info: Breadcrumb: electron: screen.display-metrics-changed 
[02/03/26, 10:31:55:347] info: Store: DISPLAY_METRICS_CHANGED 
[02/03/26, 10:31:55:378] info: Breadcrumb: electron: screen.display-metrics-changed 
[02/03/26, 10:31:55:379] info: Store: DISPLAY_METRICS_CHANGED 
[02/03/26, 10:31:55:411] info: Breadcrumb: electron: screen.display-metrics-changed 
[02/03/26, 10:31:55:412] info: Store: DISPLAY_METRICS_CHANGED 
[02/03/26, 10:31:55:419] info: Breadcrumb: electron: screen.display-metrics-changed 
[02/03/26, 10:31:55:420] info: Store: DISPLAY_METRICS_CHANGED 
[02/03/26, 10:31:55:422] info: Breadcrumb: electron: screen.display-metrics-changed 
[02/03/26, 10:31:55:422] info: Store: DISPLAY_METRICS_CHANGED 
[02/03/26, 10:31:55:428] info: Breadcrumb: electron: screen.display-metrics-changed 
[02/03/26, 10:31:55:428] info: Store: DISPLAY_METRICS_CHANGED 
[02/03/26, 10:31:55:436] info: Breadcrumb: electron: screen.display-metrics-changed 
[02/03/26, 10:31:55:436] info: Store: DISPLAY_METRICS_CHANGED 
[02/03/26, 10:33:11:682] info: Breadcrumb: electron: screen.display-metrics-changed 
[02/03/26, 10:33:11:683] info: Store: DISPLAY_METRICS_CHANGED 
[02/03/26, 10:33:11:711] info: Breadcrumb: electron: screen.display-metrics-changed 
[02/03/26, 10:33:11:712] info: Store: DISPLAY_METRICS_CHANGED 
[02/03/26, 10:33:11:728] info: Breadcrumb: electron: screen.display-metrics-changed 
[02/03/26, 10:33:11:729] info: Store: DISPLAY_METRICS_CHANGED 
[02/03/26, 10:33:11:745] info: Breadcrumb: electron: screen.display-metrics-changed 
[02/03/26, 10:33:11:746] info: Store: DISPLAY_METRICS_CHANGED 
[02/03/26, 10:33:11:764] info: Breadcrumb: electron: screen.display-metrics-changed 
[02/03/26, 10:33:11:764] info: Store: DISPLAY_METRICS_CHANGED 
[02/03/26, 10:33:11:769] info: Breadcrumb: electron: screen.display-metrics-changed 
[02/03/26, 10:33:11:770] info: Store: DISPLAY_METRICS_CHANGED 
[02/03/26, 10:33:11:776] info: Breadcrumb: electron: screen.display-metrics-changed 
[02/03/26, 10:33:11:777] info: Store: DISPLAY_METRICS_CHANGED 
[02/03/26, 10:33:11:786] info: Breadcrumb: electron: screen.display-metrics-changed 
[02/03/26, 10:33:11:786] info: Store: DISPLAY_METRICS_CHANGED 
[02/03/26, 10:33:11:793] info: Breadcrumb: electron: screen.display-metrics-changed 
[02/03/26, 10:33:11:793] info: Store: DISPLAY_METRICS_CHANGED 
[02/03/26, 10:33:11:802] info: Breadcrumb: electron: screen.display-metrics-changed 
[02/03/26, 10:33:11:802] info: Store: DISPLAY_METRICS_CHANGED 
[02/03/26, 10:33:11:810] info: Breadcrumb: electron: screen.display-metrics-changed 
[02/03/26, 10:33:11:810] info: Store: DISPLAY_METRICS_CHANGED 
[02/03/26, 10:33:11:818] info: Breadcrumb: electron: screen.display-metrics-changed 
[02/03/26, 10:33:11:819] info: Store: DISPLAY_METRICS_CHANGED 
[02/03/26, 10:33:19:282] info: Store: SET_SYSTEM_IDLE active
[02/03/26, 10:33:39:286] info: Store: SET_SYSTEM_IDLE idle
[02/03/26, 10:34:19:318] info: Store: SET_SYSTEM_IDLE active
[02/03/26, 10:35:49:381] info: Store: SET_SYSTEM_IDLE idle
[02/03/26, 10:37:20:290] info: Breadcrumb: electron: screen.display-metrics-changed 
[02/03/26, 10:37:20:290] info: Store: DISPLAY_METRICS_CHANGED 
[02/03/26, 10:37:20:317] info: Breadcrumb: electron: screen.display-metrics-changed 
[02/03/26, 10:37:20:318] info: Store: DISPLAY_METRICS_CHANGED 
[02/03/26, 10:37:20:341] info: Breadcrumb: electron: screen.display-metrics-changed 
[02/03/26, 10:37:20:342] info: Store: DISPLAY_METRICS_CHANGED 
[02/03/26, 10:37:20:360] info: Breadcrumb: electron: screen.display-metrics-changed 
[02/03/26, 10:37:20:361] info: Store: DISPLAY_METRICS_CHANGED 
[02/03/26, 10:37:20:381] info: Breadcrumb: electron: screen.display-metrics-changed 
[02/03/26, 10:37:20:381] info: Store: DISPLAY_METRICS_CHANGED 
[02/03/26, 10:37:20:395] info: Breadcrumb: electron: screen.display-metrics-changed 
[02/03/26, 10:37:20:395] info: Store: DISPLAY_METRICS_CHANGED 
[02/03/26, 10:37:20:412] info: Breadcrumb: electron: screen.display-metrics-changed 
[02/03/26, 10:37:20:413] info: Store: DISPLAY_METRICS_CHANGED 
[02/03/26, 10:37:20:425] info: Breadcrumb: electron: screen.display-metrics-changed 
[02/03/26, 10:37:20:425] info: Store: DISPLAY_METRICS_CHANGED 
[02/03/26, 10:37:20:444] info: Breadcrumb: electron: screen.display-metrics-changed 
[02/03/26, 10:37:20:444] info: Store: DISPLAY_METRICS_CHANGED 
[02/03/26, 10:39:04:226] info: Breadcrumb: electron: screen.display-metrics-changed 
[02/03/26, 10:39:04:226] info: Store: DISPLAY_METRICS_CHANGED 
[02/03/26, 10:39:04:251] info: Breadcrumb: electron: screen.display-metrics-changed 
[02/03/26, 10:39:04:252] info: Store: DISPLAY_METRICS_CHANGED 
[02/03/26, 10:39:04:266] info: Breadcrumb: electron: screen.display-metrics-changed 
[02/03/26, 10:39:04:266] info: Store: DISPLAY_METRICS_CHANGED 
[02/03/26, 10:39:04:274] info: Breadcrumb: electron: screen.display-metrics-changed 
[02/03/26, 10:39:04:274] info: Store: DISPLAY_METRICS_CHANGED 
[02/03/26, 10:39:04:282] info: Breadcrumb: electron: screen.display-metrics-changed 
[02/03/26, 10:39:04:283] info: Store: DISPLAY_METRICS_CHANGED 
[02/03/26, 10:39:04:291] info: Breadcrumb: electron: screen.display-metrics-changed 
[02/03/26, 10:39:04:291] info: Store: DISPLAY_METRICS_CHANGED 
[02/03/26, 10:39:04:299] info: Breadcrumb: electron: screen.display-metrics-changed 
[02/03/26, 10:39:04:299] info: Store: DISPLAY_METRICS_CHANGED 
[02/03/26, 10:39:04:307] info: Breadcrumb: electron: screen.display-metrics-changed 
[02/03/26, 10:39:04:308] info: Store: DISPLAY_METRICS_CHANGED 
[02/03/26, 10:39:04:315] info: Breadcrumb: electron: screen.display-metrics-changed 
[02/03/26, 10:39:04:315] info: Store: DISPLAY_METRICS_CHANGED 
[02/03/26, 10:39:04:324] info: Breadcrumb: electron: screen.display-metrics-changed 
[02/03/26, 10:39:04:324] info: Store: DISPLAY_METRICS_CHANGED 
[02/03/26, 10:39:04:332] info: Breadcrumb: electron: screen.display-metrics-changed 
[02/03/26, 10:39:04:333] info: Store: DISPLAY_METRICS_CHANGED 
[02/03/26, 10:39:04:342] info: Breadcrumb: electron: screen.display-metrics-changed 
[02/03/26, 10:39:04:342] info: Store: DISPLAY_METRICS_CHANGED 
[02/03/26, 10:39:04:351] info: Breadcrumb: electron: screen.display-metrics-changed 
[02/03/26, 10:39:04:351] info: Store: DISPLAY_METRICS_CHANGED 
[02/03/26, 10:39:04:362] info: Breadcrumb: electron: screen.display-metrics-changed 
[02/03/26, 10:39:04:362] info: Store: DISPLAY_METRICS_CHANGED 
[02/03/26, 10:39:04:370] info: Breadcrumb: electron: screen.display-metrics-changed 
[02/03/26, 10:39:04:370] info: Store: DISPLAY_METRICS_CHANGED 
[02/03/26, 10:39:09:532] info: Store: SET_SYSTEM_IDLE active
[02/03/26, 10:39:39:539] info: Store: SET_SYSTEM_IDLE idle
[02/03/26, 10:41:12:291] info: Breadcrumb: electron: screen.display-metrics-changed 
[02/03/26, 10:41:12:291] info: Store: DISPLAY_METRICS_CHANGED 
[02/03/26, 10:41:12:318] info: Breadcrumb: electron: screen.display-metrics-changed 
[02/03/26, 10:41:12:318] info: Store: DISPLAY_METRICS_CHANGED 
[02/03/26, 10:41:12:333] info: Breadcrumb: electron: screen.display-metrics-changed 
[02/03/26, 10:41:12:334] info: Store: DISPLAY_METRICS_CHANGED 
[02/03/26, 10:41:12:356] info: Breadcrumb: electron: screen.display-metrics-changed 
[02/03/26, 10:41:12:357] info: Store: DISPLAY_METRICS_CHANGED 
[02/03/26, 10:41:12:371] info: Breadcrumb: electron: screen.display-metrics-changed 
[02/03/26, 10:41:12:372] info: Store: DISPLAY_METRICS_CHANGED 
[02/03/26, 10:41:12:388] info: Breadcrumb: electron: screen.display-metrics-changed 
[02/03/26, 10:41:12:388] info: Store: DISPLAY_METRICS_CHANGED 
[02/03/26, 10:41:12:391] info: Breadcrumb: electron: screen.display-metrics-changed 
[02/03/26, 10:41:12:392] info: Store: DISPLAY_METRICS_CHANGED 
[02/03/26, 10:41:12:400] info: Breadcrumb: electron: screen.display-metrics-changed 
[02/03/26, 10:41:12:401] info: Store: DISPLAY_METRICS_CHANGED 
[02/03/26, 10:41:12:409] info: Breadcrumb: electron: screen.display-metrics-changed 
[02/03/26, 10:41:12:409] info: Store: DISPLAY_METRICS_CHANGED 
[02/03/26, 10:41:12:415] info: Breadcrumb: electron: screen.display-metrics-changed 
[02/03/26, 10:41:12:416] info: Store: DISPLAY_METRICS_CHANGED 
[02/03/26, 10:41:12:424] info: Breadcrumb: electron: screen.display-metrics-changed 
[02/03/26, 10:41:12:424] info: Store: DISPLAY_METRICS_CHANGED 
[02/03/26, 10:41:12:431] info: Breadcrumb: electron: screen.display-metrics-changed 
[02/03/26, 10:41:12:432] info: Store: DISPLAY_METRICS_CHANGED 
[02/03/26, 10:42:41:833] info: Breadcrumb: electron: screen.display-metrics-changed 
[02/03/26, 10:42:41:834] info: Store: DISPLAY_METRICS_CHANGED 
[02/03/26, 10:42:41:869] info: Breadcrumb: electron: screen.display-metrics-changed 
[02/03/26, 10:42:41:870] info: Store: DISPLAY_METRICS_CHANGED 
[02/03/26, 10:42:41:894] info: Breadcrumb: electron: screen.display-metrics-changed 
[02/03/26, 10:42:41:895] info: Store: DISPLAY_METRICS_CHANGED 
[02/03/26, 10:42:41:914] info: Breadcrumb: electron: screen.display-metrics-changed 
[02/03/26, 10:42:41:915] info: Store: DISPLAY_METRICS_CHANGED 
[02/03/26, 10:42:41:930] info: Breadcrumb: electron: screen.display-metrics-changed 
[02/03/26, 10:42:41:931] info: Store: DISPLAY_METRICS_CHANGED 
[02/03/26, 10:42:41:942] info: Breadcrumb: electron: screen.display-metrics-changed 
[02/03/26, 10:42:41:943] info: Store: DISPLAY_METRICS_CHANGED 
[02/03/26, 10:42:41:959] info: Breadcrumb: electron: screen.display-metrics-changed 
[02/03/26, 10:42:41:959] info: Store: DISPLAY_METRICS_CHANGED 
[02/03/26, 10:42:41:973] info: Breadcrumb: electron: screen.display-metrics-changed 
[02/03/26, 10:42:41:973] info: Store: DISPLAY_METRICS_CHANGED 
[02/03/26, 10:42:41:980] info: Breadcrumb: electron: screen.display-metrics-changed 
[02/03/26, 10:42:41:981] info: Store: DISPLAY_METRICS_CHANGED 
[02/03/26, 10:42:41:989] info: Breadcrumb: electron: screen.display-metrics-changed 
[02/03/26, 10:42:41:989] info: Store: DISPLAY_METRICS_CHANGED 
[02/03/26, 10:42:49:690] info: Store: SET_SYSTEM_IDLE active
[02/03/26, 10:42:51:981] info: Breadcrumb: electron: window.focus 
{
  "id": 1,
  "url": "[REDACTED]"
}
[02/03/26, 10:42:51:981] info: Breadcrumb: electron: app.browser-window-focus 
[02/03/26, 10:42:51:982] info: Store: SET_WINDOW_FRAME 
{
  "id": 1,
  "frame": {
    "isFocused": true
  },
  "fromEvent": true
}
[02/03/26, 10:42:55:471] info: Breadcrumb: electron: window.blur 
{
  "id": 1,
  "url": "[REDACTED]"
}
[02/03/26, 10:42:55:471] info: Breadcrumb: electron: app.browser-window-blur 
[02/03/26, 10:42:55:471] info: Store: SET_WINDOW_FRAME 
{
  "id": 1,
  "frame": {
    "isFocused": false
  },
  "fromEvent": true
}
[02/03/26, 10:43:00:961] info: Breadcrumb: electron: window.focus 
{
  "id": 1,
  "url": "[REDACTED]"
}
[02/03/26, 10:43:00:962] info: Breadcrumb: electron: app.browser-window-focus 
[02/03/26, 10:43:00:962] info: Store: SET_WINDOW_FRAME 
{
  "id": 1,
  "frame": {
    "isFocused": true
  },
  "fromEvent": true
}
[02/03/26, 10:43:01:170] info: Permission check granted: 
{
  "isMainFrame": true,
  "permission": "media",
  "requestingOrigin": "https://app.slack.com/",
  "requestingUrl": "https://app.slack.com/client/T06AU05DL0L/D07MJ421FB5",
  "securityOrigin": null,
  "mediaType": "video",
  "slackChildWindowRequest": {
    "result": false,
    "reason": "Not child window URL"
  }
}
[02/03/26, 10:43:01:170] info: Permission check granted: 
{
  "isMainFrame": true,
  "permission": "media",
  "requestingOrigin": "https://app.slack.com/",
  "requestingUrl": "https://app.slack.com/client/T06AU05DL0L/D07MJ421FB5",
  "securityOrigin": null,
  "mediaType": "audio",
  "slackChildWindowRequest": {
    "result": false,
    "reason": "Not child window URL"
  }
}
[02/03/26, 10:43:01:171] info: Permission check granted: 
{
  "isMainFrame": true,
  "permission": "geolocation",
  "requestingOrigin": "https://app.slack.com/",
  "requestingUrl": "https://app.slack.com/client/T06AU05DL0L/D07MJ421FB5",
  "securityOrigin": null,
  "slackChildWindowRequest": {
    "result": false,
    "reason": "Not child window URL"
  }
}
[02/03/26, 10:43:01:171] info: Permission check granted: 
{
  "isMainFrame": true,
  "permission": "window-management",
  "requestingOrigin": "https://app.slack.com/",
  "requestingUrl": "https://app.slack.com/client/T06AU05DL0L/D07MJ421FB5",
  "securityOrigin": null,
  "slackChildWindowRequest": {
    "result": false,
    "reason": "Not child window URL"
  }
}
[02/03/26, 10:43:01:190] info: Store: EXTEND_MENU T06AU05DL0L: menucategory-file,menucategory-view,menucategory-edit,menucategory-help,menucategory-history
[02/03/26, 10:43:03:846] info: Permission check granted: 
{
  "isMainFrame": true,
  "permission": "media",
  "requestingOrigin": "https://app.slack.com/",
  "requestingUrl": "https://app.slack.com/client/T06AU05DL0L/C06U9KZMPT8",
  "securityOrigin": null,
  "mediaType": "video",
  "slackChildWindowRequest": {
    "result": false,
    "reason": "Not child window URL"
  }
}
[02/03/26, 10:43:03:847] info: Permission check granted: 
{
  "isMainFrame": true,
  "permission": "media",
  "requestingOrigin": "https://app.slack.com/",
  "requestingUrl": "https://app.slack.com/client/T06AU05DL0L/C06U9KZMPT8",
  "securityOrigin": null,
  "mediaType": "audio",
  "slackChildWindowRequest": {
    "result": false,
    "reason": "Not child window URL"
  }
}
[02/03/26, 10:43:03:847] info: Permission check granted: 
{
  "isMainFrame": true,
  "permission": "geolocation",
  "requestingOrigin": "https://app.slack.com/",
  "requestingUrl": "https://app.slack.com/client/T06AU05DL0L/C06U9KZMPT8",
  "securityOrigin": null,
  "slackChildWindowRequest": {
    "result": false,
    "reason": "Not child window URL"
  }
}
[02/03/26, 10:43:03:847] info: Permission check granted: 
{
  "isMainFrame": true,
  "permission": "window-management",
  "requestingOrigin": "https://app.slack.com/",
  "requestingUrl": "https://app.slack.com/client/T06AU05DL0L/C06U9KZMPT8",
  "securityOrigin": null,
  "slackChildWindowRequest": {
    "result": false,
    "reason": "Not child window URL"
  }
}
[02/03/26, 10:43:03:856] info: Store: EXTEND_MENU T06AU05DL0L: menucategory-file,menucategory-view,menucategory-edit,menucategory-help,menucategory-history
[02/03/26, 10:43:14:113] info: Breadcrumb: electron: window.blur 
{
  "id": 1,
  "url": "[REDACTED]"
}
[02/03/26, 10:43:14:114] info: Breadcrumb: electron: app.browser-window-blur 
[02/03/26, 10:43:14:114] info: Store: SET_WINDOW_FRAME 
{
  "id": 1,
  "frame": {
    "isFocused": false
  },
  "fromEvent": true
}
[02/03/26, 10:43:16:630] info: Breadcrumb: electron: window.focus 
{
  "id": 1,
  "url": "[REDACTED]"
}
[02/03/26, 10:43:16:630] info: Breadcrumb: electron: app.browser-window-focus 
[02/03/26, 10:43:16:630] info: Store: SET_WINDOW_FRAME 
{
  "id": 1,
  "frame": {
    "isFocused": true
  },
  "fromEvent": true
}
[02/03/26, 10:43:36:939] info: Permission check granted: 
{
  "isMainFrame": true,
  "permission": "media",
  "requestingOrigin": "https://app.slack.com/",
  "requestingUrl": "https://app.slack.com/client/T06AU05DL0L/C06ARGB5GCS",
  "securityOrigin": null,
  "mediaType": "video",
  "slackChildWindowRequest": {
    "result": false,
    "reason": "Not child window URL"
  }
}
[02/03/26, 10:43:36:940] info: Permission check granted: 
{
  "isMainFrame": true,
  "permission": "media",
  "requestingOrigin": "https://app.slack.com/",
  "requestingUrl": "https://app.slack.com/client/T06AU05DL0L/C06ARGB5GCS",
  "securityOrigin": null,
  "mediaType": "audio",
  "slackChildWindowRequest": {
    "result": false,
    "reason": "Not child window URL"
  }
}
[02/03/26, 10:43:36:940] info: Permission check granted: 
{
  "isMainFrame": true,
  "permission": "geolocation",
  "requestingOrigin": "https://app.slack.com/",
  "requestingUrl": "https://app.slack.com/client/T06AU05DL0L/C06ARGB5GCS",
  "securityOrigin": null,
  "slackChildWindowRequest": {
    "result": false,
    "reason": "Not child window URL"
  }
}
[02/03/26, 10:43:36:940] info: Permission check granted: 
{
  "isMainFrame": true,
  "permission": "window-management",
  "requestingOrigin": "https://app.slack.com/",
  "requestingUrl": "https://app.slack.com/client/T06AU05DL0L/C06ARGB5GCS",
  "securityOrigin": null,
  "slackChildWindowRequest": {
    "result": false,
    "reason": "Not child window URL"
  }
}
[02/03/26, 10:43:36:948] info: Store: EXTEND_MENU T06AU05DL0L: menucategory-file,menucategory-view,menucategory-edit,menucategory-help,menucategory-history
[02/03/26, 10:43:52:461] info: Permission check granted: 
{
  "isMainFrame": true,
  "permission": "media",
  "requestingOrigin": "https://app.slack.com/",
  "requestingUrl": "https://app.slack.com/client/T06AU05DL0L/C06U9KZMPT8",
  "securityOrigin": null,
  "mediaType": "video",
  "slackChildWindowRequest": {
    "result": false,
    "reason": "Not child window URL"
  }
}
[02/03/26, 10:43:52:461] info: Permission check granted: 
{
  "isMainFrame": true,
  "permission": "media",
  "requestingOrigin": "https://app.slack.com/",
  "requestingUrl": "https://app.slack.com/client/T06AU05DL0L/C06U9KZMPT8",
  "securityOrigin": null,
  "mediaType": "audio",
  "slackChildWindowRequest": {
    "result": false,
    "reason": "Not child window URL"
  }
}
[02/03/26, 10:43:52:461] info: Permission check granted: 
{
  "isMainFrame": true,
  "permission": "geolocation",
  "requestingOrigin": "https://app.slack.com/",
  "requestingUrl": "https://app.slack.com/client/T06AU05DL0L/C06U9KZMPT8",
  "securityOrigin": null,
  "slackChildWindowRequest": {
    "result": false,
    "reason": "Not child window URL"
  }
}
[02/03/26, 10:43:52:461] info: Permission check granted: 
{
  "isMainFrame": true,
  "permission": "window-management",
  "requestingOrigin": "https://app.slack.com/",
  "requestingUrl": "https://app.slack.com/client/T06AU05DL0L/C06U9KZMPT8",
  "securityOrigin": null,
  "slackChildWindowRequest": {
    "result": false,
    "reason": "Not child window URL"
  }
}
[02/03/26, 10:44:29:733] info: Store: SET_SYSTEM_IDLE idle
[02/03/26, 10:44:35:823] info: Feature Check: requesting features from https://app.slack.com/api/ 
[02/03/26, 10:44:36:043] info: Breadcrumb: electron.net: undefined 
{
  "url": "[REDACTED]",
  "method": "GET",
  "status_code": 200
}
[02/03/26, 10:44:36:045] info: Feature Check: received experiments 
{
  "ok": true,
  "experiments": [
    {
      "experiment": "",
      "disable_chrome_features": [
        "PostQuantumKyber"
      ],
      "type": "normal"
    },
    {
      "experiment": "ripcord_document_policy_include_js_call_stacks",
      "enable_chrome_features": [
        "DocumentPolicyIncludeJSCallStacksInCrashReports"
      ],
      "type": "normal"
    },
    {
      "experiment": "ripcord_desktop_disable_windows_display_crash_feature",
      "disable_chrome_features": [
        "SkipEmptyDisplayHotplugEvent"
      ],
      "type": "normal"
    },
    {
      "experiment": "ripcord_force_color_profile",
      "add_browser_command_line_args": [
        "--force-color-profile=display-p3-d65"
      ],
      "type": "normal",
      "filter": {
        "platform": [
          "darwin"
        ]
      }
    },
    {
      "experiment": "ripcord_disable_blink_customizable_select",
      "disable_blink_features": [
        "CustomizableSelect"
      ],
      "type": "normal"
    },
    {
      "experiment": "ripcord_enumerate_devices_relaxed_cache",
      "disable_chrome_features": [
        "EnumerateDevicesRelaxedCache"
      ],
      "type": "normal"
    },
    {
      "experiment": "",
      "enable_slack_features": [
        "desktop_loading_screen"
      ],
      "type": "normal"
    },
    {
      "experiment": "desktop_extended_unresponsive_timeout",
      "enable_slack_features": [
        "extended_unresponsive_timeout"
      ],
      "type": "normal"
    }
  ]
}
[02/03/26, 10:44:39:459] info: Permission check granted: 
{
  "isMainFrame": true,
  "permission": "media",
  "requestingOrigin": "https://app.slack.com/",
  "requestingUrl": "https://app.slack.com/client/T06AU05DL0L/C06U9KZMPT8",
  "securityOrigin": null,
  "mediaType": "video",
  "slackChildWindowRequest": {
    "result": false,
    "reason": "Not child window URL"
  }
}
[02/03/26, 10:44:39:459] info: Permission check granted: 
{
  "isMainFrame": true,
  "permission": "media",
  "requestingOrigin": "https://app.slack.com/",
  "requestingUrl": "https://app.slack.com/client/T06AU05DL0L/C06U9KZMPT8",
  "securityOrigin": null,
  "mediaType": "audio",
  "slackChildWindowRequest": {
    "result": false,
    "reason": "Not child window URL"
  }
}
[02/03/26, 10:44:39:460] info: Permission check granted: 
{
  "isMainFrame": true,
  "permission": "geolocation",
  "requestingOrigin": "https://app.slack.com/",
  "requestingUrl": "https://app.slack.com/client/T06AU05DL0L/C06U9KZMPT8",
  "securityOrigin": null,
  "slackChildWindowRequest": {
    "result": false,
    "reason": "Not child window URL"
  }
}
[02/03/26, 10:44:39:460] info: Permission check granted: 
{
  "isMainFrame": true,
  "permission": "window-management",
  "requestingOrigin": "https://app.slack.com/",
  "requestingUrl": "https://app.slack.com/client/T06AU05DL0L/C06U9KZMPT8",
  "securityOrigin": null,
  "slackChildWindowRequest": {
    "result": false,
    "reason": "Not child window URL"
  }
}
[02/03/26, 10:44:39:470] info: Store: EXTEND_MENU T06AU05DL0L: menucategory-file,menucategory-view,menucategory-edit,menucategory-help,menucategory-history
[02/03/26, 10:44:39:735] info: Store: SET_SYSTEM_IDLE active
[02/03/26, 10:44:42:006] info: Permission check granted: 
{
  "isMainFrame": true,
  "permission": "media",
  "requestingOrigin": "https://app.slack.com/",
  "requestingUrl": "https://app.slack.com/client/T06AU05DL0L/C06AB0RTDE3",
  "securityOrigin": null,
  "mediaType": "video",
  "slackChildWindowRequest": {
    "result": false,
    "reason": "Not child window URL"
  }
}
[02/03/26, 10:44:42:006] info: Permission check granted: 
{
  "isMainFrame": true,
  "permission": "media",
  "requestingOrigin": "https://app.slack.com/",
  "requestingUrl": "https://app.slack.com/client/T06AU05DL0L/C06AB0RTDE3",
  "securityOrigin": null,
  "mediaType": "audio",
  "slackChildWindowRequest": {
    "result": false,
    "reason": "Not child window URL"
  }
}
[02/03/26, 10:44:42:006] info: Permission check granted: 
{
  "isMainFrame": true,
  "permission": "geolocation",
  "requestingOrigin": "https://app.slack.com/",
  "requestingUrl": "https://app.slack.com/client/T06AU05DL0L/C06AB0RTDE3",
  "securityOrigin": null,
  "slackChildWindowRequest": {
    "result": false,
    "reason": "Not child window URL"
  }
}
[02/03/26, 10:44:42:006] info: Permission check granted: 
{
  "isMainFrame": true,
  "permission": "window-management",
  "requestingOrigin": "https://app.slack.com/",
  "requestingUrl": "https://app.slack.com/client/T06AU05DL0L/C06AB0RTDE3",
  "securityOrigin": null,
  "slackChildWindowRequest": {
    "result": false,
    "reason": "Not child window URL"
  }
}
[02/03/26, 10:44:42:009] info: Store: EXTEND_MENU T06AU05DL0L: menucategory-file,menucategory-view,menucategory-edit,menucategory-help,menucategory-history
[02/03/26, 10:44:55:336] info: Breadcrumb: electron: window.blur 
{
  "id": 1,
  "url": "[REDACTED]"
}
[02/03/26, 10:44:55:336] info: Breadcrumb: electron: app.browser-window-blur 
[02/03/26, 10:44:55:337] info: Store: SET_WINDOW_FRAME 
{
  "id": 1,
  "frame": {
    "isFocused": false
  },
  "fromEvent": true
}
[02/03/26, 10:45:39:757] info: Store: SET_SYSTEM_IDLE idle
[02/03/26, 10:46:29:787] info: Store: SET_SYSTEM_IDLE active
[02/03/26, 10:47:39:977] info: Breadcrumb: electron: window.focus 
{
  "id": 1,
  "url": "[REDACTED]"
}
[02/03/26, 10:47:39:978] info: Breadcrumb: electron: app.browser-window-focus 
[02/03/26, 10:47:39:978] info: Store: SET_WINDOW_FRAME 
{
  "id": 1,
  "frame": {
    "isFocused": true
  },
  "fromEvent": true
}
[02/03/26, 10:47:58:099] info: Breadcrumb: electron: window.blur 
{
  "id": 1,
  "url": "[REDACTED]"
}
[02/03/26, 10:47:58:099] info: Breadcrumb: electron: app.browser-window-blur 
[02/03/26, 10:47:58:099] info: Store: SET_WINDOW_FRAME 
{
  "id": 1,
  "frame": {
    "isFocused": false
  },
  "fromEvent": true
}
[02/03/26, 10:51:58:318] info: Breadcrumb: electron: window.focus 
{
  "id": 1,
  "url": "[REDACTED]"
}
[02/03/26, 10:51:58:319] info: Breadcrumb: electron: app.browser-window-focus 
[02/03/26, 10:51:58:319] info: Store: SET_WINDOW_FRAME 
{
  "id": 1,
  "frame": {
    "isFocused": true
  },
  "fromEvent": true
}
[02/03/26, 10:52:20:135] info: actionForExternalWindowURL: Opening external window 
[02/03/26, 10:52:20:140] info: openExternal: Successfully opened external URL 
{
  "protocol": "https:",
  "trigger": 0
}
[02/03/26, 10:52:20:883] info: Breadcrumb: electron: window.blur 
{
  "id": 1,
  "url": "[REDACTED]"
}
[02/03/26, 10:52:20:883] info: Breadcrumb: electron: app.browser-window-blur 
[02/03/26, 10:52:20:884] info: Store: SET_WINDOW_FRAME 
{
  "id": 1,
  "frame": {
    "isFocused": false
  },
  "fromEvent": true
}
[02/03/26, 10:53:26:349] info: Breadcrumb: electron.net: undefined 
{
  "url": "[REDACTED]",
  "method": "POST",
  "status_code": 200
}
[02/03/26, 10:55:40:137] info: Store: SET_SYSTEM_IDLE idle
[02/03/26, 10:56:00:142] info: Store: SET_SYSTEM_IDLE active
[02/03/26, 10:56:30:161] info: Store: SET_SYSTEM_IDLE idle
[02/03/26, 10:57:08:709] info: Breadcrumb: electron: window.focus 
{
  "id": 1,
  "url": "[REDACTED]"
}
[02/03/26, 10:57:08:710] info: Breadcrumb: electron: app.browser-window-focus 
[02/03/26, 10:57:08:710] info: Store: SET_WINDOW_FRAME 
{
  "id": 1,
  "frame": {
    "isFocused": true
  },
  "fromEvent": true
}
[02/03/26, 10:57:10:172] info: Store: SET_SYSTEM_IDLE active
[02/03/26, 10:57:10:952] info: Breadcrumb: electron: window.close 
{
  "id": 1,
  "url": "[REDACTED]"
}
[02/03/26, 10:57:10:954] info: Attempted to close the window, hiding due to run from tray 
[02/03/26, 10:57:10:955] info: Breadcrumb: electron: window.hide 
{
  "id": 1,
  "url": "[REDACTED]"
}
[02/03/26, 10:57:10:955] info: Store: SET_WINDOW_FRAME 
{
  "id": 1,
  "frame": {
    "isVisible": false
  },
  "fromEvent": true
}
[02/03/26, 10:57:10:959] info: Breadcrumb: electron: window.blur 
{
  "id": 1,
  "url": "[REDACTED]"
}
[02/03/26, 10:57:10:959] info: Breadcrumb: electron: app.browser-window-blur 
[02/03/26, 10:57:10:960] info: Store: SET_WINDOW_FRAME 
{
  "id": 1,
  "frame": {
    "isFocused": false
  },
  "fromEvent": true
}
[02/03/26, 10:57:10:965] info: Breadcrumb: electron: window.blur 
{
  "id": 1,
  "url": "[REDACTED]"
}
[02/03/26, 10:57:10:965] info: Breadcrumb: electron: app.browser-window-blur 
[02/04/26, 00:58:46:420] info: 
╔═════════════════════════════════════════════════════════╗
║      Slack 4.47.69, linux 6.18.7-zen1-1-zen on x64      ║
╚═════════════════════════════════════════════════════════╝ 
[02/04/26, 00:58:46:420] info: Configured logger via 
{
  "loggerInstanceCount": 1
}
[02/04/26, 00:58:46:428] info: Predefined values for process 
{
  "NODE_ENV": "production",
  "platform": "linux",
  "type": "browser",
  "timeZone": "Asia/Tokyo",
  "PACKAGE_MANIFEST.productName": "Slack",
  "PACKAGE_MANIFEST.version": "4.47.69",
  "PACKAGE_MANIFEST.commit": "72d60eb",
  "PACKAGE_MANIFEST.branch": "HEAD"
}
[02/04/26, 00:58:46:505] info: makeUuidFactory:: Read existing uuid for instance from persisted location:  
{
  "uuid": "774ac69c-cfe3-4792-b523-70ff122562d6"
}
[02/04/26, 00:58:46:506] info: getSentryDSN: Setting sentry URL to slack.com 
[02/04/26, 00:58:46:582] info: Breadcrumb: electron: app.will-finish-launching 
[02/04/26, 00:58:46:585] info: Breadcrumb: electron: app.ready 
[02/04/26, 00:58:46:595] info: Breadcrumb: electron: app.session-created 
[02/04/26, 00:58:46:597] info: Breadcrumb: electron: app.session-created 
[02/04/26, 00:58:46:602] info: Store: persist/PERSIST 
[02/04/26, 00:58:46:613] info: Store: persist/REHYDRATE 
{
  "appTeams": "[DEPRECATED]",
  "bookmarks": "[REDACTED]",
  "diagnostics": "Virtualization: none",
  "downloads": "No downloads",
  "settings": {
    "devToolsEnabled": false,
    "locale": "en-US",
    "notificationMethod": null,
    "releaseChannelOverride": null
  },
  "teams": "[DEPRECATED]",
  "webapp": "[REDACTED]",
  "workspaces": "2 workspaces: T06AU05DL0L,T08KF7TD5AN",
  "workspacesMeta": "Selected workspace: T06AU05DL0L",
  "_persist": "Persistence version: 1"
}
[02/04/26, 00:58:46:614] warn: Telemetry queued before configured 
{
  "event": 1001000
}
[02/04/26, 00:58:46:615] warn: Telemetry trace before configured 
{
  "eventName": "desktop_performance_record"
}
[02/04/26, 00:58:46:615] info: Initial Boot Timestamp: 1770134326261
        Boot Phase: REHYDRATE
        Duration: 4ms
        From Boot to REHYDRATE: 353ms
        Invoked on Startup: false
        CPU Speed: 100 
[02/04/26, 00:58:46:615] info: Store: RECORD_PERFORMANCE_TIMING 
{
  "phase": 0,
  "interval": 4
}
[02/04/26, 00:58:46:615] info: Store: UPDATE_SETTINGS 
{
  "locale": "en-US"
}
[02/04/26, 00:58:46:617] info: Store: INITIALIZE 
{
  "resourcePath": "/usr/lib/slack/resources/app.asar",
  "silent": true,
  "tsaToken": "[REDACTED]",
  "bootFragments": []
}
[02/04/26, 00:58:46:617] info: Store: SET_SESSION_MODE 
[02/04/26, 00:58:46:630] info: getLinuxDistro: osInfo 
{
  "os": "Arch Linux",
  "name": "Arch Linux",
  "release": null,
  "codename": null
}
[02/04/26, 00:58:46:630] warn: Couldn't get Linux distro info from /etc/os-release, trying fallback to get Linux distro info 
{
  "error": {
    "name": "Error",
    "stack": "Error: Missing OS or release info\n    at yG (/usr/lib/slack/resources/app.asar/dist/main.bundle.cjs:100:1053)\n    at async CG (/usr/lib/slack/resources/app.asar/dist/main.bundle.cjs:100:2482)\n    at async Object.initializeEnvironmentEpic_listener [as effect] (/usr/lib/slack/resources/app.asar/dist/main.bundle.cjs:100:1644)\n    at async L (/usr/lib/slack/resources/app.asar/dist/main.bundle.cjs:15:19181)",
    "message": "Missing OS or release info"
  }
}
[02/04/26, 00:58:46:632] info: getLinuxDistro: getos 
{
  "res": {
    "os": "linux",
    "dist": "Arch Linux",
    "release": "\"rolling\""
  }
}
[02/04/26, 00:58:46:632] info: initializeEnvironmentEpic: set user agent fallback 
{
  "userAgent": "Mozilla/5.0 (X11; Linux x86_64; Arch Linux \"rolling\"; KDE) AppleWebKit/537.36 (KHTML, like Gecko) Slack/4.47.69 Chrome/142.0.7444.177 Electron/39.2.4 Safari/537.36 Sonic Slack_SSB/4.47.69"
}
[02/04/26, 00:58:46:632] info: Store: READY 
{
  "resourcePath": "/usr/lib/slack/resources/app.asar",
  "silent": true,
  "tsaToken": "[REDACTED]",
  "bootFragments": [],
  "appVersion": "4.47.69",
  "arch": "x64",
  "isGpuCompositionAvailable": true,
  "platform": "linux",
  "platformVersion": {
    "major": 6,
    "minor": 18,
    "build": 7
  },
  "developerMenuOverride": false,
  "uuid": "774ac69c-cfe3-4792-b523-70ff122562d6",
  "applicationProcessSessionId": "Nzc0YWM2OWMtY2ZlMy00NzkyLWI1MjMtNzBmZjEyMjU2MmQ2XzE3NzAxMzQzMjY1MDU=",
  "distribution": "DDL",
  "clientEnvironment": 1000,
  "invokedOnStartup": false,
  "linux": {
    "os": "Arch Linux",
    "name": "Arch Linux \"rolling\"",
    "release": "\"rolling\"",
    "codename": "",
    "desktopEnvironment": "KDE"
  }
}
[02/04/26, 00:58:46:633] info: Store: SET_ACCESSIBILITY_SUPPORT_ENABLED 
[02/04/26, 00:58:46:633] info: initializeApplicationEpic: trying to set ntlm credential domain for session 
{
  "sessionId": "PROD_DEFAULT_SESSION"
}
[02/04/26, 00:58:46:634] info: initializeApplicationEpic: Setting spellcheck dictionary URL 
{
  "dictionaryUrl": "https://spellcheck.slack-edge.com/dictionaries_v2/"
}
[02/04/26, 00:58:46:634] info: initializeApplicationEpic: Welcome to Slack 4.47.69 x64 
[02/04/26, 00:58:46:634] info: Store: CREATE_WINDOW 
{
  "type": "main"
}
[02/04/26, 00:58:46:636] info: logExternalConfigEpic: initial external config 
{
  "defaults": {}
}
[02/04/26, 00:58:46:637] info: makeUuidFactory:: Read existing uuid for tray from persisted location:  
{
  "uuid": "9a73d20c-6a81-41e6-89c2-ed3a098c92f0"
}
[02/04/26, 00:58:46:643] info: Breadcrumb: electron: powerMonitor.newListener 
[02/04/26, 00:58:46:643] info: Breadcrumb: electron: powerMonitor.newListener 
[02/04/26, 00:58:46:643] info: Breadcrumb: electron: powerMonitor.newListener 
[02/04/26, 00:58:46:643] info: getIsUpdateSupported: Updates are not supported 
{
  "version": "4.47.69",
  "reasons": [
    "using Linux"
  ],
  "distribution": "DDL",
  "executable": "/usr/lib/slack"
}
[02/04/26, 00:58:46:652] info: Breadcrumb: electron: app.web-contents-created 
[02/04/26, 00:58:46:653] info: Breadcrumb: electron: app.browser-window-created 
[02/04/26, 00:58:46:659] info: Store: WINDOW_CREATED 
{
  "type": "main",
  "webappType": "app",
  "id": 1,
  "frame": {
    "isHtmlFullScreen": false,
    "isCurrentlyAudible": false,
    "isFullScreen": false,
    "isMinimized": false,
    "isMaximized": false,
    "isVisible": false,
    "isFocused": false,
    "bounds": {
      "x": 0,
      "y": 0,
      "width": 1200,
      "height": 800
    },
    "hasVibrancy": false,
    "isAlwaysOnTop": false
  }
}
[02/04/26, 00:58:46:660] info: Initial Boot Timestamp: 1770134326261
        Boot Phase: MAIN_WINDOW_CREATED
        Duration: 46ms
        From Boot to MAIN_WINDOW_CREATED: 399ms
        Invoked on Startup: false
        CPU Speed: 100 
[02/04/26, 00:58:46:661] info: Watching for keyboard layout changes 
[02/04/26, 00:58:46:662] info: Store: RECORD_PERFORMANCE_TIMING 
{
  "phase": 1,
  "interval": 46
}
[02/04/26, 00:58:46:663] info: Breadcrumb: electron: powerMonitor.newListener 
[02/04/26, 00:58:46:663] info: Breadcrumb: electron: powerMonitor.newListener 
[02/04/26, 00:58:46:665] info: initialSettingsPayload: trying to invalidate settings 
{
  "payload": {}
}
[02/04/26, 00:58:46:665] info: Store: SET_UPDATE_SUPPORTED 
[02/04/26, 00:58:46:668] info: Feature Check: requesting features from https://app.slack.com/api/ 
[02/04/26, 00:58:46:669] info: Breadcrumb: electron: powerMonitor.newListener 
[02/04/26, 00:58:46:669] info: Breadcrumb: electron: powerMonitor.newListener 
[02/04/26, 00:58:46:669] info: Breadcrumb: electron: powerMonitor.newListener 
[02/04/26, 00:58:46:933] warn: Failed to install protocol handler for slack:// links 
[02/04/26, 00:58:46:933] info: Startup Display id=65 at (0, 0) [1280 x 800] 
[02/04/26, 00:58:46:934] info: registerLifeCycleEvents: Registering webContents:1 
[02/04/26, 00:58:46:934] info: registerLifeCycleEvents: webContents:1 is type 'app' 
[02/04/26, 00:58:46:934] info: Store: UPSERT_WEB_CONTENTS 
{
  "id": 1,
  "state": "unloaded",
  "type": "app"
}
[02/04/26, 00:58:46:938] info: getSonicBaseURL: 
{
  "url": "https://app.slack.com"
}
[02/04/26, 00:58:46:938] info: Permission check denied: 
{
  "isMainFrame": true,
  "permission": "media",
  "requestingOrigin": null,
  "requestingUrl": null,
  "securityOrigin": null,
  "mediaType": "video",
  "slackChildWindowRequest": {
    "result": false,
    "reason": "Not child window URL"
  }
}
[02/04/26, 00:58:46:938] info: Permission check denied: 
{
  "isMainFrame": true,
  "permission": "media",
  "requestingOrigin": null,
  "requestingUrl": null,
  "securityOrigin": null,
  "mediaType": "audio",
  "slackChildWindowRequest": {
    "result": false,
    "reason": "Not child window URL"
  }
}
[02/04/26, 00:58:46:938] info: Permission check denied: 
{
  "isMainFrame": true,
  "permission": "geolocation",
  "requestingOrigin": null,
  "requestingUrl": null,
  "securityOrigin": null,
  "slackChildWindowRequest": {
    "result": false,
    "reason": "Not child window URL"
  }
}
[02/04/26, 00:58:46:938] info: Permission check denied: 
{
  "isMainFrame": true,
  "permission": "window-management",
  "requestingOrigin": null,
  "requestingUrl": null,
  "securityOrigin": null,
  "slackChildWindowRequest": {
    "result": false,
    "reason": "Not child window URL"
  }
}
[02/04/26, 00:58:46:967] info: Breadcrumb: electron: app.gpu-info-update 
[02/04/26, 00:58:46:968] info: collectSystemInfo: Received app.gpu-info-update event 
[02/04/26, 00:58:46:969] info: Breadcrumb: electron: screen.display-metrics-changed 
[02/04/26, 00:58:46:969] info: Store: DISPLAY_METRICS_CHANGED 
[02/04/26, 00:58:46:970] info: Breadcrumb: electron: screen.display-metrics-changed 
[02/04/26, 00:58:46:973] info: Store: DISPLAY_METRICS_CHANGED 
[02/04/26, 00:58:47:030] info: Breadcrumb: electron: screen.display-metrics-changed 
[02/04/26, 00:58:47:030] info: Store: DISPLAY_METRICS_CHANGED 
[02/04/26, 00:58:47:033] info: System configuration information 
{
  "info": {
    "total_memory_in_gb": 15,
    "gpuFeatures": {
      "2d_canvas": "enabled",
      "direct_rendering_display_compositor": "disabled_off_ok",
      "gpu_compositing": "enabled",
      "multiple_raster_threads": "enabled_on",
      "opengl": "enabled_on",
      "rasterization": "enabled",
      "raw_draw": "disabled_off_ok",
      "skia_graphite": "disabled_off",
      "trees_in_viz": "disabled_off",
      "video_decode": "enabled",
      "video_encode": "disabled_software",
      "vulkan": "disabled_off",
      "webgl": "enabled",
      "webgl2": "enabled",
      "webgpu": "disabled_off",
      "webnn": "disabled_off"
    },
    "cpu_model": "12th Gen Intel(R) Core(TM) i5-12500H",
    "cpu_logical_core": 16,
    "cpu_clock_speed": 4200,
    "gpuDevice": [
      {
        "active": true,
        "deviceId": 9641,
        "gpuPreference": 0,
        "vendorId": 4318
      },
      {
        "active": false,
        "deviceId": 18086,
        "gpuPreference": 0,
        "vendorId": 32902
      }
    ],
    "machine_model_name": "unknown",
    "machine_model_version": "unknown",
    "crash_db_size_kb": 1
  }
}
[02/04/26, 00:58:47:033] info: Store: SET_HW_ACCEL_AVAILABILITY enabled
[02/04/26, 00:58:47:214] info: Breadcrumb: electron: renderer.dom-ready 
{
  "id": 1,
  "url": "[REDACTED]"
}
[02/04/26, 00:58:47:214] info: registerLifeCycleEvents: webContents:1 from 'unloaded' to 'loaded' took 280 ms 
[02/04/26, 00:58:47:214] info: Store: UPSERT_WEB_CONTENTS 
{
  "id": 1,
  "state": "loaded"
}
[02/04/26, 00:58:47:215] info: Initial Boot Timestamp: 1770134326261
        Boot Phase: WEB_CONTENTS_DOM_READY
        Duration: 555ms
        From Boot to WEB_CONTENTS_DOM_READY: 954ms
        Invoked on Startup: false
        CPU Speed: 100 
[02/04/26, 00:58:47:216] info: Store: RECORD_PERFORMANCE_TIMING 
{
  "phase": 2,
  "interval": 555
}
[02/04/26, 00:58:47:216] info: initializeMainWindowEpic: Showing main window 
{
  "maximized": false,
  "shouldHide": false,
  "fullScreen": false
}
[02/04/26, 00:58:47:216] info: Breadcrumb: electron: window.show 
{
  "id": 1,
  "url": "[REDACTED]"
}
[02/04/26, 00:58:47:217] info: Store: SET_WINDOW_FRAME 
{
  "id": 1,
  "frame": {
    "isVisible": true
  },
  "fromEvent": true
}
[02/04/26, 00:58:47:217] info: Store: MAIN_WINDOW_SHOWN 
[02/04/26, 00:58:47:218] info: Store: CLEAR_NOTIFICATIONS 
[02/04/26, 00:58:47:294] info: Breadcrumb: electron: window.focus 
{
  "id": 1,
  "url": "[REDACTED]"
}
[02/04/26, 00:58:47:294] info: Breadcrumb: electron: app.browser-window-focus 
[02/04/26, 00:58:47:294] info: Store: SET_WINDOW_FRAME 
{
  "id": 1,
  "frame": {
    "isFocused": true
  },
  "fromEvent": true
}
[02/04/26, 00:58:47:297] info: Breadcrumb: electron: window.ready-to-show 
{
  "id": 1,
  "url": "[REDACTED]"
}
[02/04/26, 00:58:47:390] info: Breadcrumb: electron.net: undefined 
{
  "url": "[REDACTED]",
  "method": "GET",
  "status_code": 200
}
[02/04/26, 00:58:47:391] info: Feature Check: received experiments 
{
  "ok": true,
  "experiments": [
    {
      "experiment": "",
      "disable_chrome_features": [
        "PostQuantumKyber"
      ],
      "type": "normal"
    },
    {
      "experiment": "ripcord_document_policy_include_js_call_stacks",
      "enable_chrome_features": [
        "DocumentPolicyIncludeJSCallStacksInCrashReports"
      ],
      "type": "normal"
    },
    {
      "experiment": "ripcord_desktop_disable_windows_display_crash_feature",
      "disable_chrome_features": [
        "SkipEmptyDisplayHotplugEvent"
      ],
      "type": "normal"
    },
    {
      "experiment": "ripcord_force_color_profile",
      "add_browser_command_line_args": [
        "--force-color-profile=display-p3-d65"
      ],
      "type": "normal",
      "filter": {
        "platform": [
          "darwin"
        ]
      }
    },
    {
      "experiment": "ripcord_disable_blink_customizable_select",
      "disable_blink_features": [
        "CustomizableSelect"
      ],
      "type": "normal"
    },
    {
      "experiment": "ripcord_enumerate_devices_relaxed_cache",
      "disable_chrome_features": [
        "EnumerateDevicesRelaxedCache"
      ],
      "type": "normal"
    },
    {
      "experiment": "",
      "enable_slack_features": [
        "desktop_loading_screen"
      ],
      "type": "normal"
    },
    {
      "experiment": "desktop_extended_unresponsive_timeout",
      "enable_slack_features": [
        "extended_unresponsive_timeout"
      ],
      "type": "normal"
    }
  ]
}
[02/04/26, 00:58:47:396] info: Store: UPDATE_DESKTOP_FEATURES 
[
  "desktop_loading_screen",
  "extended_unresponsive_timeout"
]
[02/04/26, 00:58:47:397] info: Store: UPDATE_SETTINGS 
{
  "signInMethod": "browser"
}
[02/04/26, 00:58:47:398] info: Store: UPDATE_SETTINGS 
{
  "devToolsEnabled": false
}
[02/04/26, 00:58:47:398] info: applyDesktopFeaturesAppEpic: enabled following features 
[
  "desktop_loading_screen",
  "extended_unresponsive_timeout"
]
[02/04/26, 00:58:47:576] info: Breadcrumb: electron.net: undefined 
{
  "url": "[REDACTED]",
  "method": "POST",
  "status_code": 200
}
[02/04/26, 00:58:47:586] info: Breadcrumb: electron.net: undefined 
{
  "url": "[REDACTED]",
  "method": "POST",
  "status_code": 200
}
[02/04/26, 00:58:47:603] info: Breadcrumb: electron.net: undefined 
{
  "url": "[REDACTED]",
  "method": "POST",
  "status_code": 200
}
[02/04/26, 00:58:47:614] info: Breadcrumb: electron.net: undefined 
{
  "url": "[REDACTED]",
  "method": "POST",
  "status_code": 200
}
[02/04/26, 00:58:47:632] info: Breadcrumb: electron.net: undefined 
{
  "url": "[REDACTED]",
  "method": "POST",
  "status_code": 200
}
[02/04/26, 00:58:47:645] info: Store: UPDATE_SETTINGS 
{
  "userTheme": "dark"
}
[02/04/26, 00:58:47:646] info: Store: UPDATE_SETTINGS 
{
  "systemThemeSyncEnabled": true
}
[02/04/26, 00:58:47:647] info: waitAuthCookieChange: waiting for auth change for session 
{
  "sessionId": "PROD_DEFAULT_SESSION"
}
[02/04/26, 00:58:47:673] info: Store: SELECTION_CHANGED T06AU05DL0L
[02/04/26, 00:58:47:731] info: Permission check granted: 
{
  "isMainFrame": true,
  "permission": "background-sync",
  "requestingOrigin": "https://app.slack.com/",
  "requestingUrl": "https://app.slack.com/client/T06AU05DL0L",
  "securityOrigin": null,
  "slackChildWindowRequest": {
    "result": false,
    "reason": "Not child window URL"
  }
}
[02/04/26, 00:58:47:806] info: Permission check denied: 
{
  "isMainFrame": false,
  "permission": "media",
  "requestingOrigin": "https://app.slack.com/",
  "requestingUrl": null,
  "securityOrigin": null,
  "mediaType": "video",
  "slackChildWindowRequest": false
}
[02/04/26, 00:58:47:806] info: Permission check denied: 
{
  "isMainFrame": false,
  "permission": "media",
  "requestingOrigin": "https://app.slack.com/",
  "requestingUrl": null,
  "securityOrigin": null,
  "mediaType": "audio",
  "slackChildWindowRequest": false
}
[02/04/26, 00:58:47:806] info: Permission check denied: 
{
  "isMainFrame": false,
  "permission": "geolocation",
  "requestingOrigin": "https://app.slack.com/",
  "requestingUrl": null,
  "securityOrigin": null,
  "slackChildWindowRequest": false
}
[02/04/26, 00:58:47:807] info: Permission check denied: 
{
  "isMainFrame": false,
  "permission": "window-management",
  "requestingOrigin": "https://app.slack.com/",
  "requestingUrl": null,
  "securityOrigin": null,
  "slackChildWindowRequest": false
}
[02/04/26, 00:58:48:873] info: Store: REDUX_UPDATE_FROM_WEBAPP (T06AU05DL0L) Changed keys [theme,notificationPrefs,connectivityPrefs,featureFlags,unreads,locale,version,frontendBuildType,userId]
[02/04/26, 00:58:48:882] info: Permission check granted: 
{
  "isMainFrame": true,
  "permission": "media",
  "requestingOrigin": "https://app.slack.com/",
  "requestingUrl": "https://app.slack.com/client/T06AU05DL0L",
  "securityOrigin": null,
  "mediaType": "video",
  "slackChildWindowRequest": {
    "result": false,
    "reason": "Not child window URL"
  }
}
[02/04/26, 00:58:48:882] info: Permission check granted: 
{
  "isMainFrame": true,
  "permission": "media",
  "requestingOrigin": "https://app.slack.com/",
  "requestingUrl": "https://app.slack.com/client/T06AU05DL0L",
  "securityOrigin": null,
  "mediaType": "audio",
  "slackChildWindowRequest": {
    "result": false,
    "reason": "Not child window URL"
  }
}
[02/04/26, 00:58:48:882] info: Permission check granted: 
{
  "isMainFrame": true,
  "permission": "geolocation",
  "requestingOrigin": "https://app.slack.com/",
  "requestingUrl": "https://app.slack.com/client/T06AU05DL0L",
  "securityOrigin": null,
  "slackChildWindowRequest": {
    "result": false,
    "reason": "Not child window URL"
  }
}
[02/04/26, 00:58:48:882] info: Permission check granted: 
{
  "isMainFrame": true,
  "permission": "window-management",
  "requestingOrigin": "https://app.slack.com/",
  "requestingUrl": "https://app.slack.com/client/T06AU05DL0L",
  "securityOrigin": null,
  "slackChildWindowRequest": {
    "result": false,
    "reason": "Not child window URL"
  }
}
[02/04/26, 00:58:48:988] info: Permission check granted: 
{
  "isMainFrame": true,
  "permission": "media",
  "requestingOrigin": "https://app.slack.com/client/T06AU05DL0L/D07MJ421FB5",
  "requestingUrl": "https://app.slack.com/client/T06AU05DL0L/D07MJ421FB5",
  "securityOrigin": "https://app.slack.com/",
  "mediaType": "audio",
  "slackChildWindowRequest": {
    "result": false,
    "reason": "Not child window URL"
  }
}
[02/04/26, 00:58:48:988] info: Permission check granted: 
{
  "isMainFrame": true,
  "permission": "speaker-selection",
  "requestingOrigin": "https://app.slack.com/",
  "requestingUrl": "https://app.slack.com/client/T06AU05DL0L/D07MJ421FB5",
  "securityOrigin": null,
  "slackChildWindowRequest": {
    "result": false,
    "reason": "Not child window URL"
  }
}
[02/04/26, 00:58:48:988] info: Permission check granted: 
{
  "isMainFrame": true,
  "permission": "media",
  "requestingOrigin": "https://app.slack.com/client/T06AU05DL0L/D07MJ421FB5",
  "requestingUrl": "https://app.slack.com/client/T06AU05DL0L/D07MJ421FB5",
  "securityOrigin": "https://app.slack.com/",
  "mediaType": "video",
  "slackChildWindowRequest": {
    "result": false,
    "reason": "Not child window URL"
  }
}
[02/04/26, 00:58:48:994] info: Store: EXTEND_MENU global: menucategory-file,menucategory-view,menucategory-jump-to
[02/04/26, 00:58:48:998] info: Store: EXTEND_MENU T06AU05DL0L: menucategory-file,menucategory-view,menucategory-edit,menucategory-help,menucategory-history
[02/04/26, 00:58:49:001] info: Store: UPDATE_SETTINGS 
{
  "zoomLevel": 0
}
[02/04/26, 00:58:49:029] info: Breadcrumb: electron: screen.display-metrics-changed 
[02/04/26, 00:58:49:029] info: Store: DISPLAY_METRICS_CHANGED 
[02/04/26, 00:58:49:168] info: Permission check granted: 
{
  "isMainFrame": true,
  "permission": "media",
  "requestingOrigin": "https://app.slack.com/client/T06AU05DL0L/D07MJ421FB5",
  "requestingUrl": "https://app.slack.com/client/T06AU05DL0L/D07MJ421FB5",
  "securityOrigin": "https://app.slack.com/",
  "mediaType": "audio",
  "slackChildWindowRequest": {
    "result": false,
    "reason": "Not child window URL"
  }
}
[02/04/26, 00:58:49:168] info: Permission check granted: 
{
  "isMainFrame": true,
  "permission": "speaker-selection",
  "requestingOrigin": "https://app.slack.com/",
  "requestingUrl": "https://app.slack.com/client/T06AU05DL0L/D07MJ421FB5",
  "securityOrigin": null,
  "slackChildWindowRequest": {
    "result": false,
    "reason": "Not child window URL"
  }
}
[02/04/26, 00:58:49:168] info: Permission check granted: 
{
  "isMainFrame": true,
  "permission": "media",
  "requestingOrigin": "https://app.slack.com/client/T06AU05DL0L/D07MJ421FB5",
  "requestingUrl": "https://app.slack.com/client/T06AU05DL0L/D07MJ421FB5",
  "securityOrigin": "https://app.slack.com/",
  "mediaType": "video",
  "slackChildWindowRequest": {
    "result": false,
    "reason": "Not child window URL"
  }
}
[02/04/26, 00:58:49:175] info: Store: SET_NETWORK_STATUS online
[02/04/26, 00:58:49:394] info: Store: STORE_USER_WORKSPACES 
{
  "userTeamId": "T06AU05DL0L",
  "workspaceIds": [
    "T06AU05DL0L"
  ]
}
[02/04/26, 00:58:49:400] info: Store: SELECTION_CHANGED T06AU05DL0L
[02/04/26, 00:58:49:419] info: Permission check granted: 
{
  "isMainFrame": true,
  "permission": "media",
  "requestingOrigin": "https://app.slack.com/",
  "requestingUrl": "https://app.slack.com/client/T06AU05DL0L/D07MJ421FB5",
  "securityOrigin": null,
  "mediaType": "video",
  "slackChildWindowRequest": {
    "result": false,
    "reason": "Not child window URL"
  }
}
[02/04/26, 00:58:49:419] info: Permission check granted: 
{
  "isMainFrame": true,
  "permission": "media",
  "requestingOrigin": "https://app.slack.com/",
  "requestingUrl": "https://app.slack.com/client/T06AU05DL0L/D07MJ421FB5",
  "securityOrigin": null,
  "mediaType": "audio",
  "slackChildWindowRequest": {
    "result": false,
    "reason": "Not child window URL"
  }
}
[02/04/26, 00:58:49:420] info: Permission check granted: 
{
  "isMainFrame": true,
  "permission": "geolocation",
  "requestingOrigin": "https://app.slack.com/",
  "requestingUrl": "https://app.slack.com/client/T06AU05DL0L/D07MJ421FB5",
  "securityOrigin": null,
  "slackChildWindowRequest": {
    "result": false,
    "reason": "Not child window URL"
  }
}
[02/04/26, 00:58:49:420] info: Permission check granted: 
{
  "isMainFrame": true,
  "permission": "window-management",
  "requestingOrigin": "https://app.slack.com/",
  "requestingUrl": "https://app.slack.com/client/T06AU05DL0L/D07MJ421FB5",
  "securityOrigin": null,
  "slackChildWindowRequest": {
    "result": false,
    "reason": "Not child window URL"
  }
}
[02/04/26, 00:58:49:439] info: registerLifeCycleEvents: webContents:1 is type 'app' 
[02/04/26, 00:58:49:439] info: Store: UPSERT_WEB_CONTENTS 
{
  "id": 1,
  "type": "app",
  "history": "[REDACTED]"
}
[02/04/26, 00:58:49:851] info: Store: REDUX_UPDATE_FROM_WEBAPP (T08KF7TD5AN) Changed keys [theme,notificationPrefs,connectivityPrefs,featureFlags,unreads,locale,version,frontendBuildType,userId]
[02/04/26, 00:58:49:993] info: Store: EXTEND_MENU T06AU05DL0L: menucategory-file,menucategory-view,menucategory-edit,menucategory-help,menucategory-history
[02/04/26, 00:58:50:257] info: Store: STORE_USER_WORKSPACES 
{
  "userTeamId": "T08KF7TD5AN",
  "workspaceIds": [
    "T08KF7TD5AN"
  ]
}
[02/04/26, 00:58:50:261] info: Store: SELECTION_CHANGED T06AU05DL0L
[02/04/26, 00:58:50:284] info: Permission check granted: 
{
  "isMainFrame": true,
  "permission": "notifications",
  "requestingOrigin": "https://app.slack.com/",
  "requestingUrl": "https://app.slack.com/client/T06AU05DL0L/D07MJ421FB5",
  "securityOrigin": null,
  "slackChildWindowRequest": {
    "result": false,
    "reason": "Not child window URL"
  }
}
[02/04/26, 00:58:50:306] info: Store: SYNC Synced 2 workspaces with IDs [T06AU05DL0L,T08KF7TD5AN]
[02/04/26, 00:58:50:311] info: registerLifeCycleEvents: webContents:1 from 'loaded' to 'webapp-loaded' took 872 ms 
[02/04/26, 00:58:50:311] info: Store: UPSERT_WEB_CONTENTS 
{
  "id": 1,
  "state": "webapp-loaded"
}
[02/04/26, 00:58:50:317] info: Initial Boot Timestamp: 1770134326261
        Boot Phase: WEBAPP_LOADED
        Duration: 3102ms
        From Boot to WEBAPP_LOADED: 4056ms
        Invoked on Startup: false
        CPU Speed: 100 
[02/04/26, 00:58:50:317] info: Store: RECORD_PERFORMANCE_TIMING 
{
  "phase": 3,
  "interval": 3102
}
[02/04/26, 00:58:50:318] info: registerLifeCycleEvents: webContents:1 from 'webapp-loaded' to 'webapp-loaded' took 7 ms 
[02/04/26, 00:58:50:318] info: Store: UPSERT_WEB_CONTENTS 
{
  "id": 1,
  "state": "webapp-loaded"
}
[02/04/26, 00:58:50:590] info: Breadcrumb: electron.net: undefined 
{
  "url": "[REDACTED]",
  "method": "POST",
  "status_code": 200
}
[02/04/26, 00:58:52:686] info: actionForExternalWindowURL: Opening external window 
[02/04/26, 00:58:52:689] info: openExternal: Successfully opened external URL 
{
  "protocol": "https:",
  "trigger": 0
}
[02/04/26, 00:58:53:440] info: Breadcrumb: electron: window.blur 
{
  "id": 1,
  "url": "[REDACTED]"
}
[02/04/26, 00:58:53:440] info: Breadcrumb: electron: app.browser-window-blur 
[02/04/26, 00:58:53:440] info: Store: SET_WINDOW_FRAME 
{
  "id": 1,
  "frame": {
    "isFocused": false
  },
  "fromEvent": true
}
[02/04/26, 00:58:53:988] info: Permission check granted: 
{
  "isMainFrame": true,
  "permission": "media",
  "requestingOrigin": "https://app.slack.com/client/T06AU05DL0L/D07MJ421FB5",
  "requestingUrl": "https://app.slack.com/client/T06AU05DL0L/D07MJ421FB5",
  "securityOrigin": "https://app.slack.com/",
  "mediaType": "audio",
  "slackChildWindowRequest": {
    "result": false,
    "reason": "Not child window URL"
  }
}
[02/04/26, 00:58:53:988] info: Permission check granted: 
{
  "isMainFrame": true,
  "permission": "speaker-selection",
  "requestingOrigin": "https://app.slack.com/",
  "requestingUrl": "https://app.slack.com/client/T06AU05DL0L/D07MJ421FB5",
  "securityOrigin": null,
  "slackChildWindowRequest": {
    "result": false,
    "reason": "Not child window URL"
  }
}
[02/04/26, 00:58:53:988] info: Permission check granted: 
{
  "isMainFrame": true,
  "permission": "media",
  "requestingOrigin": "https://app.slack.com/client/T06AU05DL0L/D07MJ421FB5",
  "requestingUrl": "https://app.slack.com/client/T06AU05DL0L/D07MJ421FB5",
  "securityOrigin": "https://app.slack.com/",
  "mediaType": "video",
  "slackChildWindowRequest": {
    "result": false,
    "reason": "Not child window URL"
  }
}
[02/04/26, 00:58:54:086] info: Permission check granted: 
{
  "isMainFrame": true,
  "permission": "media",
  "requestingOrigin": "https://app.slack.com/client/T06AU05DL0L/D07MJ421FB5",
  "requestingUrl": "https://app.slack.com/client/T06AU05DL0L/D07MJ421FB5",
  "securityOrigin": "https://app.slack.com/",
  "mediaType": "audio",
  "slackChildWindowRequest": {
    "result": false,
    "reason": "Not child window URL"
  }
}
[02/04/26, 00:58:54:086] info: Permission check granted: 
{
  "isMainFrame": true,
  "permission": "speaker-selection",
  "requestingOrigin": "https://app.slack.com/",
  "requestingUrl": "https://app.slack.com/client/T06AU05DL0L/D07MJ421FB5",
  "securityOrigin": null,
  "slackChildWindowRequest": {
    "result": false,
    "reason": "Not child window URL"
  }
}
[02/04/26, 00:58:54:086] info: Permission check granted: 
{
  "isMainFrame": true,
  "permission": "media",
  "requestingOrigin": "https://app.slack.com/client/T06AU05DL0L/D07MJ421FB5",
  "requestingUrl": "https://app.slack.com/client/T06AU05DL0L/D07MJ421FB5",
  "securityOrigin": "https://app.slack.com/",
  "mediaType": "video",
  "slackChildWindowRequest": {
    "result": false,
    "reason": "Not child window URL"
  }
}
[02/04/26, 00:58:55:308] info: Store: persist/FLUSH 
[02/04/26, 00:59:57:088] info: Breadcrumb: electron.net: undefined 
{
  "url": "[REDACTED]",
  "method": "POST",
  "status_code": 200
}
[02/04/26, 00:59:57:498] info: Breadcrumb: electron.net: undefined 
{
  "url": "[REDACTED]",
  "method": "POST",
  "status_code": 200
}
[02/04/26, 01:00:01:185] info: Breadcrumb: electron.net: undefined 
{
  "url": "[REDACTED]",
  "method": "POST",
  "status_code": 200
}
[02/04/26, 01:03:50:006] info: Permission check granted: 
{
  "isMainFrame": true,
  "permission": "notifications",
  "requestingOrigin": "https://app.slack.com/",
  "requestingUrl": "https://app.slack.com/client/T06AU05DL0L/D07MJ421FB5",
  "securityOrigin": null,
  "slackChildWindowRequest": {
    "result": false,
    "reason": "Not child window URL"
  }
}
[02/04/26, 01:03:50:007] info: Permission check granted: 
{
  "isMainFrame": true,
  "permission": "notifications",
  "requestingOrigin": "https://app.slack.com/",
  "requestingUrl": "https://app.slack.com/client/T06AU05DL0L/D07MJ421FB5",
  "securityOrigin": null,
  "slackChildWindowRequest": {
    "result": false,
    "reason": "Not child window URL"
  }
}
[02/04/26, 01:03:50:007] info: Permission check granted: 
{
  "isMainFrame": true,
  "permission": "notifications",
  "requestingOrigin": "https://app.slack.com/",
  "requestingUrl": "https://app.slack.com/client/T06AU05DL0L/D07MJ421FB5",
  "securityOrigin": null,
  "slackChildWindowRequest": {
    "result": false,
    "reason": "Not child window URL"
  }
}
[02/04/26, 01:03:50:008] info: Permission check granted: 
{
  "isMainFrame": true,
  "permission": "notifications",
  "requestingOrigin": "https://app.slack.com/",
  "requestingUrl": "https://app.slack.com/client/T06AU05DL0L/D07MJ421FB5",
  "securityOrigin": null,
  "slackChildWindowRequest": {
    "result": false,
    "reason": "Not child window URL"
  }
}
[02/04/26, 01:16:53:565] info: Breadcrumb: electron: window.focus 
{
  "id": 1,
  "url": "[REDACTED]"
}
[02/04/26, 01:16:53:565] info: Breadcrumb: electron: app.browser-window-focus 
[02/04/26, 01:16:53:565] info: Store: SET_WINDOW_FRAME 
{
  "id": 1,
  "frame": {
    "isFocused": true
  },
  "fromEvent": true
}
[02/04/26, 01:16:56:855] info: Breadcrumb: electron: window.close 
{
  "id": 1,
  "url": "[REDACTED]"
}
[02/04/26, 01:16:56:855] info: Attempted to close the window, hiding due to run from tray 
[02/04/26, 01:16:56:856] info: Breadcrumb: electron: window.hide 
{
  "id": 1,
  "url": "[REDACTED]"
}
[02/04/26, 01:16:56:856] info: Store: SET_WINDOW_FRAME 
{
  "id": 1,
  "frame": {
    "isVisible": false
  },
  "fromEvent": true
}
[02/04/26, 01:16:56:857] info: Breadcrumb: electron: window.blur 
{
  "id": 1,
  "url": "[REDACTED]"
}
[02/04/26, 01:16:56:857] info: Breadcrumb: electron: app.browser-window-blur 
[02/04/26, 01:16:56:857] info: Store: SET_WINDOW_FRAME 
{
  "id": 1,
  "frame": {
    "isFocused": false
  },
  "fromEvent": true
}
[02/04/26, 01:16:56:858] info: Breadcrumb: electron: window.blur 
{
  "id": 1,
  "url": "[REDACTED]"
}
[02/04/26, 01:16:56:858] info: Breadcrumb: electron: app.browser-window-blur 
[02/04/26, 01:16:59:278] info: Store: QUIT_APP 
[02/04/26, 01:16:59:279] info: Breadcrumb: electron: window.hide 
{
  "id": 1,
  "url": "[REDACTED]"
}
[02/04/26, 01:16:59:279] info: EpicHelpers: Flushing cookie store for session 
{
  "sessionId": "PROD_DEFAULT_SESSION"
}
[02/04/26, 01:16:59:279] info: Disposing dW… 
[02/04/26, 01:16:59:279] info: Disposing EW… 
[02/04/26, 01:16:59:279] info: Disposing uy… 
[02/04/26, 01:16:59:279] info: Store: DOWNLOADS_CLEANED_UP 
[02/04/26, 01:16:59:330] info: flushLocalSettings: Flushing local-settings.json 
{
  "keys": [
    "releaseChannelOverride",
    "useHwAcceleration",
    "rxLogging"
  ]
}
[02/04/26, 01:16:59:330] info: Store: persist/FLUSH 
[02/04/26, 01:16:59:331] info: Closing main window 
{
  "id": 1
}
[02/04/26, 01:16:59:331] info: closeWindow: attempt to close window 
{
  "id": 1
}
[02/04/26, 01:16:59:331] info: Breadcrumb: electron: window.close 
{
  "id": 1,
  "url": "[REDACTED]"
}
[02/04/26, 01:16:59:336] info: registerLifeCycleEvents: webContents:1 from 'webapp-loaded' to 'page-closed' took 1089018 ms 
[02/04/26, 01:16:59:336] info: Store: UPSERT_WEB_CONTENTS 
{
  "id": 1,
  "state": "page-closed"
}
[02/04/26, 01:16:59:337] info: Breadcrumb: electron: renderer.destroyed 
{
  "id": 1,
  "url": "[REDACTED]"
}
[02/04/26, 01:16:59:338] info: Store: REMOVE_WEB_CONTENTS 
{
  "id": 1
}
[02/04/26, 01:16:59:339] info: Breadcrumb: electron: window.closed 
{
  "id": 1,
  "url": "[REDACTED]"
}
[02/04/26, 01:16:59:339] info: Store: REMOVE_WINDOW 1
[02/04/26, 01:16:59:341] info: 
┌─────────────────────┬───────────────┐
│ key                 │ time          │
├─────────────────────┼───────────────┤
│  FLUSH_COOKIES      │  50.866949ms  │
│  FLUSH_STORE        │  0.480578ms   │
│  REMOVE_DICT        │  0.296094ms   │
│  FLUSH_TELEMETRY    │  0.139754ms   │
│  CLOSE_MAIN_WINDOW  │  8.159741ms   │
│  TOTAL              │  60.928707ms  │
└─────────────────────┴───────────────┘

 
[02/04/26, 01:16:59:341] info: quitApplicationEpic: Finished, calling app.quit 
[02/04/26, 01:16:59:341] info: Breadcrumb: electron: app.before-quit 
[02/04/26, 01:16:59:341] info: Breadcrumb: electron: app.will-quit 
[02/04/26, 01:16:59:341] info: Telling native-keymap to ignore all future events as we are quitting 
[02/04/26, 01:16:59:788] info: Breadcrumb: electron: app.quit 
[02/16/26, 09:59:21:640] info: 
╔═════════════════════════════════════════════════════════╗
║      Slack 4.47.69, linux 6.18.9-zen1-2-zen on x64      ║
╚═════════════════════════════════════════════════════════╝ 
[02/16/26, 09:59:21:642] info: Configured logger via 
{
  "loggerInstanceCount": 1
}
[02/16/26, 09:59:21:662] info: Predefined values for process 
{
  "NODE_ENV": "production",
  "platform": "linux",
  "type": "browser",
  "timeZone": "Asia/Tokyo",
  "PACKAGE_MANIFEST.productName": "Slack",
  "PACKAGE_MANIFEST.version": "4.47.69",
  "PACKAGE_MANIFEST.commit": "72d60eb",
  "PACKAGE_MANIFEST.branch": "HEAD"
}
[02/16/26, 09:59:21:801] info: makeUuidFactory:: Read existing uuid for instance from persisted location:  
{
  "uuid": "774ac69c-cfe3-4792-b523-70ff122562d6"
}
[02/16/26, 09:59:21:802] info: getSentryDSN: Setting sentry URL to slack.com 
[02/16/26, 09:59:22:016] info: Breadcrumb: electron: app.will-finish-launching 
[02/16/26, 09:59:22:022] info: Breadcrumb: electron: app.ready 
[02/16/26, 09:59:22:035] info: Breadcrumb: electron: app.session-created 
[02/16/26, 09:59:22:038] info: Breadcrumb: electron: app.session-created 
[02/16/26, 09:59:22:049] info: Store: persist/PERSIST 
[02/16/26, 09:59:22:083] info: Store: persist/REHYDRATE 
{
  "appTeams": "[DEPRECATED]",
  "bookmarks": "[REDACTED]",
  "diagnostics": "Virtualization: none",
  "downloads": "No downloads",
  "settings": {
    "devToolsEnabled": false,
    "locale": "en-US",
    "notificationMethod": null,
    "releaseChannelOverride": null
  },
  "teams": "[DEPRECATED]",
  "webapp": "[REDACTED]",
  "workspaces": "2 workspaces: T06AU05DL0L,T08KF7TD5AN",
  "workspacesMeta": "Selected workspace: T06AU05DL0L",
  "_persist": "Persistence version: 1"
}
[02/16/26, 09:59:22:088] warn: Telemetry queued before configured 
{
  "event": 1001000
}
[02/16/26, 09:59:22:088] warn: Telemetry trace before configured 
{
  "eventName": "desktop_performance_record"
}
[02/16/26, 09:59:22:088] info: Initial Boot Timestamp: 1771203561341
        Boot Phase: REHYDRATE
        Duration: 12ms
        From Boot to REHYDRATE: 746ms
        Invoked on Startup: false
        CPU Speed: 100 
[02/16/26, 09:59:22:089] info: Store: RECORD_PERFORMANCE_TIMING 
{
  "phase": 0,
  "interval": 12
}
[02/16/26, 09:59:22:091] info: Store: UPDATE_SETTINGS 
{
  "locale": "en-US"
}
[02/16/26, 09:59:22:094] info: Store: INITIALIZE 
{
  "resourcePath": "/usr/lib/slack/resources/app.asar",
  "silent": true,
  "tsaToken": "[REDACTED]",
  "bootFragments": []
}
[02/16/26, 09:59:22:096] info: Store: SET_SESSION_MODE 
[02/16/26, 09:59:22:116] info: getLinuxDistro: osInfo 
{
  "os": "Arch Linux",
  "name": "Arch Linux",
  "release": null,
  "codename": null
}
[02/16/26, 09:59:22:116] warn: Couldn't get Linux distro info from /etc/os-release, trying fallback to get Linux distro info 
{
  "error": {
    "name": "Error",
    "stack": "Error: Missing OS or release info\n    at yG (/usr/lib/slack/resources/app.asar/dist/main.bundle.cjs:100:1053)\n    at async CG (/usr/lib/slack/resources/app.asar/dist/main.bundle.cjs:100:2482)\n    at async Object.initializeEnvironmentEpic_listener [as effect] (/usr/lib/slack/resources/app.asar/dist/main.bundle.cjs:100:1644)\n    at async L (/usr/lib/slack/resources/app.asar/dist/main.bundle.cjs:15:19181)",
    "message": "Missing OS or release info"
  }
}
[02/16/26, 09:59:22:120] info: getLinuxDistro: getos 
{
  "res": {
    "os": "linux",
    "dist": "Arch Linux",
    "release": "\"rolling\""
  }
}
[02/16/26, 09:59:22:120] info: initializeEnvironmentEpic: set user agent fallback 
{
  "userAgent": "Mozilla/5.0 (X11; Linux x86_64; Arch Linux \"rolling\"; niri) AppleWebKit/537.36 (KHTML, like Gecko) Slack/4.47.69 Chrome/142.0.7444.177 Electron/39.2.4 Safari/537.36 Sonic Slack_SSB/4.47.69"
}
[02/16/26, 09:59:22:121] info: Store: READY 
{
  "resourcePath": "/usr/lib/slack/resources/app.asar",
  "silent": true,
  "tsaToken": "[REDACTED]",
  "bootFragments": [],
  "appVersion": "4.47.69",
  "arch": "x64",
  "isGpuCompositionAvailable": true,
  "platform": "linux",
  "platformVersion": {
    "major": 6,
    "minor": 18,
    "build": 9
  },
  "developerMenuOverride": false,
  "uuid": "774ac69c-cfe3-4792-b523-70ff122562d6",
  "applicationProcessSessionId": "Nzc0YWM2OWMtY2ZlMy00NzkyLWI1MjMtNzBmZjEyMjU2MmQ2XzE3NzEyMDM1NjE4MDE=",
  "distribution": "DDL",
  "clientEnvironment": 1000,
  "invokedOnStartup": false,
  "linux": {
    "os": "Arch Linux",
    "name": "Arch Linux \"rolling\"",
    "release": "\"rolling\"",
    "codename": "",
    "desktopEnvironment": "niri"
  }
}
[02/16/26, 09:59:22:123] info: Store: SET_ACCESSIBILITY_SUPPORT_ENABLED 
[02/16/26, 09:59:22:124] info: initializeApplicationEpic: trying to set ntlm credential domain for session 
{
  "sessionId": "PROD_DEFAULT_SESSION"
}
[02/16/26, 09:59:22:124] info: initializeApplicationEpic: Setting spellcheck dictionary URL 
{
  "dictionaryUrl": "https://spellcheck.slack-edge.com/dictionaries_v2/"
}
[02/16/26, 09:59:22:125] info: initializeApplicationEpic: Welcome to Slack 4.47.69 x64 
[02/16/26, 09:59:22:125] info: Store: CREATE_WINDOW 
{
  "type": "main"
}
[02/16/26, 09:59:22:130] info: logExternalConfigEpic: initial external config 
{
  "defaults": {}
}
[02/16/26, 09:59:22:135] info: makeUuidFactory:: Read existing uuid for tray from persisted location:  
{
  "uuid": "9a73d20c-6a81-41e6-89c2-ed3a098c92f0"
}
[02/16/26, 09:59:22:149] info: Breadcrumb: electron: powerMonitor.newListener 
[02/16/26, 09:59:22:150] info: Breadcrumb: electron: powerMonitor.newListener 
[02/16/26, 09:59:22:150] info: Breadcrumb: electron: powerMonitor.newListener 
[02/16/26, 09:59:22:151] info: getIsUpdateSupported: Updates are not supported 
{
  "version": "4.47.69",
  "reasons": [
    "using Linux"
  ],
  "distribution": "DDL",
  "executable": "/usr/lib/slack"
}
[02/16/26, 09:59:22:176] info: Breadcrumb: electron: app.web-contents-created 
[02/16/26, 09:59:22:178] info: Breadcrumb: electron: app.browser-window-created 
[02/16/26, 09:59:22:195] info: Store: WINDOW_CREATED 
{
  "type": "main",
  "webappType": "app",
  "id": 1,
  "frame": {
    "isHtmlFullScreen": false,
    "isCurrentlyAudible": false,
    "isFullScreen": false,
    "isMinimized": false,
    "isMaximized": false,
    "isVisible": false,
    "isFocused": false,
    "bounds": {
      "x": 0,
      "y": 0,
      "width": 1200,
      "height": 800
    },
    "hasVibrancy": false,
    "isAlwaysOnTop": false
  }
}
[02/16/26, 09:59:22:199] info: Initial Boot Timestamp: 1771203561341
        Boot Phase: MAIN_WINDOW_CREATED
        Duration: 111ms
        From Boot to MAIN_WINDOW_CREATED: 857ms
        Invoked on Startup: false
        CPU Speed: 100 
[02/16/26, 09:59:22:201] info: Watching for keyboard layout changes 
[02/16/26, 09:59:22:206] info: Store: RECORD_PERFORMANCE_TIMING 
{
  "phase": 1,
  "interval": 111
}
[02/16/26, 09:59:22:208] info: Breadcrumb: electron: powerMonitor.newListener 
[02/16/26, 09:59:22:208] info: Breadcrumb: electron: powerMonitor.newListener 
[02/16/26, 09:59:22:212] info: initialSettingsPayload: trying to invalidate settings 
{
  "payload": {}
}
[02/16/26, 09:59:22:212] info: Store: SET_UPDATE_SUPPORTED 
[02/16/26, 09:59:22:220] info: Feature Check: requesting features from https://app.slack.com/api/ 
[02/16/26, 09:59:22:223] info: Breadcrumb: electron: powerMonitor.newListener 
[02/16/26, 09:59:22:223] info: Breadcrumb: electron: powerMonitor.newListener 
[02/16/26, 09:59:22:223] info: Breadcrumb: electron: powerMonitor.newListener 
[02/16/26, 09:59:22:357] warn: Failed to install protocol handler for slack:// links 
[02/16/26, 09:59:22:358] info: Startup Display id=42 at (0, 0) [1280 x 800] 
[02/16/26, 09:59:22:359] info: registerLifeCycleEvents: Registering webContents:1 
[02/16/26, 09:59:22:360] info: registerLifeCycleEvents: webContents:1 is type 'app' 
[02/16/26, 09:59:22:361] info: Store: UPSERT_WEB_CONTENTS 
{
  "id": 1,
  "state": "unloaded",
  "type": "app"
}
[02/16/26, 09:59:22:369] info: getSonicBaseURL: 
{
  "url": "https://app.slack.com"
}
[02/16/26, 09:59:22:371] info: Permission check denied: 
{
  "isMainFrame": true,
  "permission": "media",
  "requestingOrigin": null,
  "requestingUrl": null,
  "securityOrigin": null,
  "mediaType": "video",
  "slackChildWindowRequest": {
    "result": false,
    "reason": "Not child window URL"
  }
}
[02/16/26, 09:59:22:372] info: Permission check denied: 
{
  "isMainFrame": true,
  "permission": "media",
  "requestingOrigin": null,
  "requestingUrl": null,
  "securityOrigin": null,
  "mediaType": "audio",
  "slackChildWindowRequest": {
    "result": false,
    "reason": "Not child window URL"
  }
}
[02/16/26, 09:59:22:372] info: Permission check denied: 
{
  "isMainFrame": true,
  "permission": "geolocation",
  "requestingOrigin": null,
  "requestingUrl": null,
  "securityOrigin": null,
  "slackChildWindowRequest": {
    "result": false,
    "reason": "Not child window URL"
  }
}
[02/16/26, 09:59:22:372] info: Permission check denied: 
{
  "isMainFrame": true,
  "permission": "window-management",
  "requestingOrigin": null,
  "requestingUrl": null,
  "securityOrigin": null,
  "slackChildWindowRequest": {
    "result": false,
    "reason": "Not child window URL"
  }
}
[02/16/26, 09:59:22:410] info: Breadcrumb: electron: app.gpu-info-update 
[02/16/26, 09:59:22:410] info: collectSystemInfo: Received app.gpu-info-update event 
[02/16/26, 09:59:22:542] info: Breadcrumb: electron.net: undefined 
{
  "url": "[REDACTED]",
  "method": "POST"
}
[02/16/26, 09:59:22:543] warn: Trace: failed to send trace 
{
  "error": {
    "name": "Error",
    "stack": "Error: net::ERR_INTERNET_DISCONNECTED\n    at SimpleURLLoaderWrapper.<anonymous> (node:electron/js2c/browser_init:2:124687)\n    at SimpleURLLoaderWrapper.emit (node:events:519:28)\n    at SimpleURLLoaderWrapper.emit (node:domain:489:12)",
    "message": "net::ERR_INTERNET_DISCONNECTED"
  }
}
[02/16/26, 09:59:22:543] info: Breadcrumb: electron.net: undefined 
{
  "url": "[REDACTED]",
  "method": "POST"
}
[02/16/26, 09:59:22:543] warn: Trace: failed to send trace 
{
  "error": {
    "name": "Error",
    "stack": "Error: net::ERR_INTERNET_DISCONNECTED\n    at SimpleURLLoaderWrapper.<anonymous> (node:electron/js2c/browser_init:2:124687)\n    at SimpleURLLoaderWrapper.emit (node:events:519:28)\n    at SimpleURLLoaderWrapper.emit (node:domain:489:12)",
    "message": "net::ERR_INTERNET_DISCONNECTED"
  }
}
[02/16/26, 09:59:22:543] info: Breadcrumb: electron.net: undefined 
{
  "url": "[REDACTED]",
  "method": "GET"
}
[02/16/26, 09:59:22:544] error: Feature Check: failed to retrieve experiments: net::ERR_INTERNET_DISCONNECTED 
{
  "name": "Error",
  "stack": "Error: net::ERR_INTERNET_DISCONNECTED\n    at SimpleURLLoaderWrapper.<anonymous> (node:electron/js2c/browser_init:2:124687)\n    at SimpleURLLoaderWrapper.emit (node:events:519:28)\n    at SimpleURLLoaderWrapper.emit (node:domain:489:12)",
  "message": "net::ERR_INTERNET_DISCONNECTED"
}
[02/16/26, 09:59:22:547] info: System configuration information 
{
  "info": {
    "total_memory_in_gb": 15,
    "gpuFeatures": {
      "2d_canvas": "enabled",
      "direct_rendering_display_compositor": "disabled_off_ok",
      "gpu_compositing": "enabled",
      "multiple_raster_threads": "enabled_on",
      "opengl": "enabled_on",
      "rasterization": "enabled",
      "raw_draw": "disabled_off_ok",
      "skia_graphite": "disabled_off",
      "trees_in_viz": "disabled_off",
      "video_decode": "enabled",
      "video_encode": "disabled_software",
      "vulkan": "disabled_off",
      "webgl": "enabled",
      "webgl2": "enabled",
      "webgpu": "disabled_off",
      "webnn": "disabled_off"
    },
    "cpu_model": "12th Gen Intel(R) Core(TM) i5-12500H",
    "cpu_logical_core": 16,
    "cpu_clock_speed": 1699,
    "gpuDevice": [
      {
        "active": true,
        "deviceId": 9641,
        "gpuPreference": 0,
        "vendorId": 4318
      },
      {
        "active": false,
        "deviceId": 18086,
        "gpuPreference": 0,
        "vendorId": 32902
      }
    ],
    "machine_model_name": "unknown",
    "machine_model_version": "unknown",
    "crash_db_size_kb": 1
  }
}
[02/16/26, 09:59:22:547] info: Store: SET_HW_ACCEL_AVAILABILITY enabled
[02/16/26, 09:59:22:826] info: Breadcrumb: electron: renderer.dom-ready 
{
  "id": 1,
  "url": "[REDACTED]"
}
[02/16/26, 09:59:22:826] info: registerLifeCycleEvents: webContents:1 from 'unloaded' to 'loaded' took 466 ms 
[02/16/26, 09:59:22:827] info: Store: UPSERT_WEB_CONTENTS 
{
  "id": 1,
  "state": "loaded"
}
[02/16/26, 09:59:22:828] info: Initial Boot Timestamp: 1771203561341
        Boot Phase: WEB_CONTENTS_DOM_READY
        Duration: 629ms
        From Boot to WEB_CONTENTS_DOM_READY: 1486ms
        Invoked on Startup: false
        CPU Speed: 100 
[02/16/26, 09:59:22:829] info: Store: RECORD_PERFORMANCE_TIMING 
{
  "phase": 2,
  "interval": 629
}
[02/16/26, 09:59:22:829] info: initializeMainWindowEpic: Showing main window 
{
  "maximized": false,
  "shouldHide": false,
  "fullScreen": false
}
[02/16/26, 09:59:22:830] info: Breadcrumb: electron: window.show 
{
  "id": 1,
  "url": "[REDACTED]"
}
[02/16/26, 09:59:22:830] info: Store: SET_WINDOW_FRAME 
{
  "id": 1,
  "frame": {
    "isVisible": true
  },
  "fromEvent": true
}
[02/16/26, 09:59:22:830] info: Store: MAIN_WINDOW_SHOWN 
[02/16/26, 09:59:22:831] info: Store: CLEAR_NOTIFICATIONS 
[02/16/26, 09:59:22:836] info: Breadcrumb: electron.net: undefined 
{
  "url": "[REDACTED]",
  "method": "POST"
}
[02/16/26, 09:59:22:837] warn: Trace: failed to send trace 
{
  "error": {
    "name": "Error",
    "stack": "Error: net::ERR_INTERNET_DISCONNECTED\n    at SimpleURLLoaderWrapper.<anonymous> (node:electron/js2c/browser_init:2:124687)\n    at SimpleURLLoaderWrapper.emit (node:events:519:28)\n    at SimpleURLLoaderWrapper.emit (node:domain:489:12)",
    "message": "net::ERR_INTERNET_DISCONNECTED"
  }
}
[02/16/26, 09:59:22:838] info: Breadcrumb: electron.net: undefined 
{
  "url": "[REDACTED]",
  "method": "POST"
}
[02/16/26, 09:59:22:838] warn: Trace: failed to send trace 
{
  "error": {
    "name": "Error",
    "stack": "Error: net::ERR_INTERNET_DISCONNECTED\n    at SimpleURLLoaderWrapper.<anonymous> (node:electron/js2c/browser_init:2:124687)\n    at SimpleURLLoaderWrapper.emit (node:events:519:28)\n    at SimpleURLLoaderWrapper.emit (node:domain:489:12)",
    "message": "net::ERR_INTERNET_DISCONNECTED"
  }
}
[02/16/26, 09:59:22:839] info: Breadcrumb: electron.net: undefined 
{
  "url": "[REDACTED]",
  "method": "POST"
}
[02/16/26, 09:59:22:839] warn: Trace: failed to send trace 
{
  "error": {
    "name": "Error",
    "stack": "Error: net::ERR_INTERNET_DISCONNECTED\n    at SimpleURLLoaderWrapper.<anonymous> (node:electron/js2c/browser_init:2:124687)\n    at SimpleURLLoaderWrapper.emit (node:events:519:28)\n    at SimpleURLLoaderWrapper.emit (node:domain:489:12)",
    "message": "net::ERR_INTERNET_DISCONNECTED"
  }
}
[02/16/26, 09:59:22:897] info: Breadcrumb: electron: window.focus 
{
  "id": 1,
  "url": "[REDACTED]"
}
[02/16/26, 09:59:22:898] info: Breadcrumb: electron: app.browser-window-focus 
[02/16/26, 09:59:22:898] info: Store: SET_WINDOW_FRAME 
{
  "id": 1,
  "frame": {
    "isFocused": true
  },
  "fromEvent": true
}
[02/16/26, 09:59:22:908] info: registerLifeCycleEvents: webContents:1 is type 'app' 
[02/16/26, 09:59:22:908] info: Store: UPSERT_WEB_CONTENTS 
{
  "id": 1,
  "type": "app",
  "history": "[REDACTED]"
}
[02/16/26, 09:59:22:911] info: Breadcrumb: electron: window.ready-to-show 
{
  "id": 1,
  "url": "[REDACTED]"
}
[02/16/26, 09:59:23:299] info: Permission check granted: 
{
  "isMainFrame": true,
  "permission": "background-sync",
  "requestingOrigin": "https://app.slack.com/",
  "requestingUrl": "https://app.slack.com/client/T06AU05DL0L",
  "securityOrigin": null,
  "slackChildWindowRequest": {
    "result": false,
    "reason": "Not child window URL"
  }
}
[02/16/26, 09:59:23:308] info: Store: SET_NETWORK_STATUS offline
[02/16/26, 09:59:23:835] info: Store: SET_WINDOW_FRAME 
{
  "id": 1,
  "frame": {
    "bounds": {
      "x": 0,
      "y": 0,
      "width": 668,
      "height": 748
    }
  },
  "fromEvent": true
}
[02/16/26, 09:59:23:838] info: Store: UPDATE_SETTINGS 
{
  "mainWindowSettings": {
    "fullScreen": false,
    "maximized": false,
    "bounds": {
      "x": 0,
      "y": 0,
      "width": 668,
      "height": 748
    }
  }
}
[02/16/26, 09:59:27:089] info: Store: persist/FLUSH 
[02/16/26, 09:59:27:703] info: Breadcrumb: electron: window.blur 
{
  "id": 1,
  "url": "[REDACTED]"
}
[02/16/26, 09:59:27:703] info: Breadcrumb: electron: app.browser-window-blur 
[02/16/26, 09:59:27:704] info: Store: SET_WINDOW_FRAME 
{
  "id": 1,
  "frame": {
    "isFocused": false
  },
  "fromEvent": true
}
[02/16/26, 10:00:01:168] info: Breadcrumb: electron: window.focus 
{
  "id": 1,
  "url": "[REDACTED]"
}
[02/16/26, 10:00:01:169] info: Breadcrumb: electron: app.browser-window-focus 
[02/16/26, 10:00:01:169] info: Store: SET_WINDOW_FRAME 
{
  "id": 1,
  "frame": {
    "isFocused": true
  },
  "fromEvent": true
}
[02/16/26, 10:00:04:915] info: Permission check granted: 
{
  "isMainFrame": true,
  "permission": "media",
  "requestingOrigin": "https://app.slack.com/",
  "requestingUrl": "https://app.slack.com/client/T06AU05DL0L",
  "securityOrigin": null,
  "mediaType": "video",
  "slackChildWindowRequest": {
    "result": false,
    "reason": "Not child window URL"
  }
}
[02/16/26, 10:00:04:915] info: Permission check granted: 
{
  "isMainFrame": true,
  "permission": "media",
  "requestingOrigin": "https://app.slack.com/",
  "requestingUrl": "https://app.slack.com/client/T06AU05DL0L",
  "securityOrigin": null,
  "mediaType": "audio",
  "slackChildWindowRequest": {
    "result": false,
    "reason": "Not child window URL"
  }
}
[02/16/26, 10:00:04:916] info: Permission check granted: 
{
  "isMainFrame": true,
  "permission": "geolocation",
  "requestingOrigin": "https://app.slack.com/",
  "requestingUrl": "https://app.slack.com/client/T06AU05DL0L",
  "securityOrigin": null,
  "slackChildWindowRequest": {
    "result": false,
    "reason": "Not child window URL"
  }
}
[02/16/26, 10:00:04:916] info: Permission check granted: 
{
  "isMainFrame": true,
  "permission": "window-management",
  "requestingOrigin": "https://app.slack.com/",
  "requestingUrl": "https://app.slack.com/client/T06AU05DL0L",
  "securityOrigin": null,
  "slackChildWindowRequest": {
    "result": false,
    "reason": "Not child window URL"
  }
}
[02/16/26, 10:00:04:919] info: Store: UPSERT_WEB_CONTENTS 
{
  "id": 1,
  "history": "[REDACTED]"
}
[02/16/26, 10:00:06:059] info: Breadcrumb: electron: renderer.dom-ready 
{
  "id": 1,
  "url": "[REDACTED]"
}
[02/16/26, 10:00:06:059] info: registerLifeCycleEvents: webContents:1 from 'loaded' to 'loaded' took 1140 ms 
[02/16/26, 10:00:06:059] info: Store: UPSERT_WEB_CONTENTS 
{
  "id": 1,
  "state": "loaded"
}
[02/16/26, 10:00:06:063] info: Breadcrumb: electron: window.ready-to-show 
{
  "id": 1,
  "url": "[REDACTED]"
}
[02/16/26, 10:00:06:341] info: Permission check granted: 
{
  "isMainFrame": true,
  "permission": "background-sync",
  "requestingOrigin": "https://app.slack.com/",
  "requestingUrl": "https://app.slack.com/client/T06AU05DL0L",
  "securityOrigin": null,
  "slackChildWindowRequest": {
    "result": false,
    "reason": "Not child window URL"
  }
}
[02/16/26, 10:00:06:758] info: Store: SET_NETWORK_STATUS online
[02/16/26, 10:00:07:427] info: Store: UPDATE_SETTINGS 
{
  "userTheme": "dark"
}
[02/16/26, 10:00:07:428] info: Store: UPDATE_SETTINGS 
{
  "systemThemeSyncEnabled": true
}
[02/16/26, 10:00:07:430] info: waitAuthCookieChange: waiting for auth change for session 
{
  "sessionId": "PROD_DEFAULT_SESSION"
}
[02/16/26, 10:00:07:449] info: Store: SELECTION_CHANGED T06AU05DL0L
[02/16/26, 10:00:07:466] info: Permission check denied: 
{
  "isMainFrame": false,
  "permission": "media",
  "requestingOrigin": "https://app.slack.com/",
  "requestingUrl": null,
  "securityOrigin": null,
  "mediaType": "video",
  "slackChildWindowRequest": false
}
[02/16/26, 10:00:07:466] info: Permission check denied: 
{
  "isMainFrame": false,
  "permission": "media",
  "requestingOrigin": "https://app.slack.com/",
  "requestingUrl": null,
  "securityOrigin": null,
  "mediaType": "audio",
  "slackChildWindowRequest": false
}
[02/16/26, 10:00:07:466] info: Permission check denied: 
{
  "isMainFrame": false,
  "permission": "geolocation",
  "requestingOrigin": "https://app.slack.com/",
  "requestingUrl": null,
  "securityOrigin": null,
  "slackChildWindowRequest": false
}
[02/16/26, 10:00:07:466] info: Permission check denied: 
{
  "isMainFrame": false,
  "permission": "window-management",
  "requestingOrigin": "https://app.slack.com/",
  "requestingUrl": null,
  "securityOrigin": null,
  "slackChildWindowRequest": false
}
[02/16/26, 10:00:09:012] info: Store: REDUX_UPDATE_FROM_WEBAPP (T06AU05DL0L) Changed keys [theme,notificationPrefs,connectivityPrefs,featureFlags,unreads,locale,version,frontendBuildType,userId]
[02/16/26, 10:00:09:020] info: Permission check denied: 
{
  "isMainFrame": false,
  "permission": "media",
  "requestingOrigin": "https://app.slack.com/",
  "requestingUrl": null,
  "securityOrigin": null,
  "mediaType": "video",
  "slackChildWindowRequest": false
}
[02/16/26, 10:00:09:020] info: Permission check denied: 
{
  "isMainFrame": false,
  "permission": "media",
  "requestingOrigin": "https://app.slack.com/",
  "requestingUrl": null,
  "securityOrigin": null,
  "mediaType": "audio",
  "slackChildWindowRequest": false
}
[02/16/26, 10:00:09:020] info: Permission check denied: 
{
  "isMainFrame": false,
  "permission": "geolocation",
  "requestingOrigin": "https://app.slack.com/",
  "requestingUrl": null,
  "securityOrigin": null,
  "slackChildWindowRequest": false
}
[02/16/26, 10:00:09:021] info: Permission check denied: 
{
  "isMainFrame": false,
  "permission": "window-management",
  "requestingOrigin": "https://app.slack.com/",
  "requestingUrl": null,
  "securityOrigin": null,
  "slackChildWindowRequest": false
}
[02/16/26, 10:00:09:080] info: Store: EXTEND_MENU global: menucategory-file,menucategory-view,menucategory-jump-to
[02/16/26, 10:00:09:086] info: Store: EXTEND_MENU T06AU05DL0L: menucategory-file,menucategory-view,menucategory-edit,menucategory-help,menucategory-history
[02/16/26, 10:00:09:091] info: Store: UPDATE_SETTINGS 
{
  "zoomLevel": 0
}
[02/16/26, 10:00:09:285] info: Store: REDUX_UPDATE_FROM_WEBAPP (T08KF7TD5AN) Changed keys [theme,notificationPrefs,connectivityPrefs,featureFlags,unreads,locale,version,frontendBuildType,userId]
[02/16/26, 10:00:09:382] info: Permission check granted: 
{
  "isMainFrame": true,
  "permission": "media",
  "requestingOrigin": "https://app.slack.com/",
  "requestingUrl": "https://app.slack.com/client/T06AU05DL0L",
  "securityOrigin": null,
  "mediaType": "video",
  "slackChildWindowRequest": {
    "result": false,
    "reason": "Not child window URL"
  }
}
[02/16/26, 10:00:09:383] info: Permission check granted: 
{
  "isMainFrame": true,
  "permission": "media",
  "requestingOrigin": "https://app.slack.com/",
  "requestingUrl": "https://app.slack.com/client/T06AU05DL0L",
  "securityOrigin": null,
  "mediaType": "audio",
  "slackChildWindowRequest": {
    "result": false,
    "reason": "Not child window URL"
  }
}
[02/16/26, 10:00:09:383] info: Permission check granted: 
{
  "isMainFrame": true,
  "permission": "geolocation",
  "requestingOrigin": "https://app.slack.com/",
  "requestingUrl": "https://app.slack.com/client/T06AU05DL0L",
  "securityOrigin": null,
  "slackChildWindowRequest": {
    "result": false,
    "reason": "Not child window URL"
  }
}
[02/16/26, 10:00:09:384] info: Permission check granted: 
{
  "isMainFrame": true,
  "permission": "window-management",
  "requestingOrigin": "https://app.slack.com/",
  "requestingUrl": "https://app.slack.com/client/T06AU05DL0L",
  "securityOrigin": null,
  "slackChildWindowRequest": {
    "result": false,
    "reason": "Not child window URL"
  }
}
[02/16/26, 10:00:09:387] info: Store: UPSERT_WEB_CONTENTS 
{
  "id": 1,
  "history": "[REDACTED]"
}
[02/16/26, 10:00:09:398] info: waitAuthCookieChange: waiting for auth change for session 
{
  "sessionId": "PROD_DEFAULT_SESSION"
}
[02/16/26, 10:00:09:528] info: Permission check granted: 
{
  "isMainFrame": true,
  "permission": "notifications",
  "requestingOrigin": "https://app.slack.com/",
  "requestingUrl": "https://app.slack.com/client/T06AU05DL0L",
  "securityOrigin": null,
  "slackChildWindowRequest": {
    "result": false,
    "reason": "Not child window URL"
  }
}
[02/16/26, 10:00:09:566] info: Store: SYNC (Empty)
[02/16/26, 10:00:09:761] info: Permission check granted: 
{
  "isMainFrame": false,
  "permission": "background-sync",
  "requestingOrigin": "https://[REDACTED].slack.com/",
  "requestingUrl": null,
  "securityOrigin": null,
  "slackChildWindowRequest": false
}
[02/16/26, 10:00:09:980] info: Breadcrumb: electron: renderer.dom-ready 
{
  "id": 1,
  "url": "[REDACTED]"
}
[02/16/26, 10:00:09:980] info: registerLifeCycleEvents: webContents:1 from 'loaded' to 'loaded' took 593 ms 
[02/16/26, 10:00:09:980] info: Store: UPSERT_WEB_CONTENTS 
{
  "id": 1,
  "state": "loaded"
}
[02/16/26, 10:00:09:982] info: Breadcrumb: electron: window.ready-to-show 
{
  "id": 1,
  "url": "[REDACTED]"
}
[02/16/26, 10:00:10:249] info: Store: UPDATE_SETTINGS 
{
  "userTheme": "dark"
}
[02/16/26, 10:00:10:251] info: Store: UPDATE_SETTINGS 
{
  "systemThemeSyncEnabled": true
}
[02/16/26, 10:00:10:257] info: waitAuthCookieChange: waiting for auth change for session 
{
  "sessionId": "PROD_DEFAULT_SESSION"
}
[02/16/26, 10:00:10:259] info: Permission check denied: 
{
  "isMainFrame": false,
  "permission": "media",
  "requestingOrigin": "https://app.slack.com/",
  "requestingUrl": null,
  "securityOrigin": null,
  "mediaType": "video",
  "slackChildWindowRequest": false
}
[02/16/26, 10:00:10:260] info: Permission check denied: 
{
  "isMainFrame": false,
  "permission": "media",
  "requestingOrigin": "https://app.slack.com/",
  "requestingUrl": null,
  "securityOrigin": null,
  "mediaType": "audio",
  "slackChildWindowRequest": false
}
[02/16/26, 10:00:10:260] info: Permission check denied: 
{
  "isMainFrame": false,
  "permission": "geolocation",
  "requestingOrigin": "https://app.slack.com/",
  "requestingUrl": null,
  "securityOrigin": null,
  "slackChildWindowRequest": false
}
[02/16/26, 10:00:10:260] info: Permission check denied: 
{
  "isMainFrame": false,
  "permission": "window-management",
  "requestingOrigin": "https://app.slack.com/",
  "requestingUrl": null,
  "securityOrigin": null,
  "slackChildWindowRequest": false
}
[02/16/26, 10:00:10:262] info: Permission check granted: 
{
  "isMainFrame": true,
  "permission": "background-sync",
  "requestingOrigin": "https://app.slack.com/",
  "requestingUrl": "https://app.slack.com/client/T06AU05DL0L",
  "securityOrigin": null,
  "slackChildWindowRequest": {
    "result": false,
    "reason": "Not child window URL"
  }
}
[02/16/26, 10:00:10:622] info: Permission check granted: 
{
  "isMainFrame": true,
  "permission": "media",
  "requestingOrigin": "https://app.slack.com/",
  "requestingUrl": "https://app.slack.com/client/T06AU05DL0L",
  "securityOrigin": null,
  "mediaType": "video",
  "slackChildWindowRequest": {
    "result": false,
    "reason": "Not child window URL"
  }
}
[02/16/26, 10:00:10:623] info: Permission check granted: 
{
  "isMainFrame": true,
  "permission": "media",
  "requestingOrigin": "https://app.slack.com/",
  "requestingUrl": "https://app.slack.com/client/T06AU05DL0L",
  "securityOrigin": null,
  "mediaType": "audio",
  "slackChildWindowRequest": {
    "result": false,
    "reason": "Not child window URL"
  }
}
[02/16/26, 10:00:10:623] info: Permission check granted: 
{
  "isMainFrame": true,
  "permission": "geolocation",
  "requestingOrigin": "https://app.slack.com/",
  "requestingUrl": "https://app.slack.com/client/T06AU05DL0L",
  "securityOrigin": null,
  "slackChildWindowRequest": {
    "result": false,
    "reason": "Not child window URL"
  }
}
[02/16/26, 10:00:10:624] info: Permission check granted: 
{
  "isMainFrame": true,
  "permission": "window-management",
  "requestingOrigin": "https://app.slack.com/",
  "requestingUrl": "https://app.slack.com/client/T06AU05DL0L",
  "securityOrigin": null,
  "slackChildWindowRequest": {
    "result": false,
    "reason": "Not child window URL"
  }
}
[02/16/26, 10:00:10:627] info: Store: UPSERT_WEB_CONTENTS 
{
  "id": 1,
  "history": "[REDACTED]"
}
[02/16/26, 10:00:10:633] info: Store: SET_NETWORK_STATUS online
[02/16/26, 10:00:11:360] info: Breadcrumb: electron.net: undefined 
{
  "url": "[REDACTED]",
  "method": "POST",
  "status_code": 200
}
[02/16/26, 10:00:11:693] info: Store: UPDATE_SETTINGS 
{
  "userTheme": "light"
}
[02/16/26, 10:00:11:694] info: Store: UPDATE_SETTINGS 
{
  "systemThemeSyncEnabled": false
}
[02/16/26, 10:00:11:697] info: Permission check granted: 
{
  "isMainFrame": true,
  "permission": "background-sync",
  "requestingOrigin": "https://app.slack.com/",
  "requestingUrl": "https://app.slack.com/ssb/first?v=4.47.69&redir=%2Fgantry%2Fauth%3Fapp%3Dclient%26lc%3D1771203575%26return_to%3D%252Fclient%252FT06AU05DL0L%26teams%3DT06AU05DL0L%252CT08KF7TD5AN&team=T06AU05DL0L",
  "securityOrigin": null,
  "slackChildWindowRequest": {
    "result": false,
    "reason": "Not child window URL"
  }
}
[02/16/26, 10:00:11:706] info: Permission check granted: 
{
  "isMainFrame": true,
  "permission": "media",
  "requestingOrigin": "https://app.slack.com/",
  "requestingUrl": "https://app.slack.com/ssb/first?v=4.47.69&redir=%2Fgantry%2Fauth%3Fapp%3Dclient%26lc%3D1771203575%26return_to%3D%252Fclient%252FT06AU05DL0L%26teams%3DT06AU05DL0L%252CT08KF7TD5AN&team=T06AU05DL0L",
  "securityOrigin": null,
  "mediaType": "video",
  "slackChildWindowRequest": {
    "result": false,
    "reason": "Not child window URL"
  }
}
[02/16/26, 10:00:11:707] info: Permission check granted: 
{
  "isMainFrame": true,
  "permission": "media",
  "requestingOrigin": "https://app.slack.com/",
  "requestingUrl": "https://app.slack.com/ssb/first?v=4.47.69&redir=%2Fgantry%2Fauth%3Fapp%3Dclient%26lc%3D1771203575%26return_to%3D%252Fclient%252FT06AU05DL0L%26teams%3DT06AU05DL0L%252CT08KF7TD5AN&team=T06AU05DL0L",
  "securityOrigin": null,
  "mediaType": "audio",
  "slackChildWindowRequest": {
    "result": false,
    "reason": "Not child window URL"
  }
}
[02/16/26, 10:00:11:707] info: Permission check granted: 
{
  "isMainFrame": true,
  "permission": "geolocation",
  "requestingOrigin": "https://app.slack.com/",
  "requestingUrl": "https://app.slack.com/ssb/first?v=4.47.69&redir=%2Fgantry%2Fauth%3Fapp%3Dclient%26lc%3D1771203575%26return_to%3D%252Fclient%252FT06AU05DL0L%26teams%3DT06AU05DL0L%252CT08KF7TD5AN&team=T06AU05DL0L",
  "securityOrigin": null,
  "slackChildWindowRequest": {
    "result": false,
    "reason": "Not child window URL"
  }
}
[02/16/26, 10:00:11:707] info: Permission check granted: 
{
  "isMainFrame": true,
  "permission": "window-management",
  "requestingOrigin": "https://app.slack.com/",
  "requestingUrl": "https://app.slack.com/ssb/first?v=4.47.69&redir=%2Fgantry%2Fauth%3Fapp%3Dclient%26lc%3D1771203575%26return_to%3D%252Fclient%252FT06AU05DL0L%26teams%3DT06AU05DL0L%252CT08KF7TD5AN&team=T06AU05DL0L",
  "securityOrigin": null,
  "slackChildWindowRequest": {
    "result": false,
    "reason": "Not child window URL"
  }
}
[02/16/26, 10:00:11:777] info: Breadcrumb: electron: renderer.dom-ready 
{
  "id": 1,
  "url": "[REDACTED]"
}
[02/16/26, 10:00:11:777] info: registerLifeCycleEvents: webContents:1 from 'loaded' to 'loaded' took 1150 ms 
[02/16/26, 10:00:11:777] info: Store: UPSERT_WEB_CONTENTS 
{
  "id": 1,
  "state": "loaded"
}
[02/16/26, 10:00:11:785] info: Breadcrumb: electron: window.ready-to-show 
{
  "id": 1,
  "url": "[REDACTED]"
}
[02/16/26, 10:00:11:790] info: waitAuthCookieChange: waiting for auth change for session 
{
  "sessionId": "PROD_DEFAULT_SESSION"
}
[02/16/26, 10:00:12:082] info: Store: SET_NETWORK_STATUS online
[02/16/26, 10:00:14:567] info: Store: persist/FLUSH 
[02/16/26, 10:00:21:667] info: Permission check granted: 
{
  "isMainFrame": true,
  "permission": "media",
  "requestingOrigin": "https://app.slack.com/",
  "requestingUrl": "https://app.slack.com/ssb/first?v=4.47.69&redir=%2Fgantry%2Fauth%3Fapp%3Dclient%26lc%3D1771203575%26return_to%3D%252Fclient%252FT06AU05DL0L%26teams%3DT06AU05DL0L%252CT08KF7TD5AN&team=T06AU05DL0L",
  "securityOrigin": null,
  "mediaType": "video",
  "slackChildWindowRequest": {
    "result": false,
    "reason": "Not child window URL"
  }
}
[02/16/26, 10:00:21:667] info: Permission check granted: 
{
  "isMainFrame": true,
  "permission": "media",
  "requestingOrigin": "https://app.slack.com/",
  "requestingUrl": "https://app.slack.com/ssb/first?v=4.47.69&redir=%2Fgantry%2Fauth%3Fapp%3Dclient%26lc%3D1771203575%26return_to%3D%252Fclient%252FT06AU05DL0L%26teams%3DT06AU05DL0L%252CT08KF7TD5AN&team=T06AU05DL0L",
  "securityOrigin": null,
  "mediaType": "audio",
  "slackChildWindowRequest": {
    "result": false,
    "reason": "Not child window URL"
  }
}
[02/16/26, 10:00:21:667] info: Permission check granted: 
{
  "isMainFrame": true,
  "permission": "geolocation",
  "requestingOrigin": "https://app.slack.com/",
  "requestingUrl": "https://app.slack.com/ssb/first?v=4.47.69&redir=%2Fgantry%2Fauth%3Fapp%3Dclient%26lc%3D1771203575%26return_to%3D%252Fclient%252FT06AU05DL0L%26teams%3DT06AU05DL0L%252CT08KF7TD5AN&team=T06AU05DL0L",
  "securityOrigin": null,
  "slackChildWindowRequest": {
    "result": false,
    "reason": "Not child window URL"
  }
}
[02/16/26, 10:00:21:667] info: Permission check granted: 
{
  "isMainFrame": true,
  "permission": "window-management",
  "requestingOrigin": "https://app.slack.com/",
  "requestingUrl": "https://app.slack.com/ssb/first?v=4.47.69&redir=%2Fgantry%2Fauth%3Fapp%3Dclient%26lc%3D1771203575%26return_to%3D%252Fclient%252FT06AU05DL0L%26teams%3DT06AU05DL0L%252CT08KF7TD5AN&team=T06AU05DL0L",
  "securityOrigin": null,
  "slackChildWindowRequest": {
    "result": false,
    "reason": "Not child window URL"
  }
}
[02/16/26, 10:00:22:129] info: Store: UPDATE_SETTINGS 
{
  "lastClogForProxyInfo": 1771203622129
}
[02/16/26, 10:00:22:343] info: Breadcrumb: electron.net: undefined 
{
  "url": "[REDACTED]",
  "method": "POST",
  "status_code": 200
}
[02/16/26, 10:00:30:864] info: Store: RELOAD 
[02/16/26, 10:00:30:866] info: maybeReloadWebContents: attempting to reload URL: 
{
  "currentUrl": "https://app.slack.com/ssb/first?v=4.47.69&redir=%2Fgantry%2Fauth%3Fapp%3Dclient%26lc%3D1771203575%26return_to%3D%252Fclient%252FT06AU05DL0L%26teams%3DT06AU05DL0L%252CT08KF7TD5AN&team=T06AU05DL0L#/find-workspaces"
}
[02/16/26, 10:00:30:867] info: Permission check granted: 
{
  "isMainFrame": true,
  "permission": "media",
  "requestingOrigin": "https://app.slack.com/",
  "requestingUrl": "https://app.slack.com/ssb/first?v=4.47.69&redir=%2Fgantry%2Fauth%3Fapp%3Dclient%26lc%3D1771203575%26return_to%3D%252Fclient%252FT06AU05DL0L%26teams%3DT06AU05DL0L%252CT08KF7TD5AN&team=T06AU05DL0L#/find-workspaces",
  "securityOrigin": null,
  "mediaType": "video",
  "slackChildWindowRequest": {
    "result": false,
    "reason": "Not child window URL"
  }
}
[02/16/26, 10:00:30:867] info: Permission check granted: 
{
  "isMainFrame": true,
  "permission": "media",
  "requestingOrigin": "https://app.slack.com/",
  "requestingUrl": "https://app.slack.com/ssb/first?v=4.47.69&redir=%2Fgantry%2Fauth%3Fapp%3Dclient%26lc%3D1771203575%26return_to%3D%252Fclient%252FT06AU05DL0L%26teams%3DT06AU05DL0L%252CT08KF7TD5AN&team=T06AU05DL0L#/find-workspaces",
  "securityOrigin": null,
  "mediaType": "audio",
  "slackChildWindowRequest": {
    "result": false,
    "reason": "Not child window URL"
  }
}
[02/16/26, 10:00:30:868] info: Permission check granted: 
{
  "isMainFrame": true,
  "permission": "geolocation",
  "requestingOrigin": "https://app.slack.com/",
  "requestingUrl": "https://app.slack.com/ssb/first?v=4.47.69&redir=%2Fgantry%2Fauth%3Fapp%3Dclient%26lc%3D1771203575%26return_to%3D%252Fclient%252FT06AU05DL0L%26teams%3DT06AU05DL0L%252CT08KF7TD5AN&team=T06AU05DL0L#/find-workspaces",
  "securityOrigin": null,
  "slackChildWindowRequest": {
    "result": false,
    "reason": "Not child window URL"
  }
}
[02/16/26, 10:00:30:868] info: Permission check granted: 
{
  "isMainFrame": true,
  "permission": "window-management",
  "requestingOrigin": "https://app.slack.com/",
  "requestingUrl": "https://app.slack.com/ssb/first?v=4.47.69&redir=%2Fgantry%2Fauth%3Fapp%3Dclient%26lc%3D1771203575%26return_to%3D%252Fclient%252FT06AU05DL0L%26teams%3DT06AU05DL0L%252CT08KF7TD5AN&team=T06AU05DL0L#/find-workspaces",
  "securityOrigin": null,
  "slackChildWindowRequest": {
    "result": false,
    "reason": "Not child window URL"
  }
}
[02/16/26, 10:00:31:678] info: Store: UPDATE_SETTINGS 
{
  "userTheme": "light"
}
[02/16/26, 10:00:31:680] info: Store: UPDATE_SETTINGS 
{
  "systemThemeSyncEnabled": false
}
[02/16/26, 10:00:31:859] info: Breadcrumb: electron: renderer.dom-ready 
{
  "id": 1,
  "url": "[REDACTED]"
}
[02/16/26, 10:00:31:859] info: registerLifeCycleEvents: webContents:1 from 'loaded' to 'loaded' took 20082 ms 
[02/16/26, 10:00:31:859] info: Store: UPSERT_WEB_CONTENTS 
{
  "id": 1,
  "state": "loaded"
}
[02/16/26, 10:00:31:873] info: Breadcrumb: electron: window.ready-to-show 
{
  "id": 1,
  "url": "[REDACTED]"
}
[02/16/26, 10:00:31:877] info: Permission check granted: 
{
  "isMainFrame": true,
  "permission": "background-sync",
  "requestingOrigin": "https://app.slack.com/",
  "requestingUrl": "https://app.slack.com/ssb/first?v=4.47.69&redir=%2Fgantry%2Fauth%3Fapp%3Dclient%26lc%3D1771203575%26return_to%3D%252Fclient%252FT06AU05DL0L%26teams%3DT06AU05DL0L%252CT08KF7TD5AN&team=T06AU05DL0L#/find-workspaces",
  "securityOrigin": null,
  "slackChildWindowRequest": {
    "result": false,
    "reason": "Not child window URL"
  }
}
[02/16/26, 10:00:32:001] info: Breadcrumb: electron.net: undefined 
{
  "url": "[REDACTED]",
  "method": "POST",
  "status_code": 200
}
[02/16/26, 10:00:32:207] info: Store: SET_NETWORK_STATUS online
[02/16/26, 10:00:32:530] info: Breadcrumb: electron.net: undefined 
{
  "url": "[REDACTED]",
  "method": "POST",
  "status_code": 200
}
[02/16/26, 10:00:32:975] info: Breadcrumb: electron.net: undefined 
{
  "url": "[REDACTED]",
  "method": "POST",
  "status_code": 200
}
[02/16/26, 10:00:33:414] info: Breadcrumb: electron.net: undefined 
{
  "url": "[REDACTED]",
  "method": "POST",
  "status_code": 200
}
[02/16/26, 10:00:48:988] info: Store: SET_WINDOW_FRAME 
{
  "id": 1,
  "frame": {
    "bounds": {
      "x": 0,
      "y": 0,
      "width": 1256,
      "height": 748
    }
  },
  "fromEvent": true
}
[02/16/26, 10:00:48:991] info: Store: UPDATE_SETTINGS 
{
  "mainWindowSettings": {
    "fullScreen": false,
    "maximized": false,
    "bounds": {
      "x": 0,
      "y": 0,
      "width": 1256,
      "height": 748
    }
  }
}
[02/16/26, 10:00:50:390] info: actionForExternalWindowURL: Opening external window 
[02/16/26, 10:00:50:395] info: openExternal: Successfully opened external URL 
{
  "protocol": "https:",
  "trigger": 0
}
[02/16/26, 10:00:52:835] info: actionForExternalWindowURL: Opening external window 
[02/16/26, 10:00:52:838] info: openExternal: Successfully opened external URL 
{
  "protocol": "https:",
  "trigger": 0
}
[02/16/26, 10:00:53:507] info: Breadcrumb: electron: window.blur 
{
  "id": 1,
  "url": "[REDACTED]"
}
[02/16/26, 10:00:53:507] info: Breadcrumb: electron: app.browser-window-blur 
[02/16/26, 10:00:53:508] info: Store: SET_WINDOW_FRAME 
{
  "id": 1,
  "frame": {
    "isFocused": false
  },
  "fromEvent": true
}
[02/16/26, 10:01:42:723] info: Breadcrumb: electron.net: undefined 
{
  "url": "[REDACTED]",
  "method": "POST",
  "status_code": 200
}
[02/16/26, 10:01:55:277] info: Breadcrumb: electron: app.second-instance 
[02/16/26, 10:01:55:278] info: secondInstanceEpic: Received deep link protocol activation 
[02/16/26, 10:01:55:278] info: Store: HANDLE_DEEP_LINK 
{
  "url": "[REDACTED]"
}
[02/16/26, 10:01:55:279] info: Store: MAGIC_LOGIN_IN_PROGRESS true
[02/16/26, 10:01:55:282] info: Breadcrumb: electron: app.web-contents-created 
[02/16/26, 10:01:55:282] info: Breadcrumb: electron: app.browser-window-created 
[02/16/26, 10:01:55:282] info: MagicLogin: Making magic login API request to https://app.slack.com/api/ 
[02/16/26, 10:01:55:282] info: Permission check denied: 
{
  "isMainFrame": true,
  "permission": "media",
  "requestingOrigin": null,
  "requestingUrl": null,
  "securityOrigin": null,
  "mediaType": "video",
  "slackChildWindowRequest": {
    "result": false,
    "reason": "Not child window URL"
  }
}
[02/16/26, 10:01:55:282] info: Permission check denied: 
{
  "isMainFrame": true,
  "permission": "media",
  "requestingOrigin": null,
  "requestingUrl": null,
  "securityOrigin": null,
  "mediaType": "audio",
  "slackChildWindowRequest": {
    "result": false,
    "reason": "Not child window URL"
  }
}
[02/16/26, 10:01:55:282] info: Permission check denied: 
{
  "isMainFrame": true,
  "permission": "geolocation",
  "requestingOrigin": null,
  "requestingUrl": null,
  "securityOrigin": null,
  "slackChildWindowRequest": {
    "result": false,
    "reason": "Not child window URL"
  }
}
[02/16/26, 10:01:55:282] info: Permission check denied: 
{
  "isMainFrame": true,
  "permission": "window-management",
  "requestingOrigin": null,
  "requestingUrl": null,
  "securityOrigin": null,
  "slackChildWindowRequest": {
    "result": false,
    "reason": "Not child window URL"
  }
}
[02/16/26, 10:01:55:285] info: Store: FOCUS_WINDOW 
[02/16/26, 10:01:55:286] info: registerLifeCycleEvents: Registering webContents:2 
[02/16/26, 10:01:55:286] info: Store: UPSERT_WEB_CONTENTS 
{
  "id": 2,
  "state": "unloaded"
}
[02/16/26, 10:01:55:288] info: Breadcrumb: electron: window.focus 
{
  "id": 1,
  "url": "[REDACTED]"
}
[02/16/26, 10:01:55:288] info: Breadcrumb: electron: app.browser-window-focus 
[02/16/26, 10:01:55:289] info: Store: SET_WINDOW_FRAME 
{
  "id": 1,
  "frame": {
    "isFocused": true
  },
  "fromEvent": true
}
[02/16/26, 10:01:56:040] info: Breadcrumb: electron: renderer.dom-ready 
{
  "id": 2,
  "url": "[REDACTED]"
}
[02/16/26, 10:01:56:041] info: registerLifeCycleEvents: webContents:2 from 'unloaded' to 'loaded' took 754 ms 
[02/16/26, 10:01:56:041] info: Store: UPSERT_WEB_CONTENTS 
{
  "id": 2,
  "state": "loaded"
}
[02/16/26, 10:01:56:049] info: registerLifeCycleEvents: webContents:2 is type 'auth' 
[02/16/26, 10:01:56:049] info: Store: UPSERT_WEB_CONTENTS 
{
  "id": 2,
  "type": "auth",
  "history": "[REDACTED]"
}
[02/16/26, 10:01:56:052] info: Breadcrumb: electron: window.ready-to-show 
{
  "id": 2,
  "url": "[REDACTED]"
}
[02/16/26, 10:01:56:054] info: Breadcrumb: electron: window.close 
{
  "id": 2,
  "url": "[REDACTED]"
}
[02/16/26, 10:01:56:055] info: registerLifeCycleEvents: webContents:2 from 'loaded' to 'page-closed' took 6 ms 
[02/16/26, 10:01:56:055] info: Store: UPSERT_WEB_CONTENTS 
{
  "id": 2,
  "state": "page-closed"
}
[02/16/26, 10:01:56:056] info: Store: MAGIC_LOGIN_IN_PROGRESS 
[02/16/26, 10:01:56:058] info: Breadcrumb: electron: renderer.destroyed 
{
  "id": 2,
  "url": "[REDACTED]"
}
[02/16/26, 10:01:56:058] info: Store: REMOVE_WEB_CONTENTS 
{
  "id": 2
}
[02/16/26, 10:01:56:062] info: Breadcrumb: electron: window.closed 
{
  "id": 2,
  "url": "[REDACTED]"
}
[02/16/26, 10:01:59:219] info: actionForExternalWindowURL: Opening external window 
[02/16/26, 10:01:59:224] info: openExternal: Successfully opened external URL 
{
  "protocol": "https:",
  "trigger": 0
}
[02/16/26, 10:01:59:485] info: Breadcrumb: electron: window.blur 
{
  "id": 1,
  "url": "[REDACTED]"
}
[02/16/26, 10:01:59:485] info: Breadcrumb: electron: app.browser-window-blur 
[02/16/26, 10:01:59:486] info: Store: SET_WINDOW_FRAME 
{
  "id": 1,
  "frame": {
    "isFocused": false
  },
  "fromEvent": true
}
[02/16/26, 10:02:52:526] info: Breadcrumb: electron: app.second-instance 
[02/16/26, 10:02:52:526] info: secondInstanceEpic: Received deep link protocol activation 
[02/16/26, 10:02:52:526] info: Store: HANDLE_DEEP_LINK 
{
  "url": "[REDACTED]"
}
[02/16/26, 10:02:52:526] info: Store: MAGIC_LOGIN_IN_PROGRESS true
[02/16/26, 10:02:52:528] info: Breadcrumb: electron: app.web-contents-created 
[02/16/26, 10:02:52:528] info: Breadcrumb: electron: app.browser-window-created 
[02/16/26, 10:02:52:528] info: MagicLogin: Making magic login API request to https://app.slack.com/api/ 
[02/16/26, 10:02:52:529] info: Permission check denied: 
{
  "isMainFrame": true,
  "permission": "media",
  "requestingOrigin": null,
  "requestingUrl": null,
  "securityOrigin": null,
  "mediaType": "video",
  "slackChildWindowRequest": {
    "result": false,
    "reason": "Not child window URL"
  }
}
[02/16/26, 10:02:52:529] info: Permission check denied: 
{
  "isMainFrame": true,
  "permission": "media",
  "requestingOrigin": null,
  "requestingUrl": null,
  "securityOrigin": null,
  "mediaType": "audio",
  "slackChildWindowRequest": {
    "result": false,
    "reason": "Not child window URL"
  }
}
[02/16/26, 10:02:52:529] info: Permission check denied: 
{
  "isMainFrame": true,
  "permission": "geolocation",
  "requestingOrigin": null,
  "requestingUrl": null,
  "securityOrigin": null,
  "slackChildWindowRequest": {
    "result": false,
    "reason": "Not child window URL"
  }
}
[02/16/26, 10:02:52:529] info: Permission check denied: 
{
  "isMainFrame": true,
  "permission": "window-management",
  "requestingOrigin": null,
  "requestingUrl": null,
  "securityOrigin": null,
  "slackChildWindowRequest": {
    "result": false,
    "reason": "Not child window URL"
  }
}
[02/16/26, 10:02:52:531] info: Store: FOCUS_WINDOW 
[02/16/26, 10:02:52:532] info: registerLifeCycleEvents: Registering webContents:3 
[02/16/26, 10:02:52:532] info: Store: UPSERT_WEB_CONTENTS 
{
  "id": 3,
  "state": "unloaded"
}
[02/16/26, 10:02:52:536] info: Breadcrumb: electron: window.focus 
{
  "id": 1,
  "url": "[REDACTED]"
}
[02/16/26, 10:02:52:536] info: Breadcrumb: electron: app.browser-window-focus 
[02/16/26, 10:02:52:536] info: Store: SET_WINDOW_FRAME 
{
  "id": 1,
  "frame": {
    "isFocused": true
  },
  "fromEvent": true
}
[02/16/26, 10:02:52:553] info: Breadcrumb: electron.net: undefined 
{
  "url": "[REDACTED]",
  "method": "POST",
  "status_code": 200
}
[02/16/26, 10:02:53:262] info: Breadcrumb: electron: renderer.dom-ready 
{
  "id": 3,
  "url": "[REDACTED]"
}
[02/16/26, 10:02:53:262] info: registerLifeCycleEvents: webContents:3 from 'unloaded' to 'loaded' took 730 ms 
[02/16/26, 10:02:53:262] info: Store: UPSERT_WEB_CONTENTS 
{
  "id": 3,
  "state": "loaded"
}
[02/16/26, 10:02:53:269] info: registerLifeCycleEvents: webContents:3 is type 'auth' 
[02/16/26, 10:02:53:269] info: Store: UPSERT_WEB_CONTENTS 
{
  "id": 3,
  "type": "auth",
  "history": "[REDACTED]"
}
[02/16/26, 10:02:53:271] info: Breadcrumb: electron: window.ready-to-show 
{
  "id": 3,
  "url": "[REDACTED]"
}
[02/16/26, 10:02:53:273] info: Breadcrumb: electron: window.close 
{
  "id": 3,
  "url": "[REDACTED]"
}
[02/16/26, 10:02:53:274] info: registerLifeCycleEvents: webContents:3 from 'loaded' to 'page-closed' took 5 ms 
[02/16/26, 10:02:53:274] info: Store: UPSERT_WEB_CONTENTS 
{
  "id": 3,
  "state": "page-closed"
}
[02/16/26, 10:02:53:274] info: Store: MAGIC_LOGIN_IN_PROGRESS 
[02/16/26, 10:02:53:276] info: Breadcrumb: electron: renderer.destroyed 
{
  "id": 3,
  "url": "[REDACTED]"
}
[02/16/26, 10:02:53:277] info: Store: REMOVE_WEB_CONTENTS 
{
  "id": 3
}
[02/16/26, 10:02:53:279] info: Breadcrumb: electron: window.closed 
{
  "id": 3,
  "url": "[REDACTED]"
}
[02/16/26, 10:03:02:038] info: Breadcrumb: electron: window.close 
{
  "id": 1,
  "url": "[REDACTED]"
}
[02/16/26, 10:03:02:039] info: Main window closed, consider it a quit action 
{
  "runFromTray": true,
  "keepAppInTaskbar": false
}
[02/16/26, 10:03:02:039] info: Store: QUIT_APP 
[02/16/26, 10:03:02:041] info: Store: DOWNLOADS_CLEANED_UP 
[02/16/26, 10:03:02:043] info: Breadcrumb: electron: window.hide 
{
  "id": 1,
  "url": "[REDACTED]"
}
[02/16/26, 10:03:02:043] info: Store: SET_WINDOW_FRAME 
{
  "id": 1,
  "frame": {
    "isVisible": false
  },
  "fromEvent": true
}
[02/16/26, 10:03:02:044] info: EpicHelpers: Flushing cookie store for session 
{
  "sessionId": "PROD_DEFAULT_SESSION"
}
[02/16/26, 10:03:02:045] info: Disposing dW… 
[02/16/26, 10:03:02:045] info: Disposing EW… 
[02/16/26, 10:03:02:045] info: Disposing uy… 
[02/16/26, 10:03:02:047] info: Breadcrumb: electron: window.blur 
{
  "id": 1,
  "url": "[REDACTED]"
}
[02/16/26, 10:03:02:047] info: Breadcrumb: electron: app.browser-window-blur 
[02/16/26, 10:03:02:048] info: Store: SET_WINDOW_FRAME 
{
  "id": 1,
  "frame": {
    "isFocused": false
  },
  "fromEvent": true
}
[02/16/26, 10:03:02:051] info: registerLifeCycleEvents: webContents:1 from 'loaded' to 'page-closed' took 150192 ms 
[02/16/26, 10:03:02:051] info: Store: UPSERT_WEB_CONTENTS 
{
  "id": 1,
  "state": "page-closed"
}
[02/16/26, 10:03:02:055] info: Breadcrumb: electron: renderer.destroyed 
{
  "id": 1,
  "url": "[REDACTED]"
}
[02/16/26, 10:03:02:056] info: Store: REMOVE_WEB_CONTENTS 
{
  "id": 1
}
[02/16/26, 10:03:02:062] info: Breadcrumb: electron: window.closed 
{
  "id": 1,
  "url": "[REDACTED]"
}
[02/16/26, 10:03:02:063] info: Store: REMOVE_WINDOW 1
[02/16/26, 10:03:02:064] info: Breadcrumb: electron: app.window-all-closed 
[02/16/26, 10:03:02:064] info: Breadcrumb: electron: app.before-quit 
[02/16/26, 10:03:02:065] info: Breadcrumb: electron: app.will-quit 
[02/16/26, 10:03:02:065] info: Telling native-keymap to ignore all future events as we are quitting 
[02/16/26, 10:03:02:081] info: flushLocalSettings: Flushing local-settings.json 
{
  "keys": [
    "releaseChannelOverride",
    "useHwAcceleration",
    "rxLogging"
  ]
}
[02/16/26, 10:03:02:082] info: Store: persist/FLUSH 
[02/16/26, 10:03:02:086] error: Tried to close the main window but it does not exist 
[02/16/26, 10:03:02:094] info: 
┌─────────────────────┬───────────────┐
│ key                 │ time          │
├─────────────────────┼───────────────┤
│  FLUSH_COOKIES      │  36.793408ms  │
│  FLUSH_STORE        │  0.92455ms    │
│  REMOVE_DICT        │  1.901633ms   │
│  FLUSH_TELEMETRY    │  0.651542ms   │
│  CLOSE_MAIN_WINDOW  │  0.433879ms   │
│  TOTAL              │  44.277235ms  │
└─────────────────────┴───────────────┘

 
[02/16/26, 10:03:02:094] info: quitApplicationEpic: Finished, calling app.quit 
[02/16/26, 10:03:02:095] info: Breadcrumb: electron: app.before-quit 
[02/16/26, 10:03:02:096] info: Breadcrumb: electron: app.will-quit 
[02/16/26, 10:03:02:096] info: Telling native-keymap to ignore all future events as we are quitting 
[02/16/26, 10:03:02:451] info: Breadcrumb: electron: app.quit 
[02/16/26, 10:03:25:069] info: 
╔═════════════════════════════════════════════════════════╗
║      Slack 4.47.69, linux 6.18.9-zen1-2-zen on x64      ║
╚═════════════════════════════════════════════════════════╝ 
[02/16/26, 10:03:25:070] info: Configured logger via 
{
  "loggerInstanceCount": 1
}
[02/16/26, 10:03:25:080] info: Predefined values for process 
{
  "NODE_ENV": "production",
  "platform": "linux",
  "type": "browser",
  "timeZone": "Asia/Tokyo",
  "PACKAGE_MANIFEST.productName": "Slack",
  "PACKAGE_MANIFEST.version": "4.47.69",
  "PACKAGE_MANIFEST.commit": "72d60eb",
  "PACKAGE_MANIFEST.branch": "HEAD"
}
[02/16/26, 10:03:25:157] info: makeUuidFactory:: Read existing uuid for instance from persisted location:  
{
  "uuid": "774ac69c-cfe3-4792-b523-70ff122562d6"
}
[02/16/26, 10:03:25:157] info: getSentryDSN: Setting sentry URL to slack.com 
[02/16/26, 10:03:25:252] info: Breadcrumb: electron: app.will-finish-launching 
[02/16/26, 10:03:25:257] info: Breadcrumb: electron: app.ready 
[02/16/26, 10:03:25:263] info: Breadcrumb: electron: app.session-created 
[02/16/26, 10:03:25:264] info: Breadcrumb: electron: app.session-created 
[02/16/26, 10:03:25:269] info: Store: persist/PERSIST 
[02/16/26, 10:03:25:295] info: Store: persist/REHYDRATE 
{
  "appTeams": "[DEPRECATED]",
  "bookmarks": "[REDACTED]",
  "diagnostics": "Virtualization: none",
  "downloads": "No downloads",
  "settings": {
    "devToolsEnabled": false,
    "locale": "en-US",
    "notificationMethod": null,
    "releaseChannelOverride": null
  },
  "teams": "[DEPRECATED]",
  "webapp": "[REDACTED]",
  "workspaces": "Not signed in to any workspaces",
  "workspacesMeta": "Selected workspace: T06AU05DL0L",
  "_persist": "Persistence version: 1"
}
[02/16/26, 10:03:25:298] warn: Telemetry queued before configured 
{
  "event": 1001000
}
[02/16/26, 10:03:25:299] warn: Telemetry trace before configured 
{
  "eventName": "desktop_performance_record"
}
[02/16/26, 10:03:25:299] info: Initial Boot Timestamp: 1771203804881
        Boot Phase: REHYDRATE
        Duration: 10ms
        From Boot to REHYDRATE: 417ms
        Invoked on Startup: false
        CPU Speed: 100 
[02/16/26, 10:03:25:299] info: Store: RECORD_PERFORMANCE_TIMING 
{
  "phase": 0,
  "interval": 10
}
[02/16/26, 10:03:25:301] info: Store: UPDATE_SETTINGS 
{
  "locale": "en-US"
}
[02/16/26, 10:03:25:304] info: Store: INITIALIZE 
{
  "0": {
    "tokens": [
      "z-app-T08KF7TD5AN-10512449830789-a6801a5f393f5e982d656dde73f35cce6cb29ca3b455ae3b9d1faf70d7b702d1"
    ]
  },
  "resourcePath": "/usr/lib/slack/resources/app.asar",
  "silent": true,
  "tsaToken": "[REDACTED]",
  "bootFragments": [],
  "protoUrl": "[REDACTED]"
}
[02/16/26, 10:03:25:306] info: Store: SET_SESSION_MODE 
[02/16/26, 10:03:25:322] info: getLinuxDistro: osInfo 
{
  "os": "Arch Linux",
  "name": "Arch Linux",
  "release": null,
  "codename": null
}
[02/16/26, 10:03:25:322] warn: Couldn't get Linux distro info from /etc/os-release, trying fallback to get Linux distro info 
{
  "error": {
    "name": "Error",
    "stack": "Error: Missing OS or release info\n    at yG (/usr/lib/slack/resources/app.asar/dist/main.bundle.cjs:100:1053)\n    at async CG (/usr/lib/slack/resources/app.asar/dist/main.bundle.cjs:100:2482)\n    at async Object.initializeEnvironmentEpic_listener [as effect] (/usr/lib/slack/resources/app.asar/dist/main.bundle.cjs:100:1644)\n    at async L (/usr/lib/slack/resources/app.asar/dist/main.bundle.cjs:15:19181)",
    "message": "Missing OS or release info"
  }
}
[02/16/26, 10:03:25:325] info: getLinuxDistro: getos 
{
  "res": {
    "os": "linux",
    "dist": "Arch Linux",
    "release": "\"rolling\""
  }
}
[02/16/26, 10:03:25:325] info: initializeEnvironmentEpic: set user agent fallback 
{
  "userAgent": "Mozilla/5.0 (X11; Linux x86_64; Arch Linux \"rolling\"; niri) AppleWebKit/537.36 (KHTML, like Gecko) Slack/4.47.69 Chrome/142.0.7444.177 Electron/39.2.4 Safari/537.36 Sonic Slack_SSB/4.47.69"
}
[02/16/26, 10:03:25:326] info: Store: READY 
{
  "0": {
    "tokens": [
      "z-app-T08KF7TD5AN-10512449830789-a6801a5f393f5e982d656dde73f35cce6cb29ca3b455ae3b9d1faf70d7b702d1"
    ]
  },
  "resourcePath": "/usr/lib/slack/resources/app.asar",
  "silent": true,
  "tsaToken": "[REDACTED]",
  "bootFragments": [],
  "protoUrl": "[REDACTED]",
  "appVersion": "4.47.69",
  "arch": "x64",
  "isGpuCompositionAvailable": true,
  "platform": "linux",
  "platformVersion": {
    "major": 6,
    "minor": 18,
    "build": 9
  },
  "developerMenuOverride": false,
  "uuid": "774ac69c-cfe3-4792-b523-70ff122562d6",
  "applicationProcessSessionId": "Nzc0YWM2OWMtY2ZlMy00NzkyLWI1MjMtNzBmZjEyMjU2MmQ2XzE3NzEyMDM4MDUxNTc=",
  "distribution": "DDL",
  "clientEnvironment": 1000,
  "invokedOnStartup": false,
  "linux": {
    "os": "Arch Linux",
    "name": "Arch Linux \"rolling\"",
    "release": "\"rolling\"",
    "codename": "",
    "desktopEnvironment": "niri"
  }
}
[02/16/26, 10:03:25:327] info: Store: SET_ACCESSIBILITY_SUPPORT_ENABLED 
[02/16/26, 10:03:25:328] info: initializeApplicationEpic: trying to set ntlm credential domain for session 
{
  "sessionId": "PROD_DEFAULT_SESSION"
}
[02/16/26, 10:03:25:328] info: initializeApplicationEpic: Setting spellcheck dictionary URL 
{
  "dictionaryUrl": "https://spellcheck.slack-edge.com/dictionaries_v2/"
}
[02/16/26, 10:03:25:328] info: initializeApplicationEpic: Welcome to Slack 4.47.69 x64 
[02/16/26, 10:03:25:328] info: Store: CREATE_WINDOW 
{
  "type": "main"
}
[02/16/26, 10:03:25:329] info: Store: HANDLE_DEEP_LINK 
{
  "url": "[REDACTED]"
}
[02/16/26, 10:03:25:330] info: Store: MAGIC_LOGIN_IN_PROGRESS true
[02/16/26, 10:03:25:341] info: Breadcrumb: electron: app.web-contents-created 
[02/16/26, 10:03:25:346] info: Breadcrumb: electron: app.browser-window-created 
[02/16/26, 10:03:25:356] info: MagicLogin: Making magic login API request to https://app.slack.com/api/ 
[02/16/26, 10:03:25:361] info: logExternalConfigEpic: initial external config 
{
  "defaults": {}
}
[02/16/26, 10:03:25:363] info: makeUuidFactory:: Read existing uuid for tray from persisted location:  
{
  "uuid": "9a73d20c-6a81-41e6-89c2-ed3a098c92f0"
}
[02/16/26, 10:03:25:371] info: Breadcrumb: electron: powerMonitor.newListener 
[02/16/26, 10:03:25:371] info: Breadcrumb: electron: powerMonitor.newListener 
[02/16/26, 10:03:25:371] info: Breadcrumb: electron: powerMonitor.newListener 
[02/16/26, 10:03:25:371] info: getIsUpdateSupported: Updates are not supported 
{
  "version": "4.47.69",
  "reasons": [
    "using Linux"
  ],
  "distribution": "DDL",
  "executable": "/usr/lib/slack"
}
[02/16/26, 10:03:25:374] info: Breadcrumb: electron: app.web-contents-created 
[02/16/26, 10:03:25:374] info: Breadcrumb: electron: app.browser-window-created 
[02/16/26, 10:03:25:375] info: Store: WINDOW_CREATED 
{
  "type": "main",
  "webappType": "app",
  "id": 2,
  "frame": {
    "isHtmlFullScreen": false,
    "isCurrentlyAudible": false,
    "isFullScreen": false,
    "isMinimized": false,
    "isMaximized": false,
    "isVisible": false,
    "isFocused": false,
    "bounds": {
      "x": 0,
      "y": 0,
      "width": 1256,
      "height": 748
    },
    "hasVibrancy": false,
    "isAlwaysOnTop": false
  }
}
[02/16/26, 10:03:25:377] info: Initial Boot Timestamp: 1771203804881
        Boot Phase: MAIN_WINDOW_CREATED
        Duration: 79ms
        From Boot to MAIN_WINDOW_CREATED: 496ms
        Invoked on Startup: false
        CPU Speed: 100 
[02/16/26, 10:03:25:378] info: Watching for keyboard layout changes 
[02/16/26, 10:03:25:380] info: Store: RECORD_PERFORMANCE_TIMING 
{
  "phase": 1,
  "interval": 79
}
[02/16/26, 10:03:25:380] info: Breadcrumb: electron: powerMonitor.newListener 
[02/16/26, 10:03:25:380] info: Breadcrumb: electron: powerMonitor.newListener 
[02/16/26, 10:03:27:589] info: initialSettingsPayload: trying to invalidate settings 
{
  "payload": {}
}
[02/16/26, 10:03:27:589] info: Store: SET_UPDATE_SUPPORTED 
[02/16/26, 10:03:27:600] info: Feature Check: requesting features from https://app.slack.com/api/ 
[02/16/26, 10:03:27:602] info: Breadcrumb: electron: powerMonitor.newListener 
[02/16/26, 10:03:27:602] info: Breadcrumb: electron: powerMonitor.newListener 
[02/16/26, 10:03:27:602] info: Breadcrumb: electron: powerMonitor.newListener 
[02/16/26, 10:03:27:728] warn: Failed to install protocol handler for slack:// links 
[02/16/26, 10:03:27:729] info: Startup Display id=42 at (0, 0) [1280 x 800] 
[02/16/26, 10:03:27:731] info: registerLifeCycleEvents: Registering webContents:2 
[02/16/26, 10:03:27:732] info: registerLifeCycleEvents: webContents:2 is type 'app' 
[02/16/26, 10:03:27:732] info: Store: UPSERT_WEB_CONTENTS 
{
  "id": 2,
  "state": "unloaded",
  "type": "app"
}
[02/16/26, 10:03:27:743] info: getSonicBaseURL: 
{
  "url": "https://app.slack.com"
}
[02/16/26, 10:03:27:746] info: Permission check denied: 
{
  "isMainFrame": true,
  "permission": "media",
  "requestingOrigin": null,
  "requestingUrl": null,
  "securityOrigin": null,
  "mediaType": "video",
  "slackChildWindowRequest": {
    "result": false,
    "reason": "Not child window URL"
  }
}
[02/16/26, 10:03:27:746] info: Permission check denied: 
{
  "isMainFrame": true,
  "permission": "media",
  "requestingOrigin": null,
  "requestingUrl": null,
  "securityOrigin": null,
  "mediaType": "audio",
  "slackChildWindowRequest": {
    "result": false,
    "reason": "Not child window URL"
  }
}
[02/16/26, 10:03:27:746] info: Permission check denied: 
{
  "isMainFrame": true,
  "permission": "geolocation",
  "requestingOrigin": null,
  "requestingUrl": null,
  "securityOrigin": null,
  "slackChildWindowRequest": {
    "result": false,
    "reason": "Not child window URL"
  }
}
[02/16/26, 10:03:27:746] info: Permission check denied: 
{
  "isMainFrame": true,
  "permission": "window-management",
  "requestingOrigin": null,
  "requestingUrl": null,
  "securityOrigin": null,
  "slackChildWindowRequest": {
    "result": false,
    "reason": "Not child window URL"
  }
}
[02/16/26, 10:03:27:914] info: Breadcrumb: electron: app.gpu-info-update 
[02/16/26, 10:03:27:915] info: collectSystemInfo: Received app.gpu-info-update event 
[02/16/26, 10:03:27:918] info: System configuration information 
{
  "info": {
    "total_memory_in_gb": 15,
    "gpuFeatures": {
      "2d_canvas": "enabled",
      "direct_rendering_display_compositor": "disabled_off_ok",
      "gpu_compositing": "enabled",
      "multiple_raster_threads": "enabled_on",
      "opengl": "enabled_on",
      "rasterization": "enabled",
      "raw_draw": "disabled_off_ok",
      "skia_graphite": "disabled_off",
      "trees_in_viz": "disabled_off",
      "video_decode": "enabled",
      "video_encode": "disabled_software",
      "vulkan": "disabled_off",
      "webgl": "enabled",
      "webgl2": "enabled",
      "webgpu": "disabled_off",
      "webnn": "disabled_off"
    },
    "cpu_model": "12th Gen Intel(R) Core(TM) i5-12500H",
    "cpu_logical_core": 16,
    "cpu_clock_speed": 4090,
    "gpuDevice": [
      {
        "active": true,
        "deviceId": 9641,
        "gpuPreference": 0,
        "vendorId": 4318
      },
      {
        "active": false,
        "deviceId": 18086,
        "gpuPreference": 0,
        "vendorId": 32902
      }
    ],
    "machine_model_name": "unknown",
    "machine_model_version": "unknown",
    "crash_db_size_kb": 1
  }
}
[02/16/26, 10:03:27:919] info: Store: SET_HW_ACCEL_AVAILABILITY enabled
[02/16/26, 10:03:28:313] info: Breadcrumb: electron.net: undefined 
{
  "url": "[REDACTED]",
  "method": "POST",
  "status_code": 200
}
[02/16/26, 10:03:28:317] info: Breadcrumb: electron.net: undefined 
{
  "url": "[REDACTED]",
  "method": "POST",
  "status_code": 200
}
[02/16/26, 10:03:28:319] info: Breadcrumb: electron.net: undefined 
{
  "url": "[REDACTED]",
  "method": "GET",
  "status_code": 200
}
[02/16/26, 10:03:28:324] info: Feature Check: received experiments 
{
  "ok": true,
  "experiments": [
    {
      "experiment": "",
      "disable_chrome_features": [
        "PostQuantumKyber"
      ],
      "type": "normal"
    },
    {
      "experiment": "ripcord_document_policy_include_js_call_stacks",
      "enable_chrome_features": [
        "DocumentPolicyIncludeJSCallStacksInCrashReports"
      ],
      "type": "normal"
    },
    {
      "experiment": "ripcord_desktop_disable_windows_display_crash_feature",
      "disable_chrome_features": [
        "SkipEmptyDisplayHotplugEvent"
      ],
      "type": "normal"
    },
    {
      "experiment": "ripcord_force_color_profile",
      "add_browser_command_line_args": [
        "--force-color-profile=display-p3-d65"
      ],
      "type": "normal",
      "filter": {
        "platform": [
          "darwin"
        ]
      }
    },
    {
      "experiment": "ripcord_disable_blink_customizable_select",
      "disable_blink_features": [
        "CustomizableSelect"
      ],
      "type": "normal"
    },
    {
      "experiment": "ripcord_enumerate_devices_relaxed_cache",
      "disable_chrome_features": [
        "EnumerateDevicesRelaxedCache"
      ],
      "type": "normal"
    },
    {
      "experiment": "",
      "enable_slack_features": [
        "desktop_loading_screen"
      ],
      "type": "normal"
    },
    {
      "experiment": "desktop_extended_unresponsive_timeout",
      "enable_slack_features": [
        "extended_unresponsive_timeout"
      ],
      "type": "normal"
    }
  ]
}
[02/16/26, 10:03:28:334] info: Store: UPDATE_DESKTOP_FEATURES 
[
  "desktop_loading_screen",
  "extended_unresponsive_timeout"
]
[02/16/26, 10:03:28:335] info: Store: UPDATE_SETTINGS 
{
  "signInMethod": "browser"
}
[02/16/26, 10:03:28:338] info: Store: UPDATE_SETTINGS 
{
  "devToolsEnabled": false
}
[02/16/26, 10:03:28:340] info: applyDesktopFeaturesAppEpic: enabled following features 
[
  "desktop_loading_screen",
  "extended_unresponsive_timeout"
]
[02/16/26, 10:03:28:557] info: Breadcrumb: electron: renderer.dom-ready 
{
  "id": 1,
  "url": "[REDACTED]"
}
[02/16/26, 10:03:28:564] info: Breadcrumb: electron: window.ready-to-show 
{
  "id": 1,
  "url": "[REDACTED]"
}
[02/16/26, 10:03:28:566] info: Breadcrumb: electron: window.close 
{
  "id": 1,
  "url": "[REDACTED]"
}
[02/16/26, 10:03:28:567] info: Store: MAGIC_LOGIN_IN_PROGRESS 
[02/16/26, 10:03:28:568] info: Breadcrumb: electron: renderer.destroyed 
{
  "id": 1,
  "url": "[REDACTED]"
}
[02/16/26, 10:03:28:569] info: Breadcrumb: electron: window.closed 
{
  "id": 1,
  "url": "[REDACTED]"
}
[02/16/26, 10:03:28:878] info: Store: UPDATE_SETTINGS 
{
  "userTheme": "light"
}
[02/16/26, 10:03:28:879] info: Store: UPDATE_SETTINGS 
{
  "systemThemeSyncEnabled": false
}
[02/16/26, 10:03:28:889] info: Permission check granted: 
{
  "isMainFrame": true,
  "permission": "media",
  "requestingOrigin": "https://app.slack.com/",
  "requestingUrl": "https://app.slack.com/ssb/first?redir=%2Fssb%2Fclient",
  "securityOrigin": null,
  "mediaType": "video",
  "slackChildWindowRequest": {
    "result": false,
    "reason": "Not child window URL"
  }
}
[02/16/26, 10:03:28:889] info: Permission check granted: 
{
  "isMainFrame": true,
  "permission": "media",
  "requestingOrigin": "https://app.slack.com/",
  "requestingUrl": "https://app.slack.com/ssb/first?redir=%2Fssb%2Fclient",
  "securityOrigin": null,
  "mediaType": "audio",
  "slackChildWindowRequest": {
    "result": false,
    "reason": "Not child window URL"
  }
}
[02/16/26, 10:03:28:889] info: Permission check granted: 
{
  "isMainFrame": true,
  "permission": "geolocation",
  "requestingOrigin": "https://app.slack.com/",
  "requestingUrl": "https://app.slack.com/ssb/first?redir=%2Fssb%2Fclient",
  "securityOrigin": null,
  "slackChildWindowRequest": {
    "result": false,
    "reason": "Not child window URL"
  }
}
[02/16/26, 10:03:28:889] info: Permission check granted: 
{
  "isMainFrame": true,
  "permission": "window-management",
  "requestingOrigin": "https://app.slack.com/",
  "requestingUrl": "https://app.slack.com/ssb/first?redir=%2Fssb%2Fclient",
  "securityOrigin": null,
  "slackChildWindowRequest": {
    "result": false,
    "reason": "Not child window URL"
  }
}
[02/16/26, 10:03:28:937] info: Breadcrumb: electron: renderer.dom-ready 
{
  "id": 2,
  "url": "[REDACTED]"
}
[02/16/26, 10:03:28:937] info: registerLifeCycleEvents: webContents:2 from 'unloaded' to 'loaded' took 1205 ms 
[02/16/26, 10:03:28:938] info: Store: UPSERT_WEB_CONTENTS 
{
  "id": 2,
  "state": "loaded"
}
[02/16/26, 10:03:28:939] info: Initial Boot Timestamp: 1771203804881
        Boot Phase: WEB_CONTENTS_DOM_READY
        Duration: 3562ms
        From Boot to WEB_CONTENTS_DOM_READY: 4058ms
        Invoked on Startup: false
        CPU Speed: 100 
[02/16/26, 10:03:28:940] info: Store: RECORD_PERFORMANCE_TIMING 
{
  "phase": 2,
  "interval": 3562
}
[02/16/26, 10:03:28:941] info: initializeMainWindowEpic: Showing main window 
{
  "maximized": false,
  "shouldHide": false,
  "fullScreen": false
}
[02/16/26, 10:03:28:941] info: Breadcrumb: electron: window.show 
{
  "id": 2,
  "url": "[REDACTED]"
}
[02/16/26, 10:03:28:942] info: Store: SET_WINDOW_FRAME 
{
  "id": 2,
  "frame": {
    "isVisible": true
  },
  "fromEvent": true
}
[02/16/26, 10:03:28:942] info: Store: MAIN_WINDOW_SHOWN 
[02/16/26, 10:03:28:944] info: Store: CLEAR_NOTIFICATIONS 
[02/16/26, 10:03:28:950] info: waitAuthCookieChange: waiting for auth change for session 
{
  "sessionId": "PROD_DEFAULT_SESSION"
}
[02/16/26, 10:03:28:981] info: Breadcrumb: electron: window.ready-to-show 
{
  "id": 2,
  "url": "[REDACTED]"
}
[02/16/26, 10:03:28:994] info: registerLifeCycleEvents: webContents:2 is type 'app' 
[02/16/26, 10:03:28:995] info: Store: UPSERT_WEB_CONTENTS 
{
  "id": 2,
  "type": "app",
  "history": "[REDACTED]"
}
[02/16/26, 10:03:28:998] info: Breadcrumb: electron: window.focus 
{
  "id": 2,
  "url": "[REDACTED]"
}
[02/16/26, 10:03:28:998] info: Breadcrumb: electron: app.browser-window-focus 
[02/16/26, 10:03:28:998] info: Store: SET_WINDOW_FRAME 
{
  "id": 2,
  "frame": {
    "isFocused": true
  },
  "fromEvent": true
}
[02/16/26, 10:03:29:136] info: Permission check granted: 
{
  "isMainFrame": true,
  "permission": "background-sync",
  "requestingOrigin": "https://app.slack.com/",
  "requestingUrl": "https://app.slack.com/ssb/first?redir=%2Fssb%2Fclient",
  "securityOrigin": null,
  "slackChildWindowRequest": {
    "result": false,
    "reason": "Not child window URL"
  }
}
[02/16/26, 10:03:29:169] info: Breadcrumb: electron.net: undefined 
{
  "url": "[REDACTED]",
  "method": "POST",
  "status_code": 200
}
[02/16/26, 10:03:29:173] info: Breadcrumb: electron.net: undefined 
{
  "url": "[REDACTED]",
  "method": "POST",
  "status_code": 200
}
[02/16/26, 10:03:29:175] info: Breadcrumb: electron.net: undefined 
{
  "url": "[REDACTED]",
  "method": "POST",
  "status_code": 200
}
[02/16/26, 10:03:29:177] info: Breadcrumb: electron.net: undefined 
{
  "url": "[REDACTED]",
  "method": "POST",
  "status_code": 200
}
[02/16/26, 10:03:29:587] info: Store: SET_NETWORK_STATUS online
[02/16/26, 10:03:29:950] info: Store: SET_WINDOW_FRAME 
{
  "id": 2,
  "frame": {
    "bounds": {
      "x": 0,
      "y": 0,
      "width": 668,
      "height": 748
    }
  },
  "fromEvent": true
}
[02/16/26, 10:03:29:953] info: Store: UPDATE_SETTINGS 
{
  "mainWindowSettings": {
    "fullScreen": false,
    "maximized": false,
    "bounds": {
      "x": 0,
      "y": 0,
      "width": 668,
      "height": 748
    }
  }
}
[02/16/26, 10:03:30:299] info: Store: persist/FLUSH 
[02/16/26, 10:03:33:056] info: actionForExternalWindowURL: Opening external window 
[02/16/26, 10:03:33:061] info: openExternal: Successfully opened external URL 
{
  "protocol": "https:",
  "trigger": 0
}
[02/16/26, 10:03:33:318] info: Breadcrumb: electron: window.blur 
{
  "id": 2,
  "url": "[REDACTED]"
}
[02/16/26, 10:03:33:319] info: Breadcrumb: electron: app.browser-window-blur 
[02/16/26, 10:03:33:320] info: Store: SET_WINDOW_FRAME 
{
  "id": 2,
  "frame": {
    "isFocused": false
  },
  "fromEvent": true
}
[02/16/26, 10:04:05:158] info: Breadcrumb: electron: app.second-instance 
[02/16/26, 10:04:05:158] info: secondInstanceEpic: Received deep link protocol activation 
[02/16/26, 10:04:05:159] info: Store: HANDLE_DEEP_LINK 
{
  "url": "[REDACTED]"
}
[02/16/26, 10:04:05:159] info: Store: MAGIC_LOGIN_IN_PROGRESS true
[02/16/26, 10:04:05:165] info: Breadcrumb: electron: app.web-contents-created 
[02/16/26, 10:04:05:165] info: Breadcrumb: electron: app.browser-window-created 
[02/16/26, 10:04:05:166] info: MagicLogin: Making magic login API request to https://app.slack.com/api/ 
[02/16/26, 10:04:05:166] info: Permission check denied: 
{
  "isMainFrame": true,
  "permission": "media",
  "requestingOrigin": null,
  "requestingUrl": null,
  "securityOrigin": null,
  "mediaType": "video",
  "slackChildWindowRequest": {
    "result": false,
    "reason": "Not child window URL"
  }
}
[02/16/26, 10:04:05:167] info: Permission check denied: 
{
  "isMainFrame": true,
  "permission": "media",
  "requestingOrigin": null,
  "requestingUrl": null,
  "securityOrigin": null,
  "mediaType": "audio",
  "slackChildWindowRequest": {
    "result": false,
    "reason": "Not child window URL"
  }
}
[02/16/26, 10:04:05:167] info: Permission check denied: 
{
  "isMainFrame": true,
  "permission": "geolocation",
  "requestingOrigin": null,
  "requestingUrl": null,
  "securityOrigin": null,
  "slackChildWindowRequest": {
    "result": false,
    "reason": "Not child window URL"
  }
}
[02/16/26, 10:04:05:167] info: Permission check denied: 
{
  "isMainFrame": true,
  "permission": "window-management",
  "requestingOrigin": null,
  "requestingUrl": null,
  "securityOrigin": null,
  "slackChildWindowRequest": {
    "result": false,
    "reason": "Not child window URL"
  }
}
[02/16/26, 10:04:05:170] info: Store: FOCUS_WINDOW 
[02/16/26, 10:04:05:173] info: registerLifeCycleEvents: Registering webContents:3 
[02/16/26, 10:04:05:173] info: Store: UPSERT_WEB_CONTENTS 
{
  "id": 3,
  "state": "unloaded"
}
[02/16/26, 10:04:05:179] info: Breadcrumb: electron: window.focus 
{
  "id": 2,
  "url": "[REDACTED]"
}
[02/16/26, 10:04:05:180] info: Breadcrumb: electron: app.browser-window-focus 
[02/16/26, 10:04:05:180] info: Store: SET_WINDOW_FRAME 
{
  "id": 2,
  "frame": {
    "isFocused": true
  },
  "fromEvent": true
}
[02/16/26, 10:04:06:072] info: Permission check granted: 
{
  "isMainFrame": true,
  "permission": "media",
  "requestingOrigin": "https://app.slack.com/",
  "requestingUrl": "https://app.slack.com/ssb/first?redir=%2Fssb%2Fclient",
  "securityOrigin": null,
  "mediaType": "video",
  "slackChildWindowRequest": {
    "result": false,
    "reason": "Not child window URL"
  }
}
[02/16/26, 10:04:06:073] info: Permission check granted: 
{
  "isMainFrame": true,
  "permission": "media",
  "requestingOrigin": "https://app.slack.com/",
  "requestingUrl": "https://app.slack.com/ssb/first?redir=%2Fssb%2Fclient",
  "securityOrigin": null,
  "mediaType": "audio",
  "slackChildWindowRequest": {
    "result": false,
    "reason": "Not child window URL"
  }
}
[02/16/26, 10:04:06:074] info: Permission check granted: 
{
  "isMainFrame": true,
  "permission": "geolocation",
  "requestingOrigin": "https://app.slack.com/",
  "requestingUrl": "https://app.slack.com/ssb/first?redir=%2Fssb%2Fclient",
  "securityOrigin": null,
  "slackChildWindowRequest": {
    "result": false,
    "reason": "Not child window URL"
  }
}
[02/16/26, 10:04:06:074] info: Permission check granted: 
{
  "isMainFrame": true,
  "permission": "window-management",
  "requestingOrigin": "https://app.slack.com/",
  "requestingUrl": "https://app.slack.com/ssb/first?redir=%2Fssb%2Fclient",
  "securityOrigin": null,
  "slackChildWindowRequest": {
    "result": false,
    "reason": "Not child window URL"
  }
}
[02/16/26, 10:04:06:080] info: Store: UPSERT_WEB_CONTENTS 
{
  "id": 2,
  "history": "[REDACTED]"
}
[02/16/26, 10:04:06:140] info: Breadcrumb: electron: renderer.dom-ready 
{
  "id": 3,
  "url": "[REDACTED]"
}
[02/16/26, 10:04:06:140] info: registerLifeCycleEvents: webContents:3 from 'unloaded' to 'loaded' took 967 ms 
[02/16/26, 10:04:06:141] info: Store: UPSERT_WEB_CONTENTS 
{
  "id": 3,
  "state": "loaded"
}
[02/16/26, 10:04:06:156] info: registerLifeCycleEvents: webContents:3 is type 'auth' 
[02/16/26, 10:04:06:157] info: Store: UPSERT_WEB_CONTENTS 
{
  "id": 3,
  "type": "auth",
  "history": "[REDACTED]"
}
[02/16/26, 10:04:06:162] info: Breadcrumb: electron: window.ready-to-show 
{
  "id": 3,
  "url": "[REDACTED]"
}
[02/16/26, 10:04:06:165] info: Breadcrumb: electron: window.close 
{
  "id": 3,
  "url": "[REDACTED]"
}
[02/16/26, 10:04:06:165] info: registerLifeCycleEvents: webContents:3 from 'loaded' to 'page-closed' took 9 ms 
[02/16/26, 10:04:06:165] info: Store: UPSERT_WEB_CONTENTS 
{
  "id": 3,
  "state": "page-closed"
}
[02/16/26, 10:04:06:167] info: Store: MAGIC_LOGIN_IN_PROGRESS 
[02/16/26, 10:04:06:172] info: Breadcrumb: electron: renderer.destroyed 
{
  "id": 3,
  "url": "[REDACTED]"
}
[02/16/26, 10:04:06:173] info: Store: REMOVE_WEB_CONTENTS 
{
  "id": 3
}
[02/16/26, 10:04:06:179] info: Breadcrumb: electron: window.closed 
{
  "id": 3,
  "url": "[REDACTED]"
}
[02/16/26, 10:04:07:582] info: Breadcrumb: electron: renderer.dom-ready 
{
  "id": 2,
  "url": "[REDACTED]"
}
[02/16/26, 10:04:07:582] info: registerLifeCycleEvents: webContents:2 from 'loaded' to 'loaded' took 1503 ms 
[02/16/26, 10:04:07:582] info: Store: UPSERT_WEB_CONTENTS 
{
  "id": 2,
  "state": "loaded"
}
[02/16/26, 10:04:07:586] info: Breadcrumb: electron: window.ready-to-show 
{
  "id": 2,
  "url": "[REDACTED]"
}
[02/16/26, 10:04:08:138] info: Store: UPDATE_SETTINGS 
{
  "userTheme": "dark"
}
[02/16/26, 10:04:08:139] info: Store: UPDATE_SETTINGS 
{
  "systemThemeSyncEnabled": true
}
[02/16/26, 10:04:08:141] info: waitAuthCookieChange: waiting for auth change for session 
{
  "sessionId": "PROD_DEFAULT_SESSION"
}
[02/16/26, 10:04:08:142] info: Permission check granted: 
{
  "isMainFrame": true,
  "permission": "background-sync",
  "requestingOrigin": "https://app.slack.com/",
  "requestingUrl": "https://app.slack.com/client",
  "securityOrigin": null,
  "slackChildWindowRequest": {
    "result": false,
    "reason": "Not child window URL"
  }
}
[02/16/26, 10:04:08:142] info: Permission check denied: 
{
  "isMainFrame": false,
  "permission": "media",
  "requestingOrigin": "https://app.slack.com/",
  "requestingUrl": null,
  "securityOrigin": null,
  "mediaType": "video",
  "slackChildWindowRequest": false
}
[02/16/26, 10:04:08:142] info: Permission check denied: 
{
  "isMainFrame": false,
  "permission": "media",
  "requestingOrigin": "https://app.slack.com/",
  "requestingUrl": null,
  "securityOrigin": null,
  "mediaType": "audio",
  "slackChildWindowRequest": false
}
[02/16/26, 10:04:08:143] info: Permission check denied: 
{
  "isMainFrame": false,
  "permission": "geolocation",
  "requestingOrigin": "https://app.slack.com/",
  "requestingUrl": null,
  "securityOrigin": null,
  "slackChildWindowRequest": false
}
[02/16/26, 10:04:08:143] info: Permission check denied: 
{
  "isMainFrame": false,
  "permission": "window-management",
  "requestingOrigin": "https://app.slack.com/",
  "requestingUrl": null,
  "securityOrigin": null,
  "slackChildWindowRequest": false
}
[02/16/26, 10:04:08:535] info: Permission check granted: 
{
  "isMainFrame": true,
  "permission": "media",
  "requestingOrigin": "https://app.slack.com/",
  "requestingUrl": "https://app.slack.com/client",
  "securityOrigin": null,
  "mediaType": "video",
  "slackChildWindowRequest": {
    "result": false,
    "reason": "Not child window URL"
  }
}
[02/16/26, 10:04:08:535] info: Permission check granted: 
{
  "isMainFrame": true,
  "permission": "media",
  "requestingOrigin": "https://app.slack.com/",
  "requestingUrl": "https://app.slack.com/client",
  "securityOrigin": null,
  "mediaType": "audio",
  "slackChildWindowRequest": {
    "result": false,
    "reason": "Not child window URL"
  }
}
[02/16/26, 10:04:08:535] info: Permission check granted: 
{
  "isMainFrame": true,
  "permission": "geolocation",
  "requestingOrigin": "https://app.slack.com/",
  "requestingUrl": "https://app.slack.com/client",
  "securityOrigin": null,
  "slackChildWindowRequest": {
    "result": false,
    "reason": "Not child window URL"
  }
}
[02/16/26, 10:04:08:536] info: Permission check granted: 
{
  "isMainFrame": true,
  "permission": "window-management",
  "requestingOrigin": "https://app.slack.com/",
  "requestingUrl": "https://app.slack.com/client",
  "securityOrigin": null,
  "slackChildWindowRequest": {
    "result": false,
    "reason": "Not child window URL"
  }
}
[02/16/26, 10:04:08:590] info: Store: SELECTION_CHANGED T06AU05DL0L
[02/16/26, 10:04:08:628] info: Store: SET_NETWORK_STATUS online
[02/16/26, 10:04:08:692] info: Permission check denied: 
{
  "isMainFrame": false,
  "permission": "media",
  "requestingOrigin": "https://app.slack.com/",
  "requestingUrl": null,
  "securityOrigin": null,
  "mediaType": "video",
  "slackChildWindowRequest": false
}
[02/16/26, 10:04:08:692] info: Permission check denied: 
{
  "isMainFrame": false,
  "permission": "media",
  "requestingOrigin": "https://app.slack.com/",
  "requestingUrl": null,
  "securityOrigin": null,
  "mediaType": "audio",
  "slackChildWindowRequest": false
}
[02/16/26, 10:04:08:692] info: Permission check denied: 
{
  "isMainFrame": false,
  "permission": "geolocation",
  "requestingOrigin": "https://app.slack.com/",
  "requestingUrl": null,
  "securityOrigin": null,
  "slackChildWindowRequest": false
}
[02/16/26, 10:04:08:692] info: Permission check denied: 
{
  "isMainFrame": false,
  "permission": "window-management",
  "requestingOrigin": "https://app.slack.com/",
  "requestingUrl": null,
  "securityOrigin": null,
  "slackChildWindowRequest": false
}
[02/16/26, 10:04:09:946] info: Store: REDUX_UPDATE_FROM_WEBAPP (T06AU05DL0L) Changed keys [theme,notificationPrefs,connectivityPrefs,featureFlags,unreads,locale,version,frontendBuildType,userId]
[02/16/26, 10:04:10:059] info: Store: REDUX_UPDATE_FROM_WEBAPP (T06AU05DL0L) Changed keys [userId]
[02/16/26, 10:04:10:074] info: Store: REDUX_UPDATE_FROM_WEBAPP (T06AU05DL0L) Changed keys [notificationPrefs,unreads]
[02/16/26, 10:04:10:076] info: Store: REDUX_UPDATE_FROM_WEBAPP (T06AU05DL0L) Changed keys [connectivityPrefs]
[02/16/26, 10:04:10:126] info: Store: STORE_USER_WORKSPACES 
{
  "userTeamId": "T06AU05DL0L",
  "workspaceIds": [
    "T06AU05DL0L"
  ]
}
[02/16/26, 10:04:10:134] info: Store: SELECTION_CHANGED T06AU05DL0L
[02/16/26, 10:04:10:142] info: Permission check granted: 
{
  "isMainFrame": true,
  "permission": "media",
  "requestingOrigin": "https://app.slack.com/",
  "requestingUrl": "https://app.slack.com/client/T06AU05DL0L",
  "securityOrigin": null,
  "mediaType": "video",
  "slackChildWindowRequest": {
    "result": false,
    "reason": "Not child window URL"
  }
}
[02/16/26, 10:04:10:142] info: Permission check granted: 
{
  "isMainFrame": true,
  "permission": "media",
  "requestingOrigin": "https://app.slack.com/",
  "requestingUrl": "https://app.slack.com/client/T06AU05DL0L",
  "securityOrigin": null,
  "mediaType": "audio",
  "slackChildWindowRequest": {
    "result": false,
    "reason": "Not child window URL"
  }
}
[02/16/26, 10:04:10:143] info: Permission check granted: 
{
  "isMainFrame": true,
  "permission": "geolocation",
  "requestingOrigin": "https://app.slack.com/",
  "requestingUrl": "https://app.slack.com/client/T06AU05DL0L",
  "securityOrigin": null,
  "slackChildWindowRequest": {
    "result": false,
    "reason": "Not child window URL"
  }
}
[02/16/26, 10:04:10:143] info: Permission check granted: 
{
  "isMainFrame": true,
  "permission": "window-management",
  "requestingOrigin": "https://app.slack.com/",
  "requestingUrl": "https://app.slack.com/client/T06AU05DL0L",
  "securityOrigin": null,
  "slackChildWindowRequest": {
    "result": false,
    "reason": "Not child window URL"
  }
}
[02/16/26, 10:04:10:256] info: Permission check granted: 
{
  "isMainFrame": true,
  "permission": "media",
  "requestingOrigin": "https://app.slack.com/client/T06AU05DL0L/C06ARGB5GCS",
  "requestingUrl": "https://app.slack.com/client/T06AU05DL0L/C06ARGB5GCS",
  "securityOrigin": "https://app.slack.com/",
  "mediaType": "audio",
  "slackChildWindowRequest": {
    "result": false,
    "reason": "Not child window URL"
  }
}
[02/16/26, 10:04:10:256] info: Permission check granted: 
{
  "isMainFrame": true,
  "permission": "speaker-selection",
  "requestingOrigin": "https://app.slack.com/",
  "requestingUrl": "https://app.slack.com/client/T06AU05DL0L/C06ARGB5GCS",
  "securityOrigin": null,
  "slackChildWindowRequest": {
    "result": false,
    "reason": "Not child window URL"
  }
}
[02/16/26, 10:04:10:256] info: Permission check granted: 
{
  "isMainFrame": true,
  "permission": "media",
  "requestingOrigin": "https://app.slack.com/client/T06AU05DL0L/C06ARGB5GCS",
  "requestingUrl": "https://app.slack.com/client/T06AU05DL0L/C06ARGB5GCS",
  "securityOrigin": "https://app.slack.com/",
  "mediaType": "video",
  "slackChildWindowRequest": {
    "result": false,
    "reason": "Not child window URL"
  }
}
[02/16/26, 10:04:10:265] info: Store: EXTEND_MENU global: menucategory-file,menucategory-view,menucategory-jump-to
[02/16/26, 10:04:10:273] info: Store: EXTEND_MENU T06AU05DL0L: menucategory-file,menucategory-view,menucategory-edit,menucategory-help,menucategory-history
[02/16/26, 10:04:10:278] info: Store: UPDATE_SETTINGS 
{
  "zoomLevel": 0
}
[02/16/26, 10:04:10:498] info: Permission check granted: 
{
  "isMainFrame": true,
  "permission": "media",
  "requestingOrigin": "https://app.slack.com/client/T06AU05DL0L/C06ARGB5GCS",
  "requestingUrl": "https://app.slack.com/client/T06AU05DL0L/C06ARGB5GCS",
  "securityOrigin": "https://app.slack.com/",
  "mediaType": "audio",
  "slackChildWindowRequest": {
    "result": false,
    "reason": "Not child window URL"
  }
}
[02/16/26, 10:04:10:498] info: Permission check granted: 
{
  "isMainFrame": true,
  "permission": "speaker-selection",
  "requestingOrigin": "https://app.slack.com/",
  "requestingUrl": "https://app.slack.com/client/T06AU05DL0L/C06ARGB5GCS",
  "securityOrigin": null,
  "slackChildWindowRequest": {
    "result": false,
    "reason": "Not child window URL"
  }
}
[02/16/26, 10:04:10:498] info: Permission check granted: 
{
  "isMainFrame": true,
  "permission": "media",
  "requestingOrigin": "https://app.slack.com/client/T06AU05DL0L/C06ARGB5GCS",
  "requestingUrl": "https://app.slack.com/client/T06AU05DL0L/C06ARGB5GCS",
  "securityOrigin": "https://app.slack.com/",
  "mediaType": "video",
  "slackChildWindowRequest": {
    "result": false,
    "reason": "Not child window URL"
  }
}
[02/16/26, 10:04:10:549] info: Store: REDUX_UPDATE_FROM_WEBAPP (T08KF7TD5AN) Changed keys [theme,notificationPrefs,connectivityPrefs,featureFlags,unreads,locale,version,frontendBuildType,userId]
[02/16/26, 10:04:10:991] info: Store: REDUX_UPDATE_FROM_WEBAPP (T08KF7TD5AN) Changed keys [userId]
[02/16/26, 10:04:11:005] info: Store: REDUX_UPDATE_FROM_WEBAPP (T08KF7TD5AN) Changed keys [notificationPrefs,unreads]
[02/16/26, 10:04:11:007] info: Store: REDUX_UPDATE_FROM_WEBAPP (T08KF7TD5AN) Changed keys [connectivityPrefs]
[02/16/26, 10:04:11:028] info: Store: STORE_USER_WORKSPACES 
{
  "userTeamId": "T08KF7TD5AN",
  "workspaceIds": [
    "T08KF7TD5AN"
  ]
}
[02/16/26, 10:04:11:032] info: Store: SELECTION_CHANGED T06AU05DL0L
[02/16/26, 10:04:11:060] info: Permission check granted: 
{
  "isMainFrame": true,
  "permission": "notifications",
  "requestingOrigin": "https://app.slack.com/",
  "requestingUrl": "https://app.slack.com/client/T06AU05DL0L/C06ARGB5GCS",
  "securityOrigin": null,
  "slackChildWindowRequest": {
    "result": false,
    "reason": "Not child window URL"
  }
}
[02/16/26, 10:04:11:160] info: Store: SET_WINDOW_FRAME 
{
  "id": 2,
  "frame": {
    "bounds": {
      "x": 0,
      "y": 0,
      "width": 754,
      "height": 720
    }
  },
  "fromEvent": true
}
[02/16/26, 10:04:11:160] info: Store: UPDATE_SETTINGS 
{
  "mainWindowSettings": {
    "fullScreen": false,
    "maximized": false,
    "bounds": {
      "x": 0,
      "y": 0,
      "width": 754,
      "height": 720
    }
  }
}
[02/16/26, 10:04:11:189] info: Store: SYNC Synced 2 workspaces with IDs [T06AU05DL0L,T08KF7TD5AN]
[02/16/26, 10:04:11:196] info: registerLifeCycleEvents: webContents:2 from 'loaded' to 'webapp-loaded' took 3614 ms 
[02/16/26, 10:04:11:196] info: Store: UPSERT_WEB_CONTENTS 
{
  "id": 2,
  "state": "webapp-loaded"
}
[02/16/26, 10:04:11:198] info: Initial Boot Timestamp: 1771203804881
        Boot Phase: WEBAPP_LOADED
        Duration: 42259ms
        From Boot to WEBAPP_LOADED: 46317ms
        Invoked on Startup: false
        CPU Speed: 100 
[02/16/26, 10:04:11:198] info: Store: RECORD_PERFORMANCE_TIMING 
{
  "phase": 3,
  "interval": 42259
}
[02/16/26, 10:04:11:199] info: registerLifeCycleEvents: webContents:2 from 'webapp-loaded' to 'webapp-loaded' took 3 ms 
[02/16/26, 10:04:11:199] info: Store: UPSERT_WEB_CONTENTS 
{
  "id": 2,
  "state": "webapp-loaded"
}
[02/16/26, 10:04:11:391] info: Breadcrumb: electron.net: undefined 
{
  "url": "[REDACTED]",
  "method": "POST",
  "status_code": 200
}
[02/16/26, 10:04:12:716] info: Permission check granted: 
{
  "isMainFrame": true,
  "permission": "media",
  "requestingOrigin": "https://app.slack.com/",
  "requestingUrl": "https://app.slack.com/client/T06AU05DL0L/C06ARGB5GCS",
  "securityOrigin": null,
  "mediaType": "video",
  "slackChildWindowRequest": {
    "result": false,
    "reason": "Not child window URL"
  }
}
[02/16/26, 10:04:12:717] info: Permission check granted: 
{
  "isMainFrame": true,
  "permission": "media",
  "requestingOrigin": "https://app.slack.com/",
  "requestingUrl": "https://app.slack.com/client/T06AU05DL0L/C06ARGB5GCS",
  "securityOrigin": null,
  "mediaType": "audio",
  "slackChildWindowRequest": {
    "result": false,
    "reason": "Not child window URL"
  }
}
[02/16/26, 10:04:12:717] info: Permission check granted: 
{
  "isMainFrame": true,
  "permission": "geolocation",
  "requestingOrigin": "https://app.slack.com/",
  "requestingUrl": "https://app.slack.com/client/T06AU05DL0L/C06ARGB5GCS",
  "securityOrigin": null,
  "slackChildWindowRequest": {
    "result": false,
    "reason": "Not child window URL"
  }
}
[02/16/26, 10:04:12:717] info: Permission check granted: 
{
  "isMainFrame": true,
  "permission": "window-management",
  "requestingOrigin": "https://app.slack.com/",
  "requestingUrl": "https://app.slack.com/client/T06AU05DL0L/C06ARGB5GCS",
  "securityOrigin": null,
  "slackChildWindowRequest": {
    "result": false,
    "reason": "Not child window URL"
  }
}
[02/16/26, 10:04:12:720] info: Permission check granted: 
{
  "isMainFrame": true,
  "permission": "media",
  "requestingOrigin": "https://app.slack.com/",
  "requestingUrl": "https://app.slack.com/client/T08KF7TD5AN/C08KF7TD62W",
  "securityOrigin": null,
  "mediaType": "video",
  "slackChildWindowRequest": {
    "result": false,
    "reason": "Not child window URL"
  }
}
[02/16/26, 10:04:12:720] info: Permission check granted: 
{
  "isMainFrame": true,
  "permission": "media",
  "requestingOrigin": "https://app.slack.com/",
  "requestingUrl": "https://app.slack.com/client/T08KF7TD5AN/C08KF7TD62W",
  "securityOrigin": null,
  "mediaType": "audio",
  "slackChildWindowRequest": {
    "result": false,
    "reason": "Not child window URL"
  }
}
[02/16/26, 10:04:12:721] info: Permission check granted: 
{
  "isMainFrame": true,
  "permission": "geolocation",
  "requestingOrigin": "https://app.slack.com/",
  "requestingUrl": "https://app.slack.com/client/T08KF7TD5AN/C08KF7TD62W",
  "securityOrigin": null,
  "slackChildWindowRequest": {
    "result": false,
    "reason": "Not child window URL"
  }
}
[02/16/26, 10:04:12:721] info: Permission check granted: 
{
  "isMainFrame": true,
  "permission": "window-management",
  "requestingOrigin": "https://app.slack.com/",
  "requestingUrl": "https://app.slack.com/client/T08KF7TD5AN/C08KF7TD62W",
  "securityOrigin": null,
  "slackChildWindowRequest": {
    "result": false,
    "reason": "Not child window URL"
  }
}
[02/16/26, 10:04:12:740] info: Store: SELECTION_CHANGED T08KF7TD5AN
[02/16/26, 10:04:12:949] info: Permission check granted: 
{
  "isMainFrame": true,
  "permission": "media",
  "requestingOrigin": "https://app.slack.com/client/T08KF7TD5AN/C08KF7TD62W",
  "requestingUrl": "https://app.slack.com/client/T08KF7TD5AN/C08KF7TD62W",
  "securityOrigin": "https://app.slack.com/",
  "mediaType": "audio",
  "slackChildWindowRequest": {
    "result": false,
    "reason": "Not child window URL"
  }
}
[02/16/26, 10:04:12:949] info: Permission check granted: 
{
  "isMainFrame": true,
  "permission": "speaker-selection",
  "requestingOrigin": "https://app.slack.com/",
  "requestingUrl": "https://app.slack.com/client/T08KF7TD5AN/C08KF7TD62W",
  "securityOrigin": null,
  "slackChildWindowRequest": {
    "result": false,
    "reason": "Not child window URL"
  }
}
[02/16/26, 10:04:12:949] info: Permission check granted: 
{
  "isMainFrame": true,
  "permission": "media",
  "requestingOrigin": "https://app.slack.com/client/T08KF7TD5AN/C08KF7TD62W",
  "requestingUrl": "https://app.slack.com/client/T08KF7TD5AN/C08KF7TD62W",
  "securityOrigin": "https://app.slack.com/",
  "mediaType": "video",
  "slackChildWindowRequest": {
    "result": false,
    "reason": "Not child window URL"
  }
}
[02/16/26, 10:04:12:951] info: Store: EXTEND_MENU T08KF7TD5AN: menucategory-file,menucategory-view,menucategory-edit,menucategory-help,menucategory-history
[02/16/26, 10:04:12:958] info: Store: UPDATE_SETTINGS 
{
  "zoomLevel": 0
}
[02/16/26, 10:04:13:153] info: Permission check granted: 
{
  "isMainFrame": true,
  "permission": "media",
  "requestingOrigin": "https://app.slack.com/client/T08KF7TD5AN/C08KF7TD62W",
  "requestingUrl": "https://app.slack.com/client/T08KF7TD5AN/C08KF7TD62W",
  "securityOrigin": "https://app.slack.com/",
  "mediaType": "audio",
  "slackChildWindowRequest": {
    "result": false,
    "reason": "Not child window URL"
  }
}
[02/16/26, 10:04:13:153] info: Permission check granted: 
{
  "isMainFrame": true,
  "permission": "speaker-selection",
  "requestingOrigin": "https://app.slack.com/",
  "requestingUrl": "https://app.slack.com/client/T08KF7TD5AN/C08KF7TD62W",
  "securityOrigin": null,
  "slackChildWindowRequest": {
    "result": false,
    "reason": "Not child window URL"
  }
}
[02/16/26, 10:04:13:153] info: Permission check granted: 
{
  "isMainFrame": true,
  "permission": "media",
  "requestingOrigin": "https://app.slack.com/client/T08KF7TD5AN/C08KF7TD62W",
  "requestingUrl": "https://app.slack.com/client/T08KF7TD5AN/C08KF7TD62W",
  "securityOrigin": "https://app.slack.com/",
  "mediaType": "video",
  "slackChildWindowRequest": {
    "result": false,
    "reason": "Not child window URL"
  }
}
[02/16/26, 10:04:13:342] info: Store: EXTEND_MENU T08KF7TD5AN: menucategory-file,menucategory-view,menucategory-edit,menucategory-help,menucategory-history
[02/16/26, 10:04:15:257] info: Permission check granted: 
{
  "isMainFrame": true,
  "permission": "media",
  "requestingOrigin": "https://app.slack.com/client/T08KF7TD5AN/C08KF7TD62W",
  "requestingUrl": "https://app.slack.com/client/T08KF7TD5AN/C08KF7TD62W",
  "securityOrigin": "https://app.slack.com/",
  "mediaType": "audio",
  "slackChildWindowRequest": {
    "result": false,
    "reason": "Not child window URL"
  }
}
[02/16/26, 10:04:15:257] info: Permission check granted: 
{
  "isMainFrame": true,
  "permission": "speaker-selection",
  "requestingOrigin": "https://app.slack.com/",
  "requestingUrl": "https://app.slack.com/client/T08KF7TD5AN/C08KF7TD62W",
  "securityOrigin": null,
  "slackChildWindowRequest": {
    "result": false,
    "reason": "Not child window URL"
  }
}
[02/16/26, 10:04:15:257] info: Permission check granted: 
{
  "isMainFrame": true,
  "permission": "media",
  "requestingOrigin": "https://app.slack.com/client/T08KF7TD5AN/C08KF7TD62W",
  "requestingUrl": "https://app.slack.com/client/T08KF7TD5AN/C08KF7TD62W",
  "securityOrigin": "https://app.slack.com/",
  "mediaType": "video",
  "slackChildWindowRequest": {
    "result": false,
    "reason": "Not child window URL"
  }
}
[02/16/26, 10:04:15:273] info: Permission check granted: 
{
  "isMainFrame": true,
  "permission": "media",
  "requestingOrigin": "https://app.slack.com/client/T08KF7TD5AN/C08KF7TD62W",
  "requestingUrl": "https://app.slack.com/client/T08KF7TD5AN/C08KF7TD62W",
  "securityOrigin": "https://app.slack.com/",
  "mediaType": "audio",
  "slackChildWindowRequest": {
    "result": false,
    "reason": "Not child window URL"
  }
}
[02/16/26, 10:04:15:273] info: Permission check granted: 
{
  "isMainFrame": true,
  "permission": "speaker-selection",
  "requestingOrigin": "https://app.slack.com/",
  "requestingUrl": "https://app.slack.com/client/T08KF7TD5AN/C08KF7TD62W",
  "securityOrigin": null,
  "slackChildWindowRequest": {
    "result": false,
    "reason": "Not child window URL"
  }
}
[02/16/26, 10:04:15:273] info: Permission check granted: 
{
  "isMainFrame": true,
  "permission": "media",
  "requestingOrigin": "https://app.slack.com/client/T08KF7TD5AN/C08KF7TD62W",
  "requestingUrl": "https://app.slack.com/client/T08KF7TD5AN/C08KF7TD62W",
  "securityOrigin": "https://app.slack.com/",
  "mediaType": "video",
  "slackChildWindowRequest": {
    "result": false,
    "reason": "Not child window URL"
  }
}
[02/16/26, 10:04:16:191] info: Store: persist/FLUSH 
[02/16/26, 10:04:26:386] info: Breadcrumb: electron: window.blur 
{
  "id": 2,
  "url": "[REDACTED]"
}
[02/16/26, 10:04:26:386] info: Breadcrumb: electron: app.browser-window-blur 
[02/16/26, 10:04:26:386] info: Store: SET_WINDOW_FRAME 
{
  "id": 2,
  "frame": {
    "isFocused": false
  },
  "fromEvent": true
}
[02/16/26, 10:04:26:567] info: Store: EXTEND_MENU T08KF7TD5AN: menucategory-file,menucategory-view,menucategory-edit,menucategory-help,menucategory-history
[02/16/26, 10:04:27:391] info: Store: SET_WINDOW_FRAME 
{
  "id": 2,
  "frame": {
    "bounds": {
      "x": 0,
      "y": 0,
      "width": 754,
      "height": 748
    }
  },
  "fromEvent": true
}
[02/16/26, 10:04:27:392] info: Store: UPDATE_SETTINGS 
{
  "mainWindowSettings": {
    "fullScreen": false,
    "maximized": false,
    "bounds": {
      "x": 0,
      "y": 0,
      "width": 754,
      "height": 748
    }
  }
}
[02/16/26, 10:04:29:209] info: Breadcrumb: electron: window.focus 
{
  "id": 2,
  "url": "[REDACTED]"
}
[02/16/26, 10:04:29:209] info: Breadcrumb: electron: app.browser-window-focus 
[02/16/26, 10:04:29:210] info: Store: SET_WINDOW_FRAME 
{
  "id": 2,
  "frame": {
    "isFocused": true
  },
  "fromEvent": true
}
[02/16/26, 10:04:31:895] info: Permission check granted: 
{
  "isMainFrame": true,
  "permission": "media",
  "requestingOrigin": "https://app.slack.com/",
  "requestingUrl": "https://app.slack.com/client/T08KF7TD5AN/C08KF7TD62W",
  "securityOrigin": null,
  "mediaType": "video",
  "slackChildWindowRequest": {
    "result": false,
    "reason": "Not child window URL"
  }
}
[02/16/26, 10:04:31:895] info: Permission check granted: 
{
  "isMainFrame": true,
  "permission": "media",
  "requestingOrigin": "https://app.slack.com/",
  "requestingUrl": "https://app.slack.com/client/T08KF7TD5AN/C08KF7TD62W",
  "securityOrigin": null,
  "mediaType": "audio",
  "slackChildWindowRequest": {
    "result": false,
    "reason": "Not child window URL"
  }
}
[02/16/26, 10:04:31:895] info: Permission check granted: 
{
  "isMainFrame": true,
  "permission": "geolocation",
  "requestingOrigin": "https://app.slack.com/",
  "requestingUrl": "https://app.slack.com/client/T08KF7TD5AN/C08KF7TD62W",
  "securityOrigin": null,
  "slackChildWindowRequest": {
    "result": false,
    "reason": "Not child window URL"
  }
}
[02/16/26, 10:04:31:896] info: Permission check granted: 
{
  "isMainFrame": true,
  "permission": "window-management",
  "requestingOrigin": "https://app.slack.com/",
  "requestingUrl": "https://app.slack.com/client/T08KF7TD5AN/C08KF7TD62W",
  "securityOrigin": null,
  "slackChildWindowRequest": {
    "result": false,
    "reason": "Not child window URL"
  }
}
[02/16/26, 10:04:32:170] info: Store: EXTEND_MENU T08KF7TD5AN: menucategory-file,menucategory-view,menucategory-edit,menucategory-help,menucategory-history
[02/16/26, 10:04:34:655] info: Permission check granted: 
{
  "isMainFrame": true,
  "permission": "media",
  "requestingOrigin": "https://app.slack.com/",
  "requestingUrl": "https://app.slack.com/client/T08KF7TD5AN/C08KG4B9STE",
  "securityOrigin": null,
  "mediaType": "video",
  "slackChildWindowRequest": {
    "result": false,
    "reason": "Not child window URL"
  }
}
[02/16/26, 10:04:34:655] info: Permission check granted: 
{
  "isMainFrame": true,
  "permission": "media",
  "requestingOrigin": "https://app.slack.com/",
  "requestingUrl": "https://app.slack.com/client/T08KF7TD5AN/C08KG4B9STE",
  "securityOrigin": null,
  "mediaType": "audio",
  "slackChildWindowRequest": {
    "result": false,
    "reason": "Not child window URL"
  }
}
[02/16/26, 10:04:34:655] info: Permission check granted: 
{
  "isMainFrame": true,
  "permission": "geolocation",
  "requestingOrigin": "https://app.slack.com/",
  "requestingUrl": "https://app.slack.com/client/T08KF7TD5AN/C08KG4B9STE",
  "securityOrigin": null,
  "slackChildWindowRequest": {
    "result": false,
    "reason": "Not child window URL"
  }
}
[02/16/26, 10:04:34:655] info: Permission check granted: 
{
  "isMainFrame": true,
  "permission": "window-management",
  "requestingOrigin": "https://app.slack.com/",
  "requestingUrl": "https://app.slack.com/client/T08KF7TD5AN/C08KG4B9STE",
  "securityOrigin": null,
  "slackChildWindowRequest": {
    "result": false,
    "reason": "Not child window URL"
  }
}
[02/16/26, 10:04:35:742] info: Breadcrumb: electron.net: undefined 
{
  "url": "[REDACTED]",
  "method": "POST",
  "status_code": 200
}
[02/16/26, 10:04:36:135] info: Breadcrumb: electron.net: undefined 
{
  "url": "[REDACTED]",
  "method": "POST",
  "status_code": 200
}
[02/16/26, 10:04:36:471] info: Breadcrumb: electron.net: undefined 
{
  "url": "[REDACTED]",
  "method": "POST",
  "status_code": 200
}
[02/16/26, 10:04:46:291] info: Breadcrumb: electron: window.blur 
{
  "id": 2,
  "url": "[REDACTED]"
}
[02/16/26, 10:04:46:291] info: Breadcrumb: electron: app.browser-window-blur 
[02/16/26, 10:04:46:292] info: Store: SET_WINDOW_FRAME 
{
  "id": 2,
  "frame": {
    "isFocused": false
  },
  "fromEvent": true
}
[02/16/26, 10:04:56:839] info: Breadcrumb: electron: window.focus 
{
  "id": 2,
  "url": "[REDACTED]"
}
[02/16/26, 10:04:56:839] info: Breadcrumb: electron: app.browser-window-focus 
[02/16/26, 10:04:56:839] info: Store: SET_WINDOW_FRAME 
{
  "id": 2,
  "frame": {
    "isFocused": true
  },
  "fromEvent": true
}
[02/16/26, 10:05:06:933] info: Breadcrumb: electron: window.blur 
{
  "id": 2,
  "url": "[REDACTED]"
}
[02/16/26, 10:05:06:933] info: Breadcrumb: electron: app.browser-window-blur 
[02/16/26, 10:05:06:934] info: Store: SET_WINDOW_FRAME 
{
  "id": 2,
  "frame": {
    "isFocused": false
  },
  "fromEvent": true
}
[02/16/26, 10:09:11:092] info: Permission check granted: 
{
  "isMainFrame": true,
  "permission": "notifications",
  "requestingOrigin": "https://app.slack.com/",
  "requestingUrl": "https://app.slack.com/client/T08KF7TD5AN/C08KG4B9STE",
  "securityOrigin": null,
  "slackChildWindowRequest": {
    "result": false,
    "reason": "Not child window URL"
  }
}
[02/16/26, 10:09:11:094] info: Permission check granted: 
{
  "isMainFrame": true,
  "permission": "notifications",
  "requestingOrigin": "https://app.slack.com/",
  "requestingUrl": "https://app.slack.com/client/T08KF7TD5AN/C08KG4B9STE",
  "securityOrigin": null,
  "slackChildWindowRequest": {
    "result": false,
    "reason": "Not child window URL"
  }
}
[02/16/26, 10:09:11:096] info: Permission check granted: 
{
  "isMainFrame": true,
  "permission": "notifications",
  "requestingOrigin": "https://app.slack.com/",
  "requestingUrl": "https://app.slack.com/client/T08KF7TD5AN/C08KG4B9STE",
  "securityOrigin": null,
  "slackChildWindowRequest": {
    "result": false,
    "reason": "Not child window URL"
  }
}
[02/16/26, 10:09:11:096] info: Permission check granted: 
{
  "isMainFrame": true,
  "permission": "notifications",
  "requestingOrigin": "https://app.slack.com/",
  "requestingUrl": "https://app.slack.com/client/T08KF7TD5AN/C08KG4B9STE",
  "securityOrigin": null,
  "slackChildWindowRequest": {
    "result": false,
    "reason": "Not child window URL"
  }
}
[02/16/26, 10:09:36:907] info: Breadcrumb: electron: window.focus 
{
  "id": 2,
  "url": "[REDACTED]"
}
[02/16/26, 10:09:36:907] info: Breadcrumb: electron: app.browser-window-focus 
[02/16/26, 10:09:36:907] info: Store: SET_WINDOW_FRAME 
{
  "id": 2,
  "frame": {
    "isFocused": true
  },
  "fromEvent": true
}
[02/16/26, 10:09:39:381] info: Breadcrumb: electron: window.blur 
{
  "id": 2,
  "url": "[REDACTED]"
}
[02/16/26, 10:09:39:382] info: Breadcrumb: electron: app.browser-window-blur 
[02/16/26, 10:09:39:382] info: Store: SET_WINDOW_FRAME 
{
  "id": 2,
  "frame": {
    "isFocused": false
  },
  "fromEvent": true
}
[02/16/26, 10:09:53:559] info: Breadcrumb: electron: window.focus 
{
  "id": 2,
  "url": "[REDACTED]"
}
[02/16/26, 10:09:53:560] info: Breadcrumb: electron: app.browser-window-focus 
[02/16/26, 10:09:53:560] info: Store: SET_WINDOW_FRAME 
{
  "id": 2,
  "frame": {
    "isFocused": true
  },
  "fromEvent": true
}
[02/16/26, 10:12:10:938] info: Breadcrumb: electron: window.close 
{
  "id": 2,
  "url": "[REDACTED]"
}
[02/16/26, 10:12:10:939] info: Attempted to close the window, hiding due to run from tray 
[02/16/26, 10:12:10:941] info: Breadcrumb: electron: window.hide 
{
  "id": 2,
  "url": "[REDACTED]"
}
[02/16/26, 10:12:10:941] info: Store: SET_WINDOW_FRAME 
{
  "id": 2,
  "frame": {
    "isVisible": false
  },
  "fromEvent": true
}
[02/16/26, 10:12:10:944] info: Breadcrumb: electron: window.blur 
{
  "id": 2,
  "url": "[REDACTED]"
}
[02/16/26, 10:12:10:944] info: Breadcrumb: electron: app.browser-window-blur 
[02/16/26, 10:12:10:944] info: Store: SET_WINDOW_FRAME 
{
  "id": 2,
  "frame": {
    "isFocused": false
  },
  "fromEvent": true
}
[02/16/26, 10:12:10:952] info: Breadcrumb: electron: window.blur 
{
  "id": 2,
  "url": "[REDACTED]"
}
[02/16/26, 10:12:10:953] info: Breadcrumb: electron: app.browser-window-blur 
[02/24/26, 01:51:32:293] info: 
╔═════════════════════════════════════════════════════════╗
║      Slack 4.47.69, linux 6.18.9-zen1-2-zen on x64      ║
╚═════════════════════════════════════════════════════════╝ 
[02/24/26, 01:51:32:293] info: Configured logger via 
{
  "loggerInstanceCount": 1
}
[02/24/26, 01:51:32:302] info: Predefined values for process 
{
  "NODE_ENV": "production",
  "platform": "linux",
  "type": "browser",
  "timeZone": "Asia/Tokyo",
  "PACKAGE_MANIFEST.productName": "Slack",
  "PACKAGE_MANIFEST.version": "4.47.69",
  "PACKAGE_MANIFEST.commit": "72d60eb",
  "PACKAGE_MANIFEST.branch": "HEAD"
}
[02/24/26, 01:51:32:383] info: makeUuidFactory:: Read existing uuid for instance from persisted location:  
{
  "uuid": "774ac69c-cfe3-4792-b523-70ff122562d6"
}
[02/24/26, 01:51:32:384] info: getSentryDSN: Setting sentry URL to slack.com 
[02/24/26, 01:51:32:502] info: Breadcrumb: electron: app.will-finish-launching 
[02/24/26, 01:51:32:504] info: Breadcrumb: electron: app.ready 
[02/24/26, 01:51:32:511] info: Breadcrumb: electron: app.session-created 
[02/24/26, 01:51:32:512] info: Breadcrumb: electron: app.session-created 
[02/24/26, 01:51:32:515] info: Store: persist/PERSIST 
[02/24/26, 01:51:32:526] info: Store: persist/REHYDRATE 
{
  "appTeams": "[DEPRECATED]",
  "bookmarks": "[REDACTED]",
  "diagnostics": "Virtualization: none",
  "downloads": "No downloads",
  "settings": {
    "devToolsEnabled": false,
    "locale": "en-US",
    "notificationMethod": null,
    "releaseChannelOverride": null
  },
  "teams": "[DEPRECATED]",
  "webapp": "[REDACTED]",
  "workspaces": "2 workspaces: T06AU05DL0L,T08KF7TD5AN",
  "workspacesMeta": "Selected workspace: T08KF7TD5AN",
  "_persist": "Persistence version: 1"
}
[02/24/26, 01:51:32:528] warn: Telemetry queued before configured 
{
  "event": 1001000
}
[02/24/26, 01:51:32:528] warn: Telemetry trace before configured 
{
  "eventName": "desktop_performance_record"
}
[02/24/26, 01:51:32:528] info: Initial Boot Timestamp: 1771865492135
        Boot Phase: REHYDRATE
        Duration: 4ms
        From Boot to REHYDRATE: 393ms
        Invoked on Startup: false
        CPU Speed: 100 
[02/24/26, 01:51:32:528] info: Store: RECORD_PERFORMANCE_TIMING 
{
  "phase": 0,
  "interval": 4
}
[02/24/26, 01:51:32:529] info: Store: UPDATE_SETTINGS 
{
  "locale": "en-US"
}
[02/24/26, 01:51:32:530] info: Store: INITIALIZE 
{
  "resourcePath": "/usr/lib/slack/resources/app.asar",
  "silent": true,
  "tsaToken": "[REDACTED]",
  "bootFragments": []
}
[02/24/26, 01:51:32:531] info: Store: SET_SESSION_MODE 
[02/24/26, 01:51:32:542] info: getLinuxDistro: osInfo 
{
  "os": "Arch Linux",
  "name": "Arch Linux",
  "release": null,
  "codename": null
}
[02/24/26, 01:51:32:542] warn: Couldn't get Linux distro info from /etc/os-release, trying fallback to get Linux distro info 
{
  "error": {
    "name": "Error",
    "stack": "Error: Missing OS or release info\n    at yG (/usr/lib/slack/resources/app.asar/dist/main.bundle.cjs:100:1053)\n    at async CG (/usr/lib/slack/resources/app.asar/dist/main.bundle.cjs:100:2482)\n    at async Object.initializeEnvironmentEpic_listener [as effect] (/usr/lib/slack/resources/app.asar/dist/main.bundle.cjs:100:1644)\n    at async L (/usr/lib/slack/resources/app.asar/dist/main.bundle.cjs:15:19181)",
    "message": "Missing OS or release info"
  }
}
[02/24/26, 01:51:32:544] info: getLinuxDistro: getos 
{
  "res": {
    "os": "linux",
    "dist": "Arch Linux",
    "release": "\"rolling\""
  }
}
[02/24/26, 01:51:32:544] info: initializeEnvironmentEpic: set user agent fallback 
{
  "userAgent": "Mozilla/5.0 (X11; Linux x86_64; Arch Linux \"rolling\"; niri) AppleWebKit/537.36 (KHTML, like Gecko) Slack/4.47.69 Chrome/142.0.7444.177 Electron/39.2.4 Safari/537.36 Sonic Slack_SSB/4.47.69"
}
[02/24/26, 01:51:32:545] info: Store: READY 
{
  "resourcePath": "/usr/lib/slack/resources/app.asar",
  "silent": true,
  "tsaToken": "[REDACTED]",
  "bootFragments": [],
  "appVersion": "4.47.69",
  "arch": "x64",
  "isGpuCompositionAvailable": true,
  "platform": "linux",
  "platformVersion": {
    "major": 6,
    "minor": 18,
    "build": 9
  },
  "developerMenuOverride": false,
  "uuid": "774ac69c-cfe3-4792-b523-70ff122562d6",
  "applicationProcessSessionId": "Nzc0YWM2OWMtY2ZlMy00NzkyLWI1MjMtNzBmZjEyMjU2MmQ2XzE3NzE4NjU0OTIzODQ=",
  "distribution": "DDL",
  "clientEnvironment": 1000,
  "invokedOnStartup": false,
  "linux": {
    "os": "Arch Linux",
    "name": "Arch Linux \"rolling\"",
    "release": "\"rolling\"",
    "codename": "",
    "desktopEnvironment": "niri"
  }
}
[02/24/26, 01:51:32:546] info: Store: SET_ACCESSIBILITY_SUPPORT_ENABLED 
[02/24/26, 01:51:32:546] info: initializeApplicationEpic: trying to set ntlm credential domain for session 
{
  "sessionId": "PROD_DEFAULT_SESSION"
}
[02/24/26, 01:51:32:546] info: initializeApplicationEpic: Setting spellcheck dictionary URL 
{
  "dictionaryUrl": "https://spellcheck.slack-edge.com/dictionaries_v2/"
}
[02/24/26, 01:51:32:546] info: initializeApplicationEpic: Welcome to Slack 4.47.69 x64 
[02/24/26, 01:51:32:546] info: Store: CREATE_WINDOW 
{
  "type": "main"
}
[02/24/26, 01:51:32:548] info: logExternalConfigEpic: initial external config 
{
  "defaults": {}
}
[02/24/26, 01:51:32:551] info: makeUuidFactory:: Read existing uuid for tray from persisted location:  
{
  "uuid": "9a73d20c-6a81-41e6-89c2-ed3a098c92f0"
}
[02/24/26, 01:51:32:556] info: Breadcrumb: electron: powerMonitor.newListener 
[02/24/26, 01:51:32:557] info: Breadcrumb: electron: powerMonitor.newListener 
[02/24/26, 01:51:32:557] info: Breadcrumb: electron: powerMonitor.newListener 
[02/24/26, 01:51:32:557] info: getIsUpdateSupported: Updates are not supported 
{
  "version": "4.47.69",
  "reasons": [
    "using Linux"
  ],
  "distribution": "DDL",
  "executable": "/usr/lib/slack"
}
[02/24/26, 01:51:32:567] info: Breadcrumb: electron: app.web-contents-created 
[02/24/26, 01:51:32:567] info: Breadcrumb: electron: app.browser-window-created 
[02/24/26, 01:51:32:574] info: Store: WINDOW_CREATED 
{
  "type": "main",
  "webappType": "app",
  "id": 1,
  "frame": {
    "isHtmlFullScreen": false,
    "isCurrentlyAudible": false,
    "isFullScreen": false,
    "isMinimized": false,
    "isMaximized": false,
    "isVisible": false,
    "isFocused": false,
    "bounds": {
      "x": 0,
      "y": 0,
      "width": 754,
      "height": 748
    },
    "hasVibrancy": false,
    "isAlwaysOnTop": false
  }
}
[02/24/26, 01:51:32:575] info: Initial Boot Timestamp: 1771865492135
        Boot Phase: MAIN_WINDOW_CREATED
        Duration: 47ms
        From Boot to MAIN_WINDOW_CREATED: 440ms
        Invoked on Startup: false
        CPU Speed: 100 
[02/24/26, 01:51:32:576] info: Watching for keyboard layout changes 
[02/24/26, 01:51:32:580] info: Store: RECORD_PERFORMANCE_TIMING 
{
  "phase": 1,
  "interval": 47
}
[02/24/26, 01:51:32:581] info: Breadcrumb: electron: powerMonitor.newListener 
[02/24/26, 01:51:32:582] info: Breadcrumb: electron: powerMonitor.newListener 
[02/24/26, 01:51:33:128] info: initialSettingsPayload: trying to invalidate settings 
{
  "payload": {}
}
[02/24/26, 01:51:33:128] info: Store: SET_UPDATE_SUPPORTED 
[02/24/26, 01:51:33:135] info: Feature Check: requesting features from https://app.slack.com/api/ 
[02/24/26, 01:51:33:136] info: Breadcrumb: electron: powerMonitor.newListener 
[02/24/26, 01:51:33:136] info: Breadcrumb: electron: powerMonitor.newListener 
[02/24/26, 01:51:33:136] info: Breadcrumb: electron: powerMonitor.newListener 
[02/24/26, 01:51:33:192] warn: Failed to install protocol handler for slack:// links 
[02/24/26, 01:51:33:192] info: Startup Display id=42 at (0, 0) [1280 x 800] 
[02/24/26, 01:51:33:193] info: registerLifeCycleEvents: Registering webContents:1 
[02/24/26, 01:51:33:193] info: registerLifeCycleEvents: webContents:1 is type 'app' 
[02/24/26, 01:51:33:193] info: Store: UPSERT_WEB_CONTENTS 
{
  "id": 1,
  "state": "unloaded",
  "type": "app"
}
[02/24/26, 01:51:33:196] info: getSonicBaseURL: 
{
  "url": "https://app.slack.com"
}
[02/24/26, 01:51:33:197] info: Permission check denied: 
{
  "isMainFrame": true,
  "permission": "media",
  "requestingOrigin": null,
  "requestingUrl": null,
  "securityOrigin": null,
  "mediaType": "video",
  "slackChildWindowRequest": {
    "result": false,
    "reason": "Not child window URL"
  }
}
[02/24/26, 01:51:33:197] info: Permission check denied: 
{
  "isMainFrame": true,
  "permission": "media",
  "requestingOrigin": null,
  "requestingUrl": null,
  "securityOrigin": null,
  "mediaType": "audio",
  "slackChildWindowRequest": {
    "result": false,
    "reason": "Not child window URL"
  }
}
[02/24/26, 01:51:33:197] info: Permission check denied: 
{
  "isMainFrame": true,
  "permission": "geolocation",
  "requestingOrigin": null,
  "requestingUrl": null,
  "securityOrigin": null,
  "slackChildWindowRequest": {
    "result": false,
    "reason": "Not child window URL"
  }
}
[02/24/26, 01:51:33:197] info: Permission check denied: 
{
  "isMainFrame": true,
  "permission": "window-management",
  "requestingOrigin": null,
  "requestingUrl": null,
  "securityOrigin": null,
  "slackChildWindowRequest": {
    "result": false,
    "reason": "Not child window URL"
  }
}
[02/24/26, 01:51:33:280] info: Breadcrumb: electron: app.gpu-info-update 
[02/24/26, 01:51:33:280] info: collectSystemInfo: Received app.gpu-info-update event 
[02/24/26, 01:51:33:285] info: System configuration information 
{
  "info": {
    "total_memory_in_gb": 15,
    "gpuFeatures": {
      "2d_canvas": "enabled",
      "direct_rendering_display_compositor": "disabled_off_ok",
      "gpu_compositing": "enabled",
      "multiple_raster_threads": "enabled_on",
      "opengl": "enabled_on",
      "rasterization": "enabled",
      "raw_draw": "disabled_off_ok",
      "skia_graphite": "disabled_off",
      "trees_in_viz": "disabled_off",
      "video_decode": "enabled",
      "video_encode": "disabled_software",
      "vulkan": "disabled_off",
      "webgl": "enabled",
      "webgl2": "enabled",
      "webgpu": "disabled_off",
      "webnn": "disabled_off"
    },
    "cpu_model": "12th Gen Intel(R) Core(TM) i5-12500H",
    "cpu_logical_core": 16,
    "cpu_clock_speed": 3123,
    "gpuDevice": [
      {
        "active": true,
        "deviceId": 9641,
        "gpuPreference": 0,
        "vendorId": 4318
      },
      {
        "active": false,
        "deviceId": 18086,
        "gpuPreference": 0,
        "vendorId": 32902
      }
    ],
    "machine_model_name": "unknown",
    "machine_model_version": "unknown",
    "crash_db_size_kb": 1
  }
}
[02/24/26, 01:51:33:285] info: Store: SET_HW_ACCEL_AVAILABILITY enabled
[02/24/26, 01:51:33:772] info: Breadcrumb: electron.net: undefined 
{
  "url": "[REDACTED]",
  "method": "GET",
  "status_code": 200
}
[02/24/26, 01:51:33:774] info: Feature Check: received experiments 
{
  "ok": true,
  "experiments": [
    {
      "experiment": "",
      "disable_chrome_features": [
        "PostQuantumKyber"
      ],
      "type": "normal"
    },
    {
      "experiment": "ripcord_document_policy_include_js_call_stacks",
      "enable_chrome_features": [
        "DocumentPolicyIncludeJSCallStacksInCrashReports"
      ],
      "type": "normal"
    },
    {
      "experiment": "ripcord_desktop_disable_windows_display_crash_feature",
      "disable_chrome_features": [
        "SkipEmptyDisplayHotplugEvent"
      ],
      "type": "normal"
    },
    {
      "experiment": "ripcord_force_color_profile",
      "add_browser_command_line_args": [
        "--force-color-profile=display-p3-d65"
      ],
      "type": "normal",
      "filter": {
        "platform": [
          "darwin"
        ]
      }
    },
    {
      "experiment": "ripcord_disable_blink_customizable_select",
      "disable_blink_features": [
        "CustomizableSelect"
      ],
      "type": "normal"
    },
    {
      "experiment": "ripcord_enumerate_devices_relaxed_cache",
      "disable_chrome_features": [
        "EnumerateDevicesRelaxedCache"
      ],
      "type": "normal"
    },
    {
      "experiment": "",
      "enable_slack_features": [
        "desktop_loading_screen"
      ],
      "type": "normal"
    },
    {
      "experiment": "desktop_extended_unresponsive_timeout",
      "enable_slack_features": [
        "extended_unresponsive_timeout"
      ],
      "type": "normal"
    }
  ]
}
[02/24/26, 01:51:33:779] info: Store: UPDATE_DESKTOP_FEATURES 
[
  "desktop_loading_screen",
  "extended_unresponsive_timeout"
]
[02/24/26, 01:51:33:780] info: Store: UPDATE_SETTINGS 
{
  "signInMethod": "browser"
}
[02/24/26, 01:51:33:781] info: Store: UPDATE_SETTINGS 
{
  "devToolsEnabled": false
}
[02/24/26, 01:51:33:781] info: applyDesktopFeaturesAppEpic: enabled following features 
[
  "desktop_loading_screen",
  "extended_unresponsive_timeout"
]
[02/24/26, 01:51:33:846] info: Breadcrumb: electron.net: undefined 
{
  "url": "[REDACTED]",
  "method": "POST",
  "status_code": 200
}
[02/24/26, 01:51:33:847] info: Breadcrumb: electron.net: undefined 
{
  "url": "[REDACTED]",
  "method": "POST",
  "status_code": 200
}
[02/24/26, 01:51:34:300] info: Breadcrumb: electron: renderer.dom-ready 
{
  "id": 1,
  "url": "[REDACTED]"
}
[02/24/26, 01:51:34:300] info: registerLifeCycleEvents: webContents:1 from 'unloaded' to 'loaded' took 1107 ms 
[02/24/26, 01:51:34:300] info: Store: UPSERT_WEB_CONTENTS 
{
  "id": 1,
  "state": "loaded"
}
[02/24/26, 01:51:34:301] info: Initial Boot Timestamp: 1771865492135
        Boot Phase: WEB_CONTENTS_DOM_READY
        Duration: 1726ms
        From Boot to WEB_CONTENTS_DOM_READY: 2166ms
        Invoked on Startup: false
        CPU Speed: 100 
[02/24/26, 01:51:34:302] info: Store: RECORD_PERFORMANCE_TIMING 
{
  "phase": 2,
  "interval": 1726
}
[02/24/26, 01:51:34:302] info: initializeMainWindowEpic: Showing main window 
{
  "maximized": false,
  "shouldHide": false,
  "fullScreen": false
}
[02/24/26, 01:51:34:302] info: Breadcrumb: electron: window.show 
{
  "id": 1,
  "url": "[REDACTED]"
}
[02/24/26, 01:51:34:302] info: Store: SET_WINDOW_FRAME 
{
  "id": 1,
  "frame": {
    "isVisible": true
  },
  "fromEvent": true
}
[02/24/26, 01:51:34:303] info: Store: MAIN_WINDOW_SHOWN 
[02/24/26, 01:51:34:303] info: Store: CLEAR_NOTIFICATIONS 
[02/24/26, 01:51:34:316] info: Breadcrumb: electron: window.ready-to-show 
{
  "id": 1,
  "url": "[REDACTED]"
}
[02/24/26, 01:51:34:331] info: Breadcrumb: electron: window.focus 
{
  "id": 1,
  "url": "[REDACTED]"
}
[02/24/26, 01:51:34:332] info: Breadcrumb: electron: app.browser-window-focus 
[02/24/26, 01:51:34:332] info: Store: SET_WINDOW_FRAME 
{
  "id": 1,
  "frame": {
    "isFocused": true
  },
  "fromEvent": true
}
[02/24/26, 01:51:34:564] info: Breadcrumb: electron.net: undefined 
{
  "url": "[REDACTED]",
  "method": "POST",
  "status_code": 200
}
[02/24/26, 01:51:34:567] info: Breadcrumb: electron.net: undefined 
{
  "url": "[REDACTED]",
  "method": "POST",
  "status_code": 200
}
[02/24/26, 01:51:34:569] info: Breadcrumb: electron.net: undefined 
{
  "url": "[REDACTED]",
  "method": "POST",
  "status_code": 200
}
[02/24/26, 01:51:34:781] info: Permission check granted: 
{
  "isMainFrame": true,
  "permission": "background-sync",
  "requestingOrigin": "https://app.slack.com/",
  "requestingUrl": "https://app.slack.com/client/T08KF7TD5AN",
  "securityOrigin": null,
  "slackChildWindowRequest": {
    "result": false,
    "reason": "Not child window URL"
  }
}
[02/24/26, 01:51:35:306] info: Store: SET_WINDOW_FRAME 
{
  "id": 1,
  "frame": {
    "bounds": {
      "x": 0,
      "y": 0,
      "width": 668,
      "height": 740
    }
  },
  "fromEvent": true
}
[02/24/26, 01:51:35:307] info: Store: UPDATE_SETTINGS 
{
  "mainWindowSettings": {
    "fullScreen": false,
    "maximized": false,
    "bounds": {
      "x": 0,
      "y": 0,
      "width": 668,
      "height": 740
    }
  }
}
[02/24/26, 01:51:35:310] info: Store: SET_NETWORK_STATUS online
[02/24/26, 01:51:35:802] info: Store: UPDATE_SETTINGS 
{
  "userTheme": "dark"
}
[02/24/26, 01:51:35:803] info: Store: UPDATE_SETTINGS 
{
  "systemThemeSyncEnabled": true
}
[02/24/26, 01:51:35:804] info: waitAuthCookieChange: waiting for auth change for session 
{
  "sessionId": "PROD_DEFAULT_SESSION"
}
[02/24/26, 01:51:35:822] info: Store: SELECTION_CHANGED T08KF7TD5AN
[02/24/26, 01:51:35:894] info: Permission check denied: 
{
  "isMainFrame": false,
  "permission": "media",
  "requestingOrigin": "https://app.slack.com/",
  "requestingUrl": null,
  "securityOrigin": null,
  "mediaType": "video",
  "slackChildWindowRequest": false
}
[02/24/26, 01:51:35:894] info: Permission check denied: 
{
  "isMainFrame": false,
  "permission": "media",
  "requestingOrigin": "https://app.slack.com/",
  "requestingUrl": null,
  "securityOrigin": null,
  "mediaType": "audio",
  "slackChildWindowRequest": false
}
[02/24/26, 01:51:35:894] info: Permission check denied: 
{
  "isMainFrame": false,
  "permission": "geolocation",
  "requestingOrigin": "https://app.slack.com/",
  "requestingUrl": null,
  "securityOrigin": null,
  "slackChildWindowRequest": false
}
[02/24/26, 01:51:35:894] info: Permission check denied: 
{
  "isMainFrame": false,
  "permission": "window-management",
  "requestingOrigin": "https://app.slack.com/",
  "requestingUrl": null,
  "securityOrigin": null,
  "slackChildWindowRequest": false
}
[02/24/26, 01:51:37:528] info: Store: persist/FLUSH 
[02/24/26, 01:51:37:682] info: Store: REDUX_UPDATE_FROM_WEBAPP (T08KF7TD5AN) Changed keys [theme,notificationPrefs,connectivityPrefs,featureFlags,unreads,locale,version,frontendBuildType,userId]
[02/24/26, 01:51:37:686] info: registerLifeCycleEvents: webContents:1 is type 'app' 
[02/24/26, 01:51:37:686] info: Store: UPSERT_WEB_CONTENTS 
{
  "id": 1,
  "type": "app",
  "history": "[REDACTED]"
}
[02/24/26, 01:51:37:690] info: Store: REDUX_UPDATE_FROM_WEBAPP (T08KF7TD5AN) Changed keys [userId]
[02/24/26, 01:51:37:708] info: Store: REDUX_UPDATE_FROM_WEBAPP (T08KF7TD5AN) Changed keys [notificationPrefs,unreads]
[02/24/26, 01:51:37:710] info: Store: REDUX_UPDATE_FROM_WEBAPP (T08KF7TD5AN) Changed keys [connectivityPrefs]
[02/24/26, 01:51:37:741] info: Store: STORE_USER_WORKSPACES 
{
  "userTeamId": "T08KF7TD5AN",
  "workspaceIds": [
    "T08KF7TD5AN"
  ]
}
[02/24/26, 01:51:37:746] info: Store: SELECTION_CHANGED T08KF7TD5AN
[02/24/26, 01:51:37:754] info: Permission check granted: 
{
  "isMainFrame": true,
  "permission": "media",
  "requestingOrigin": "https://app.slack.com/",
  "requestingUrl": "https://app.slack.com/client/T08KF7TD5AN",
  "securityOrigin": null,
  "mediaType": "video",
  "slackChildWindowRequest": {
    "result": false,
    "reason": "Not child window URL"
  }
}
[02/24/26, 01:51:37:754] info: Permission check granted: 
{
  "isMainFrame": true,
  "permission": "media",
  "requestingOrigin": "https://app.slack.com/",
  "requestingUrl": "https://app.slack.com/client/T08KF7TD5AN",
  "securityOrigin": null,
  "mediaType": "audio",
  "slackChildWindowRequest": {
    "result": false,
    "reason": "Not child window URL"
  }
}
[02/24/26, 01:51:37:754] info: Permission check granted: 
{
  "isMainFrame": true,
  "permission": "geolocation",
  "requestingOrigin": "https://app.slack.com/",
  "requestingUrl": "https://app.slack.com/client/T08KF7TD5AN",
  "securityOrigin": null,
  "slackChildWindowRequest": {
    "result": false,
    "reason": "Not child window URL"
  }
}
[02/24/26, 01:51:37:755] info: Permission check granted: 
{
  "isMainFrame": true,
  "permission": "window-management",
  "requestingOrigin": "https://app.slack.com/",
  "requestingUrl": "https://app.slack.com/client/T08KF7TD5AN",
  "securityOrigin": null,
  "slackChildWindowRequest": {
    "result": false,
    "reason": "Not child window URL"
  }
}
[02/24/26, 01:51:37:893] info: Permission check granted: 
{
  "isMainFrame": true,
  "permission": "media",
  "requestingOrigin": "https://app.slack.com/client/T08KF7TD5AN/C08KG4B9STE",
  "requestingUrl": "https://app.slack.com/client/T08KF7TD5AN/C08KG4B9STE",
  "securityOrigin": "https://app.slack.com/",
  "mediaType": "audio",
  "slackChildWindowRequest": {
    "result": false,
    "reason": "Not child window URL"
  }
}
[02/24/26, 01:51:37:893] info: Permission check granted: 
{
  "isMainFrame": true,
  "permission": "speaker-selection",
  "requestingOrigin": "https://app.slack.com/",
  "requestingUrl": "https://app.slack.com/client/T08KF7TD5AN/C08KG4B9STE",
  "securityOrigin": null,
  "slackChildWindowRequest": {
    "result": false,
    "reason": "Not child window URL"
  }
}
[02/24/26, 01:51:37:893] info: Permission check granted: 
{
  "isMainFrame": true,
  "permission": "media",
  "requestingOrigin": "https://app.slack.com/client/T08KF7TD5AN/C08KG4B9STE",
  "requestingUrl": "https://app.slack.com/client/T08KF7TD5AN/C08KG4B9STE",
  "securityOrigin": "https://app.slack.com/",
  "mediaType": "video",
  "slackChildWindowRequest": {
    "result": false,
    "reason": "Not child window URL"
  }
}
[02/24/26, 01:51:37:899] info: Store: EXTEND_MENU global: menucategory-file,menucategory-view,menucategory-jump-to
[02/24/26, 01:51:37:906] info: Store: EXTEND_MENU T08KF7TD5AN: menucategory-file,menucategory-view,menucategory-edit,menucategory-help,menucategory-history
[02/24/26, 01:51:37:911] info: Store: UPDATE_SETTINGS 
{
  "zoomLevel": 0
}
[02/24/26, 01:51:38:092] info: Permission check granted: 
{
  "isMainFrame": true,
  "permission": "media",
  "requestingOrigin": "https://app.slack.com/client/T08KF7TD5AN/C08KG4B9STE",
  "requestingUrl": "https://app.slack.com/client/T08KF7TD5AN/C08KG4B9STE",
  "securityOrigin": "https://app.slack.com/",
  "mediaType": "audio",
  "slackChildWindowRequest": {
    "result": false,
    "reason": "Not child window URL"
  }
}
[02/24/26, 01:51:38:092] info: Permission check granted: 
{
  "isMainFrame": true,
  "permission": "speaker-selection",
  "requestingOrigin": "https://app.slack.com/",
  "requestingUrl": "https://app.slack.com/client/T08KF7TD5AN/C08KG4B9STE",
  "securityOrigin": null,
  "slackChildWindowRequest": {
    "result": false,
    "reason": "Not child window URL"
  }
}
[02/24/26, 01:51:38:092] info: Permission check granted: 
{
  "isMainFrame": true,
  "permission": "media",
  "requestingOrigin": "https://app.slack.com/client/T08KF7TD5AN/C08KG4B9STE",
  "requestingUrl": "https://app.slack.com/client/T08KF7TD5AN/C08KG4B9STE",
  "securityOrigin": "https://app.slack.com/",
  "mediaType": "video",
  "slackChildWindowRequest": {
    "result": false,
    "reason": "Not child window URL"
  }
}
[02/24/26, 01:51:38:181] info: Store: REDUX_UPDATE_FROM_WEBAPP (T06AU05DL0L) Changed keys [theme,notificationPrefs,connectivityPrefs,featureFlags,unreads,locale,version,frontendBuildType,userId]
[02/24/26, 01:51:38:423] info: Store: EXTEND_MENU T08KF7TD5AN: menucategory-file,menucategory-view,menucategory-edit,menucategory-help,menucategory-history
[02/24/26, 01:51:38:768] info: Store: SET_WINDOW_FRAME 
{
  "id": 1,
  "frame": {
    "bounds": {
      "x": 0,
      "y": 0,
      "width": 754,
      "height": 712
    }
  },
  "fromEvent": true
}
[02/24/26, 01:51:38:769] info: Store: UPDATE_SETTINGS 
{
  "mainWindowSettings": {
    "fullScreen": false,
    "maximized": false,
    "bounds": {
      "x": 0,
      "y": 0,
      "width": 754,
      "height": 712
    }
  }
}
[02/24/26, 01:51:38:923] info: Store: STORE_USER_WORKSPACES 
{
  "userTeamId": "T06AU05DL0L",
  "workspaceIds": [
    "T06AU05DL0L"
  ]
}
[02/24/26, 01:51:38:927] info: Store: SELECTION_CHANGED T08KF7TD5AN
[02/24/26, 01:51:38:952] info: Permission check granted: 
{
  "isMainFrame": true,
  "permission": "notifications",
  "requestingOrigin": "https://app.slack.com/",
  "requestingUrl": "https://app.slack.com/client/T08KF7TD5AN/C08KG4B9STE",
  "securityOrigin": null,
  "slackChildWindowRequest": {
    "result": false,
    "reason": "Not child window URL"
  }
}
[02/24/26, 01:51:38:974] info: Store: SYNC Synced 2 workspaces with IDs [T08KF7TD5AN,T06AU05DL0L]
[02/24/26, 01:51:38:978] info: registerLifeCycleEvents: webContents:1 from 'loaded' to 'webapp-loaded' took 1292 ms 
[02/24/26, 01:51:38:978] info: Store: UPSERT_WEB_CONTENTS 
{
  "id": 1,
  "state": "webapp-loaded"
}
[02/24/26, 01:51:38:985] info: Initial Boot Timestamp: 1771865492135
        Boot Phase: WEBAPP_LOADED
        Duration: 4683ms
        From Boot to WEBAPP_LOADED: 6849ms
        Invoked on Startup: false
        CPU Speed: 100 
[02/24/26, 01:51:38:985] info: Store: RECORD_PERFORMANCE_TIMING 
{
  "phase": 3,
  "interval": 4683
}
[02/24/26, 01:51:38:986] info: registerLifeCycleEvents: webContents:1 from 'webapp-loaded' to 'webapp-loaded' took 8 ms 
[02/24/26, 01:51:38:986] info: Store: UPSERT_WEB_CONTENTS 
{
  "id": 1,
  "state": "webapp-loaded"
}
[02/24/26, 01:51:39:484] info: Breadcrumb: electron.net: undefined 
{
  "url": "[REDACTED]",
  "method": "POST",
  "status_code": 200
}
[02/24/26, 01:51:39:617] info: Store: REDUX_UPDATE_FROM_WEBAPP (T08KF7TD5AN) Changed keys [unreads]
[02/24/26, 01:51:39:981] info: Store: EXTEND_MENU T08KF7TD5AN: menucategory-file,menucategory-view,menucategory-edit,menucategory-help,menucategory-history
[02/24/26, 01:51:40:121] info: Permission check granted: 
{
  "isMainFrame": true,
  "permission": "media",
  "requestingOrigin": "https://app.slack.com/",
  "requestingUrl": "https://app.slack.com/client/T08KF7TD5AN/C08KG4B9STE",
  "securityOrigin": null,
  "mediaType": "video",
  "slackChildWindowRequest": {
    "result": false,
    "reason": "Not child window URL"
  }
}
[02/24/26, 01:51:40:121] info: Permission check granted: 
{
  "isMainFrame": true,
  "permission": "media",
  "requestingOrigin": "https://app.slack.com/",
  "requestingUrl": "https://app.slack.com/client/T08KF7TD5AN/C08KG4B9STE",
  "securityOrigin": null,
  "mediaType": "audio",
  "slackChildWindowRequest": {
    "result": false,
    "reason": "Not child window URL"
  }
}
[02/24/26, 01:51:40:121] info: Permission check granted: 
{
  "isMainFrame": true,
  "permission": "geolocation",
  "requestingOrigin": "https://app.slack.com/",
  "requestingUrl": "https://app.slack.com/client/T08KF7TD5AN/C08KG4B9STE",
  "securityOrigin": null,
  "slackChildWindowRequest": {
    "result": false,
    "reason": "Not child window URL"
  }
}
[02/24/26, 01:51:40:122] info: Permission check granted: 
{
  "isMainFrame": true,
  "permission": "window-management",
  "requestingOrigin": "https://app.slack.com/",
  "requestingUrl": "https://app.slack.com/client/T08KF7TD5AN/C08KG4B9STE",
  "securityOrigin": null,
  "slackChildWindowRequest": {
    "result": false,
    "reason": "Not child window URL"
  }
}
[02/24/26, 01:51:40:123] info: Permission check granted: 
{
  "isMainFrame": true,
  "permission": "media",
  "requestingOrigin": "https://app.slack.com/",
  "requestingUrl": "https://app.slack.com/client/T06AU05DL0L/C06ARGB5GCS",
  "securityOrigin": null,
  "mediaType": "video",
  "slackChildWindowRequest": {
    "result": false,
    "reason": "Not child window URL"
  }
}
[02/24/26, 01:51:40:123] info: Permission check granted: 
{
  "isMainFrame": true,
  "permission": "media",
  "requestingOrigin": "https://app.slack.com/",
  "requestingUrl": "https://app.slack.com/client/T06AU05DL0L/C06ARGB5GCS",
  "securityOrigin": null,
  "mediaType": "audio",
  "slackChildWindowRequest": {
    "result": false,
    "reason": "Not child window URL"
  }
}
[02/24/26, 01:51:40:124] info: Permission check granted: 
{
  "isMainFrame": true,
  "permission": "geolocation",
  "requestingOrigin": "https://app.slack.com/",
  "requestingUrl": "https://app.slack.com/client/T06AU05DL0L/C06ARGB5GCS",
  "securityOrigin": null,
  "slackChildWindowRequest": {
    "result": false,
    "reason": "Not child window URL"
  }
}
[02/24/26, 01:51:40:124] info: Permission check granted: 
{
  "isMainFrame": true,
  "permission": "window-management",
  "requestingOrigin": "https://app.slack.com/",
  "requestingUrl": "https://app.slack.com/client/T06AU05DL0L/C06ARGB5GCS",
  "securityOrigin": null,
  "slackChildWindowRequest": {
    "result": false,
    "reason": "Not child window URL"
  }
}
[02/24/26, 01:51:40:131] info: Store: SELECTION_CHANGED T06AU05DL0L
[02/24/26, 01:51:40:261] info: Permission check granted: 
{
  "isMainFrame": true,
  "permission": "media",
  "requestingOrigin": "https://app.slack.com/client/T06AU05DL0L/C06ARGB5GCS",
  "requestingUrl": "https://app.slack.com/client/T06AU05DL0L/C06ARGB5GCS",
  "securityOrigin": "https://app.slack.com/",
  "mediaType": "audio",
  "slackChildWindowRequest": {
    "result": false,
    "reason": "Not child window URL"
  }
}
[02/24/26, 01:51:40:261] info: Permission check granted: 
{
  "isMainFrame": true,
  "permission": "speaker-selection",
  "requestingOrigin": "https://app.slack.com/",
  "requestingUrl": "https://app.slack.com/client/T06AU05DL0L/C06ARGB5GCS",
  "securityOrigin": null,
  "slackChildWindowRequest": {
    "result": false,
    "reason": "Not child window URL"
  }
}
[02/24/26, 01:51:40:261] info: Permission check granted: 
{
  "isMainFrame": true,
  "permission": "media",
  "requestingOrigin": "https://app.slack.com/client/T06AU05DL0L/C06ARGB5GCS",
  "requestingUrl": "https://app.slack.com/client/T06AU05DL0L/C06ARGB5GCS",
  "securityOrigin": "https://app.slack.com/",
  "mediaType": "video",
  "slackChildWindowRequest": {
    "result": false,
    "reason": "Not child window URL"
  }
}
[02/24/26, 01:51:40:262] info: Store: EXTEND_MENU T06AU05DL0L: menucategory-file,menucategory-view,menucategory-edit,menucategory-help,menucategory-history
[02/24/26, 01:51:40:267] info: Store: UPDATE_SETTINGS 
{
  "zoomLevel": 0
}
[02/24/26, 01:51:40:447] info: Permission check granted: 
{
  "isMainFrame": true,
  "permission": "media",
  "requestingOrigin": "https://app.slack.com/client/T06AU05DL0L/C06ARGB5GCS",
  "requestingUrl": "https://app.slack.com/client/T06AU05DL0L/C06ARGB5GCS",
  "securityOrigin": "https://app.slack.com/",
  "mediaType": "audio",
  "slackChildWindowRequest": {
    "result": false,
    "reason": "Not child window URL"
  }
}
[02/24/26, 01:51:40:447] info: Permission check granted: 
{
  "isMainFrame": true,
  "permission": "speaker-selection",
  "requestingOrigin": "https://app.slack.com/",
  "requestingUrl": "https://app.slack.com/client/T06AU05DL0L/C06ARGB5GCS",
  "securityOrigin": null,
  "slackChildWindowRequest": {
    "result": false,
    "reason": "Not child window URL"
  }
}
[02/24/26, 01:51:40:447] info: Permission check granted: 
{
  "isMainFrame": true,
  "permission": "media",
  "requestingOrigin": "https://app.slack.com/client/T06AU05DL0L/C06ARGB5GCS",
  "requestingUrl": "https://app.slack.com/client/T06AU05DL0L/C06ARGB5GCS",
  "securityOrigin": "https://app.slack.com/",
  "mediaType": "video",
  "slackChildWindowRequest": {
    "result": false,
    "reason": "Not child window URL"
  }
}
[02/24/26, 01:51:41:764] info: Store: REDUX_UPDATE_FROM_WEBAPP (T06AU05DL0L) Changed keys [unreads]
[02/24/26, 01:51:42:122] info: Permission check granted: 
{
  "isMainFrame": true,
  "permission": "media",
  "requestingOrigin": "https://app.slack.com/",
  "requestingUrl": "https://app.slack.com/client/T06AU05DL0L/C06ARGB5GCS",
  "securityOrigin": null,
  "mediaType": "video",
  "slackChildWindowRequest": {
    "result": false,
    "reason": "Not child window URL"
  }
}
[02/24/26, 01:51:42:122] info: Permission check granted: 
{
  "isMainFrame": true,
  "permission": "media",
  "requestingOrigin": "https://app.slack.com/",
  "requestingUrl": "https://app.slack.com/client/T06AU05DL0L/C06ARGB5GCS",
  "securityOrigin": null,
  "mediaType": "audio",
  "slackChildWindowRequest": {
    "result": false,
    "reason": "Not child window URL"
  }
}
[02/24/26, 01:51:42:123] info: Permission check granted: 
{
  "isMainFrame": true,
  "permission": "geolocation",
  "requestingOrigin": "https://app.slack.com/",
  "requestingUrl": "https://app.slack.com/client/T06AU05DL0L/C06ARGB5GCS",
  "securityOrigin": null,
  "slackChildWindowRequest": {
    "result": false,
    "reason": "Not child window URL"
  }
}
[02/24/26, 01:51:42:123] info: Permission check granted: 
{
  "isMainFrame": true,
  "permission": "window-management",
  "requestingOrigin": "https://app.slack.com/",
  "requestingUrl": "https://app.slack.com/client/T06AU05DL0L/C06ARGB5GCS",
  "securityOrigin": null,
  "slackChildWindowRequest": {
    "result": false,
    "reason": "Not child window URL"
  }
}
[02/24/26, 01:51:42:892] info: Permission check granted: 
{
  "isMainFrame": true,
  "permission": "media",
  "requestingOrigin": "https://app.slack.com/client/T06AU05DL0L/D07MJ421FB5",
  "requestingUrl": "https://app.slack.com/client/T06AU05DL0L/D07MJ421FB5",
  "securityOrigin": "https://app.slack.com/",
  "mediaType": "audio",
  "slackChildWindowRequest": {
    "result": false,
    "reason": "Not child window URL"
  }
}
[02/24/26, 01:51:42:892] info: Permission check granted: 
{
  "isMainFrame": true,
  "permission": "speaker-selection",
  "requestingOrigin": "https://app.slack.com/",
  "requestingUrl": "https://app.slack.com/client/T06AU05DL0L/D07MJ421FB5",
  "securityOrigin": null,
  "slackChildWindowRequest": {
    "result": false,
    "reason": "Not child window URL"
  }
}
[02/24/26, 01:51:42:892] info: Permission check granted: 
{
  "isMainFrame": true,
  "permission": "media",
  "requestingOrigin": "https://app.slack.com/client/T06AU05DL0L/D07MJ421FB5",
  "requestingUrl": "https://app.slack.com/client/T06AU05DL0L/D07MJ421FB5",
  "securityOrigin": "https://app.slack.com/",
  "mediaType": "video",
  "slackChildWindowRequest": {
    "result": false,
    "reason": "Not child window URL"
  }
}
[02/24/26, 01:51:42:900] info: Permission check granted: 
{
  "isMainFrame": true,
  "permission": "media",
  "requestingOrigin": "https://app.slack.com/client/T06AU05DL0L/D07MJ421FB5",
  "requestingUrl": "https://app.slack.com/client/T06AU05DL0L/D07MJ421FB5",
  "securityOrigin": "https://app.slack.com/",
  "mediaType": "audio",
  "slackChildWindowRequest": {
    "result": false,
    "reason": "Not child window URL"
  }
}
[02/24/26, 01:51:42:900] info: Permission check granted: 
{
  "isMainFrame": true,
  "permission": "speaker-selection",
  "requestingOrigin": "https://app.slack.com/",
  "requestingUrl": "https://app.slack.com/client/T06AU05DL0L/D07MJ421FB5",
  "securityOrigin": null,
  "slackChildWindowRequest": {
    "result": false,
    "reason": "Not child window URL"
  }
}
[02/24/26, 01:51:42:900] info: Permission check granted: 
{
  "isMainFrame": true,
  "permission": "media",
  "requestingOrigin": "https://app.slack.com/client/T06AU05DL0L/D07MJ421FB5",
  "requestingUrl": "https://app.slack.com/client/T06AU05DL0L/D07MJ421FB5",
  "securityOrigin": "https://app.slack.com/",
  "mediaType": "video",
  "slackChildWindowRequest": {
    "result": false,
    "reason": "Not child window URL"
  }
}
[02/24/26, 01:51:43:975] info: Store: persist/FLUSH 
[02/24/26, 01:51:51:465] info: actionForExternalWindowURL: Opening external window 
[02/24/26, 01:51:51:468] info: openExternal: Successfully opened external URL 
{
  "protocol": "https:",
  "trigger": 0
}
[02/24/26, 01:51:51:641] info: Breadcrumb: electron: window.blur 
{
  "id": 1,
  "url": "[REDACTED]"
}
[02/24/26, 01:51:51:641] info: Breadcrumb: electron: app.browser-window-blur 
[02/24/26, 01:51:51:641] info: Store: SET_WINDOW_FRAME 
{
  "id": 1,
  "frame": {
    "isFocused": false
  },
  "fromEvent": true
}
[02/24/26, 01:51:52:641] info: Store: SET_WINDOW_FRAME 
{
  "id": 1,
  "frame": {
    "bounds": {
      "x": 0,
      "y": 0,
      "width": 754,
      "height": 740
    }
  },
  "fromEvent": true
}
[02/24/26, 01:51:52:642] info: Store: UPDATE_SETTINGS 
{
  "mainWindowSettings": {
    "fullScreen": false,
    "maximized": false,
    "bounds": {
      "x": 0,
      "y": 0,
      "width": 754,
      "height": 740
    }
  }
}
[02/24/26, 01:52:00:857] info: Breadcrumb: electron: window.focus 
{
  "id": 1,
  "url": "[REDACTED]"
}
[02/24/26, 01:52:00:857] info: Breadcrumb: electron: app.browser-window-focus 
[02/24/26, 01:52:00:857] info: Store: SET_WINDOW_FRAME 
{
  "id": 1,
  "frame": {
    "isFocused": true
  },
  "fromEvent": true
}
[02/24/26, 01:52:31:960] info: Breadcrumb: electron: window.blur 
{
  "id": 1,
  "url": "[REDACTED]"
}
[02/24/26, 01:52:31:961] info: Breadcrumb: electron: app.browser-window-blur 
[02/24/26, 01:52:31:961] info: Store: SET_WINDOW_FRAME 
{
  "id": 1,
  "frame": {
    "isFocused": false
  },
  "fromEvent": true
}
[02/24/26, 01:52:32:549] info: Store: UPDATE_SETTINGS 
{
  "lastClogForProxyInfo": 1771865552548
}
[02/24/26, 01:52:33:192] info: Breadcrumb: electron.net: undefined 
{
  "url": "[REDACTED]",
  "method": "POST",
  "status_code": 200
}
[02/24/26, 01:52:42:938] info: Breadcrumb: electron.net: undefined 
{
  "url": "[REDACTED]",
  "method": "POST",
  "status_code": 200
}
[02/24/26, 01:52:43:325] info: Breadcrumb: electron.net: undefined 
{
  "url": "[REDACTED]",
  "method": "POST",
  "status_code": 200
}
[02/24/26, 01:52:43:764] info: Breadcrumb: electron.net: undefined 
{
  "url": "[REDACTED]",
  "method": "POST",
  "status_code": 200
}
[02/24/26, 01:56:38:822] info: Permission check granted: 
{
  "isMainFrame": true,
  "permission": "notifications",
  "requestingOrigin": "https://app.slack.com/",
  "requestingUrl": "https://app.slack.com/client/T06AU05DL0L/D07MJ421FB5",
  "securityOrigin": null,
  "slackChildWindowRequest": {
    "result": false,
    "reason": "Not child window URL"
  }
}
[02/24/26, 01:56:38:823] info: Permission check granted: 
{
  "isMainFrame": true,
  "permission": "notifications",
  "requestingOrigin": "https://app.slack.com/",
  "requestingUrl": "https://app.slack.com/client/T06AU05DL0L/D07MJ421FB5",
  "securityOrigin": null,
  "slackChildWindowRequest": {
    "result": false,
    "reason": "Not child window URL"
  }
}
[02/24/26, 01:56:38:824] info: Permission check granted: 
{
  "isMainFrame": true,
  "permission": "notifications",
  "requestingOrigin": "https://app.slack.com/",
  "requestingUrl": "https://app.slack.com/client/T06AU05DL0L/D07MJ421FB5",
  "securityOrigin": null,
  "slackChildWindowRequest": {
    "result": false,
    "reason": "Not child window URL"
  }
}
[02/24/26, 01:56:38:824] info: Permission check granted: 
{
  "isMainFrame": true,
  "permission": "notifications",
  "requestingOrigin": "https://app.slack.com/",
  "requestingUrl": "https://app.slack.com/client/T06AU05DL0L/D07MJ421FB5",
  "securityOrigin": null,
  "slackChildWindowRequest": {
    "result": false,
    "reason": "Not child window URL"
  }
}
[02/24/26, 02:00:07:218] info: Store: QUIT_APP 
[02/24/26, 02:00:07:219] info: Breadcrumb: electron: window.hide 
{
  "id": 1,
  "url": "[REDACTED]"
}
[02/24/26, 02:00:07:219] info: Store: SET_WINDOW_FRAME 
{
  "id": 1,
  "frame": {
    "isVisible": false
  },
  "fromEvent": true
}
[02/24/26, 02:00:07:220] info: EpicHelpers: Flushing cookie store for session 
{
  "sessionId": "PROD_DEFAULT_SESSION"
}
[02/24/26, 02:00:07:220] info: Disposing dW… 
[02/24/26, 02:00:07:220] info: Disposing EW… 
[02/24/26, 02:00:07:221] info: Disposing uy… 
[02/24/26, 02:00:07:221] info: Store: DOWNLOADS_CLEANED_UP 
[02/24/26, 02:00:07:222] info: flushLocalSettings: Flushing local-settings.json 
{
  "keys": [
    "releaseChannelOverride",
    "useHwAcceleration",
    "rxLogging"
  ]
}
[02/24/26, 02:00:07:222] info: Store: persist/FLUSH 
[02/24/26, 02:00:07:224] info: Closing main window 
{
  "id": 1
}
[02/24/26, 02:00:07:224] info: closeWindow: attempt to close window 
{
  "id": 1
}
[02/24/26, 02:00:07:224] info: Breadcrumb: electron: window.close 
{
  "id": 1,
  "url": "[REDACTED]"
}
[02/24/26, 02:00:07:254] info: registerLifeCycleEvents: webContents:1 from 'webapp-loaded' to 'page-closed' took 508268 ms 
[02/24/26, 02:00:07:254] info: Store: UPSERT_WEB_CONTENTS 
{
  "id": 1,
  "state": "page-closed"
}
[02/24/26, 02:00:07:256] info: Breadcrumb: electron: renderer.destroyed 
{
  "id": 1,
  "url": "[REDACTED]"
}
[02/24/26, 02:00:07:257] info: Store: REMOVE_WEB_CONTENTS 
{
  "id": 1
}
[02/24/26, 02:00:07:259] info: Breadcrumb: electron: window.closed 
{
  "id": 1,
  "url": "[REDACTED]"
}
[02/24/26, 02:00:07:259] info: Store: REMOVE_WINDOW 1
[02/24/26, 02:00:07:263] info: 
┌─────────────────────┬───────────────┐
│ key                 │ time          │
├─────────────────────┼───────────────┤
│  FLUSH_COOKIES      │  2.333003ms   │
│  FLUSH_STORE        │  0.294554ms   │
│  REMOVE_DICT        │  0.611612ms   │
│  FLUSH_TELEMETRY    │  0.27935ms    │
│  CLOSE_MAIN_WINDOW  │  35.991954ms  │
│  TOTAL              │  41.418362ms  │
└─────────────────────┴───────────────┘

 
[02/24/26, 02:00:07:263] info: quitApplicationEpic: Finished, calling app.quit 
[02/24/26, 02:00:07:263] info: Breadcrumb: electron: app.before-quit 
[02/24/26, 02:00:07:264] info: Breadcrumb: electron: app.will-quit 
[02/24/26, 02:00:07:264] info: Telling native-keymap to ignore all future events as we are quitting 
[02/24/26, 02:00:07:796] info: Breadcrumb: electron: app.quit 
