[02/02/26, 01:32:42:280] info: 
╔═════════════════════════════════════════════════════════╗
║      Slack 4.47.69, linux 6.18.7-zen1-1-zen on x64      ║
╚═════════════════════════════════════════════════════════╝ 
[02/02/26, 01:32:42:281] info: Configured logger via 
{
  "enableConsoleTransport": true,
  "identifierOverride": "webapp-console",
  "loggerInstanceCount": 3
}
[02/02/26, 01:32:42:281] info: Predefined values for process 
{
  "NODE_ENV": "production",
  "platform": "linux",
  "type": "browser",
  "timeZone": "Asia/Tokyo",
  "PACKAGE_MANIFEST.productName": "Slack",
  "PACKAGE_MANIFEST.version": "4.47.69",
  "PACKAGE_MANIFEST.commit": "72d60eb",
  "PACKAGE_MANIFEST.branch": "HEAD"
}
[02/02/26, 01:32:43:851] info: Starting Sentry (Preload) 
[02/02/26, 01:32:43:851] info: getSentryDSN: Setting sentry URL to slack.com 
[02/02/26, 01:32:43:855] info: [DESKTOP PRELOAD]	Creating desktop interface object 
[02/02/26, 01:32:43:856] info: [DESKTOP PRELOAD]	Exposing context bridge 
[02/02/26, 01:32:43:859] info: Store: WINDOW_CREATED {
  "type": "main",
  "webappType": "app",
  "id": 1,
  "frame": {
    "isHtmlFullScreen": false,
    "isCurrentlyAudible": false,
    "isFullScreen": false,
    "isMinimized": false,
    "isMaximized": false,
    "isVisible": false,
    "isFocused": false,
    "bounds": {
      "x": 240,
      "y": 100,
      "width": 800,
      "height": 600
    },
    "hasVibrancy": false,
    "isAlwaysOnTop": false
  }
} 
[02/02/26, 01:32:43:859] info: Store: RECORD_PERFORMANCE_TIMING {
  "phase": 1,
  "interval": 43
} 
[02/02/26, 01:32:43:859] info: Store: UPDATE_SETTINGS {
  "keyboardLayout": "us"
} 
[02/02/26, 01:32:43:861] info: Store: UPDATE_SETTINGS {
  "launchOnStartup": false,
  "PrefSSBFileDownloadPath": "/home/[REDACTED]/Downloads",
  "PrefSSBFileDownloadPathDisplayName": "Downloads",
  "hasRunApp": true
} 
[02/02/26, 01:32:43:861] info: Store: SET_UPDATE_SUPPORTED false 
[02/02/26, 01:32:43:861] info: Store: UPSERT_WEB_CONTENTS {
  "id": 1,
  "state": "unloaded",
  "type": "app"
} 
[02/02/26, 01:32:43:862] info: Store: DISPLAY_METRICS_CHANGED  
[02/02/26, 01:32:43:862] info: Store: DISPLAY_METRICS_CHANGED  
[02/02/26, 01:32:43:862] info: Store: DISPLAY_METRICS_CHANGED  
[02/02/26, 01:32:43:862] info: Store: SET_HW_ACCEL_AVAILABILITY enabled 
[02/02/26, 01:32:43:862] info: Store: UPDATE_DESKTOP_FEATURES [
  "desktop_loading_screen"
] 
[02/02/26, 01:32:43:862] info: Store: UPDATE_SETTINGS {
  "signInMethod": "browser"
} 
[02/02/26, 01:32:43:863] info: Store: UPDATE_SETTINGS {
  "devToolsEnabled": false
} 
[02/02/26, 01:32:46:683] info: Breadcrumb: fetch: undefined {
  "method": "GET",
  "url": "[REDACTED]",
  "status_code": 200
} 
[02/02/26, 01:32:46:685] info: [DESKTOP PRELOAD]	Network status check {
  "elapsed_time_ms": 1698,
  "navigator_online": true,
  "api_test": "online"
} 
[02/02/26, 01:32:46:687] info: Store: SET_NETWORK_STATUS online 
[02/02/26, 01:32:47:955] info: Store: UPDATE_SETTINGS {
  "userTheme": "light"
} 
[02/02/26, 01:32:47:955] info: 10 CDN assets loaded OK 
[02/02/26, 01:32:47:965] info: [TRACER] Tracing is not sampled by default for this session. 
[02/02/26, 01:32:47:968] warn: TELEMETRY You tried to get a team-specific telemeter but didn’t provide enough context and are getting the generic telemeter instead which is likely not what you want. 
[02/02/26, 01:32:47:971] warn: TELEMETRY You tried to get a team-specific telemeter but didn’t provide enough context and are getting the generic telemeter instead which is likely not what you want. 
[02/02/26, 01:32:47:984] info: Slow network is detected. See https://www.chromestatus.com/feature/5636954674692096 for more details. Fallback font will be used while loading: https://a.slack-edge.com/bv1-13-br/avant-garde-8402dfbd4149ce947d8b.woff2 
[02/02/26, 01:32:48:006] info: Store: UPDATE_SETTINGS {
  "systemThemeSyncEnabled": false
} 
[02/02/26, 01:32:48:007] info: Store: UPSERT_WEB_CONTENTS {
  "id": 1,
  "state": "loaded"
} 
[02/02/26, 01:32:48:008] info: Store: RECORD_PERFORMANCE_TIMING {
  "phase": 2,
  "interval": 6025
} 
[02/02/26, 01:32:48:018] info: Store: MAIN_WINDOW_SHOWN  
[02/02/26, 01:32:48:018] info: Store: CLEAR_NOTIFICATIONS  
[02/02/26, 01:32:48:482] info: Store: UPSERT_WEB_CONTENTS {
  "id": 1,
  "type": "app",
  "history": "[REDACTED]"
} 
[02/02/26, 01:32:49:060] info: Store: UPDATE_SETTINGS {
  "mainWindowSettings": {
    "fullScreen": false,
    "maximized": false,
    "bounds": {
      "x": 0,
      "y": 0,
      "width": 1200,
      "height": 800
    }
  }
} 
[02/02/26, 01:32:50:771] info: Breadcrumb: ui.click: a.c-link.c-button.c-button--primary.c-button--large.p-ssb_landing__button.c-button--focus-visible.p-ssb_landing_button_focus  
[02/02/26, 01:33:39:900] info: Store: HANDLE_DEEP_LINK {
  "url": "[REDACTED]"
} 
[02/02/26, 01:33:39:900] info: Store: MAGIC_LOGIN_IN_PROGRESS true 
[02/02/26, 01:33:39:901] info: Store: FOCUS_WINDOW  
[02/02/26, 01:33:39:901] info: Store: UPSERT_WEB_CONTENTS {
  "id": 2,
  "state": "unloaded"
} 
[02/02/26, 01:33:39:906] info: Store: DISPLAY_METRICS_CHANGED  
[02/02/26, 01:33:41:180] info: Store: UPSERT_WEB_CONTENTS {
  "id": 1,
  "history": "[REDACTED]"
} 
[02/02/26, 01:33:41:180] info: Store: UPSERT_WEB_CONTENTS {
  "id": 2,
  "state": "loaded"
} 
[02/02/26, 01:33:41:182] info: Store: UPSERT_WEB_CONTENTS {
  "id": 2,
  "type": "auth",
  "history": "[REDACTED]"
} 
[02/02/26, 01:33:41:187] info: Store: UPSERT_WEB_CONTENTS {
  "id": 2,
  "state": "page-closed"
} 
[02/02/26, 01:33:41:195] info: Store: MAGIC_LOGIN_IN_PROGRESS false 
[02/02/26, 01:33:41:195] info: Store: REMOVE_WEB_CONTENTS {
  "id": 2
} 
[02/02/26, 01:33:41:955] info: Store: UPDATE_SETTINGS {
  "lastClogForProxyInfo": 1769963621950
} 
[02/02/26, 01:33:43:091] info: Starting Sentry (Preload) 
[02/02/26, 01:33:43:091] info: getSentryDSN: Setting sentry URL to slack.com 
[02/02/26, 01:33:43:091] info: [DESKTOP PRELOAD]	Creating desktop interface object 
[02/02/26, 01:33:43:092] info: [DESKTOP PRELOAD]	Exposing context bridge 
[02/02/26, 01:33:43:311] info: Store: UPSERT_WEB_CONTENTS {
  "id": 1,
  "state": "loaded"
} 
[02/02/26, 01:33:44:246] info: Breadcrumb: fetch: undefined {
  "method": "GET",
  "url": "[REDACTED]",
  "status_code": 200
} 
[02/02/26, 01:33:44:247] info: [DESKTOP PRELOAD]	Network status check {
  "elapsed_time_ms": 655,
  "navigator_online": true,
  "api_test": "online"
} 
[02/02/26, 01:33:44:249] info: Store: SET_NETWORK_STATUS online 
[02/02/26, 01:33:50:326] info: [METRICS] Starting timers for metrics collection 
[02/02/26, 01:33:50:623] info: [APP] client-v2 
[02/02/26, 01:33:50:623] info: [DATE/TIME] 1769963630623 "2026-02-01T16:33:50.623Z" 
[02/02/26, 01:33:50:623] info: [VERSION] version_hash: 7e0428ef01eb62f6c24861374d29eb7120a81b30 
[02/02/26, 01:33:50:623] info: [VERSION] version_ts: 1769946127 
[02/02/26, 01:33:50:624] info: [VERSION] min_version_data_ts: 1722374725 
[02/02/26, 01:33:50:624] info: [URL] https://app.slack.com/client 
[02/02/26, 01:33:50:624] info: [AUTH] authCookieChanged: started listening to the event 
[02/02/26, 01:33:50:624] info: [AUTH] Need to re-fetch auth (sc=true, psc=NaN, csc=1769963618, mfc=true, lf=0, mf=1635006011, sae=false) 
[02/02/26, 01:33:50:624] info: [AUTH] fetchAuthAndReturnToUrl: auth fetch times: 1769963630624 
[02/02/26, 01:33:50:625] info: [AUTH] fetchAuthAndReturnToUrl: will return to /client 
[02/02/26, 01:33:50:625] info: [AUTH] fetchAuthAndReturnToUrl: fetching credentials with iframe at /auth?app=client&return_to=%2Fclient&teams= 
[02/02/26, 01:33:50:627] info: [WD] All assets have reported back; s: 7; f: 0 
[02/02/26, 01:33:50:627] info: Store: UPDATE_SETTINGS {
  "userTheme": "dark"
} 
[02/02/26, 01:33:50:629] info: Store: UPDATE_SETTINGS {
  "systemThemeSyncEnabled": true
} 
[02/02/26, 01:33:51:348] info: [AUTH] credentials are ready 
[02/02/26, 01:33:51:351] info: [AUTH] credentials are ready ({"added":["T06AU05DL0L","T08KF7TD5AN"],"changed":[],"removed":[],"pending":[],"isNoOp":false,"areChangedTeamsIncompatible":true}) 
[02/02/26, 01:33:51:352] info: [LOCAL-CONFIG] ingestIncomingConfig(): processing 1150 bytes of data 
[02/02/26, 01:33:51:352] info: [LOCAL-CONFIG] ingestIncomingConfig(): teams before: (none), teams now: T06AU05DL0L:U07N70LR48G,T08KF7TD5AN:U08KG48A77W 
[02/02/26, 01:33:51:353] info: [BOOT] Initial user team ID: T06AU05DL0L 
[02/02/26, 01:33:51:355] info: [BOOT] (T06AU05DL0L) Minimum supported data version is 1722374725; currently on undefined 
[02/02/26, 01:33:51:355] info: [BOOT] (T06AU05DL0L) Skipping checking persisted store because if it exists it's out of date 
[02/02/26, 01:33:51:355] info: [PERSIST] (T06AU05DL0L) Purging persisted model... 
[02/02/26, 01:33:51:356] info: [TRACER] Tracing is not sampled by default for this team. 
[02/02/26, 01:33:51:373] info: [TRACER] Tracing is not sampled by default for this session. 
[02/02/26, 01:33:51:375] info: [BOOT-QUEUE] T06AU05DL0L noversion-1769963631.373 features.access.policies.list called 
[02/02/26, 01:33:51:375] info: [BOOT-QUEUE] T06AU05DL0L noversion-1769963631.373 features.access.policies.list is ENQUEUED 
[02/02/26, 01:33:51:376] info: [BOOT-QUEUE] T06AU05DL0L noversion-1769963631.375 experiments.getByUser called 
[02/02/26, 01:33:51:376] info: [BOOT-QUEUE] T06AU05DL0L noversion-1769963631.375 experiments.getByUser is ENQUEUED 
[02/02/26, 01:33:51:376] info: [BOOT-QUEUE] T06AU05DL0L noversion-1769963631.376 api.features called 
[02/02/26, 01:33:51:376] info: [BOOT-QUEUE] T06AU05DL0L noversion-1769963631.376 api.features is ENQUEUED 
[02/02/26, 01:33:51:377] info: [BOOT-QUEUE] T06AU05DL0L noversion-1769963631.377 client.shouldReload called with reason: boot 
[02/02/26, 01:33:51:377] info: [BOOT-QUEUE] T06AU05DL0L noversion-1769963631.377 client.shouldReload is ENQUEUED 
[02/02/26, 01:33:51:378] info: [BOOT] Couldn't determine boot channel. Falling back to default channel 
[02/02/26, 01:33:51:378] info: Store: SELECTION_CHANGED T06AU05DL0L 
[02/02/26, 01:33:51:434] info: [BOOT-QUEUE] T06AU05DL0L noversion-1769963631.373 features.access.policies.list is ACTIVE 
[02/02/26, 01:33:51:434] info: [BOOT-QUEUE] T06AU05DL0L noversion-1769963631.375 experiments.getByUser is ACTIVE 
[02/02/26, 01:33:51:434] info: [BOOT-QUEUE] T06AU05DL0L noversion-1769963631.376 api.features is ACTIVE 
[02/02/26, 01:33:51:435] info: [BOOT-QUEUE] T06AU05DL0L noversion-1769963631.377 client.shouldReload is ACTIVE 
[02/02/26, 01:33:51:435] info: [OBJECT-STORE] attempting to delete shards [] 
[02/02/26, 01:33:51:436] info: [OBJECT-STORE-T06AU05D] openDB initializing at version 284 
[02/02/26, 01:33:51:436] info: [OBJECT-STORE-T06AU05D] openDB adding stores ["sundryStorage"] 
[02/02/26, 01:33:51:436] info: [OBJECT-STORE-T06AU05D] openDB removing stores [] 
[02/02/26, 01:33:51:436] info: [OBJECT-STORE-T06AU05D] openDB clearing stores [] 
[02/02/26, 01:33:51:447] info: [PERSIST] (T06AU05DL0L) Purged model 
[02/02/26, 01:33:51:447] info: [BOOT-QUEUE] T06AU05DL0L noversion-1769963631.447 client.userBoot called with reason: initial-data 
[02/02/26, 01:33:51:448] info: [BOOT-QUEUE] T06AU05DL0L noversion-1769963631.447 client.userBoot is ENQUEUED 
[02/02/26, 01:33:51:448] info: [BOOT-QUEUE] T06AU05DL0L noversion-1769963631.447 client.userBoot is ACTIVE 
[02/02/26, 01:33:52:242] info: [BOOT-QUEUE] T06AU05DL0L noversion-1769963631.376 api.features is RESOLVED 
[02/02/26, 01:33:52:252] info: [BOOT-QUEUE] T06AU05DL0L noversion-1769963631.377 client.shouldReload is RESOLVED 
[02/02/26, 01:33:52:254] info: [BOOT-QUEUE] T06AU05DL0L noversion-1769963631.373 features.access.policies.list is RESOLVED 
[02/02/26, 01:33:52:311] info: [BOOT-QUEUE] T06AU05DL0L noversion-1769963631.447 client.userBoot is RESOLVED 
[02/02/26, 01:33:52:570] info: [BOOT-QUEUE] T06AU05DL0L noversion-1769963631.375 experiments.getByUser is RESOLVED 
[02/02/26, 01:33:52:921] info: [EMOJI_TRANSLATION] Emoji translations not needed for default locale, only adding keywords 
[02/02/26, 01:33:55:994] info: [BOOT] (T06AU05DL0L) Booting with empty store 
[02/02/26, 01:33:55:995] info: [MIN-VERSION] No need to reload 
[02/02/26, 01:33:55:996] info: [BOOT] Feature flag config version: 1769963629; Experiments config version: 1769963629 
[02/02/26, 01:33:55:996] info: [BOOT] Current earliest config version: 1769963629; All config versions: {"T06AU05DL0L":1769963629} 
[02/02/26, 01:33:55:997] info: [BOOT] (T06AU05DL0L) Configuring redux store 
[02/02/26, 01:33:56:006] info: [DESKTOP-MIDDLEWARE] (T06AU05DL0L) Forwarding redux payload to desktop ["theme","notificationPrefs","connectivityPrefs","featureFlags","unreads","locale","version","frontendBuildType","userId"] 
[02/02/26, 01:33:56:010] info: [BOOT] (T06AU05DL0L) Dispatching API data 
[02/02/26, 01:33:56:011] info: [BOOT] (T06AU05DL0L) Dispatching boot data 
[02/02/26, 01:33:56:011] info: [DESKTOP-MIDDLEWARE] (T06AU05DL0L) Forwarding redux payload to desktop ["userId"] 
[02/02/26, 01:33:56:018] info: [DESKTOP-MIDDLEWARE] (T06AU05DL0L) Forwarding redux payload to desktop ["notificationPrefs","unreads"] 
[02/02/26, 01:33:56:020] info: [DESKTOP-MIDDLEWARE] (T06AU05DL0L) Forwarding redux payload to desktop ["connectivityPrefs"] 
[02/02/26, 01:33:56:033] info: [EMOJI_TRANSLATION] Emoji translations not needed for default locale, only adding keywords 
[02/02/26, 01:33:56:034] info: [API-Q] (T06AU05DL0L) 7e0428ef-1769963636.033 search.autocomplete.topEmojis called with reason: loadEmoji-maybeReloadEmoji-setModelData 
[02/02/26, 01:33:56:034] info: [API-Q] (T06AU05DL0L) 7e0428ef-1769963636.033 search.autocomplete.topEmojis is ENQUEUED 
[02/02/26, 01:33:56:034] info: [BOOT] (T06AU05DL0L) workspaces changed since last boot -- invalidating cached state 
[02/02/26, 01:33:56:035] info: [API-Q] (T06AU05DL0L) 7e0428ef-1769963636.035 client.appCommands called with reason: set-model-data 
[02/02/26, 01:33:56:035] info: [API-Q] (T06AU05DL0L) 7e0428ef-1769963636.035 client.appCommands is ENQUEUED 
[02/02/26, 01:33:56:036] info: [API-Q] (T06AU05DL0L) 7e0428ef-1769963636.035 links.getDomains called with reason: siws-get-domains 
[02/02/26, 01:33:56:036] info: [API-Q] (T06AU05DL0L) 7e0428ef-1769963636.035 links.getDomains is ENQUEUED 
[02/02/26, 01:33:56:037] info: [API-Q] (T06AU05DL0L) 7e0428ef-1769963636.033 search.autocomplete.topEmojis is ACTIVE 
[02/02/26, 01:33:56:037] info: [API-Q] (T06AU05DL0L) 7e0428ef-1769963636.035 client.appCommands is ACTIVE 
[02/02/26, 01:33:56:038] info: [API-Q] (T06AU05DL0L) 7e0428ef-1769963636.035 links.getDomains is ACTIVE 
[02/02/26, 01:33:56:038] info: [BOOT] (T06AU05DL0L) Dispatching initial api data for initial view 
[02/02/26, 01:33:56:048] info: [BOOT] (T06AU05DL0L) processing mutation timestamps for C06ARGB5GCS 
[02/02/26, 01:33:56:048] info: [COUNTS] (T06AU05DL0L) purging cached history for channel C06ARGB5GCS since counts history_invalid 1717642140.003000 > cached historyInvalidTs undefined 
[02/02/26, 01:33:56:051] info: [PLATFORM-CHANNEL-ACTI] (T06AU05DL0L) setting count for channel C06ARGB5GCS to 0, and marking channel as stale. 
[02/02/26, 01:33:56:056] info: [NAVIGATION-MIDDLEWARE] Starting a new navigation middleware execution {"context":"client-boot","nextViewSet":{"sidebar":{"id":"ChannelList","viewType":"ChannelList"},"primary":{"id":"C06ARGB5GCS","viewType":"Channel"}},"middlewareCount":8} 
[02/02/26, 01:33:56:057] info: [BOOT] (T06AU05DL0L) Boot complete 
[02/02/26, 01:33:56:057] info: [DESKTOP-SIDE-EFFECT] (T06AU05DL0L) Reacting to  {"type":"[21] Set a value that represents whether we are currently in the boot phase","payload":false,"error":false} 
[02/02/26, 01:33:56:059] info: [AUTH] Installing incremental auth handler 
[02/02/26, 01:33:56:059] info: [SOCKET-MANAGER] (T06AU05DL0L) Changing from never_connected to prov_connect 
[02/02/26, 01:33:56:060] info: [SOCKET-MANAGER] (T06AU05DL0L) will stay in prov_connect state for up to 10000 ms 
[02/02/26, 01:33:56:060] info: [SOCKET-MANAGER] (T06AU05DL0L) Connecting with token ending: 4d01 
[02/02/26, 01:33:56:060] info: [SOCKET-MANAGER] (T06AU05DL0L) Changing from prov_connect to prov_connecting 
[02/02/26, 01:33:56:060] info: [SOCKET-MANAGER] (T06AU05DL0L) will stay in prov_connecting state for up to 35000 ms 
[02/02/26, 01:33:56:060] info: [ENDPOINT-MANAGER] (T06AU05DL0L) No stale versions to clear. 
[02/02/26, 01:33:56:060] info: [ENDPOINT-MANAGER] (T06AU05DL0L) socketUrl - fetching endpoint 
[02/02/26, 01:33:56:061] info: [SOCKET-MANAGER-MIDDLE] (T06AU05DL0L) Initialized Socket Manager instance 
[02/02/26, 01:33:56:061] info: [NAVIGATION-MIDDLEWARE] Async action execution is complete for a view {"nextView":{"id":"ChannelList","viewType":"ChannelList"},"results":[["EnsureChannelHasParentTabMiddleware",false],["EnsureMessagesTabHasTabIdMiddleware",false],["RedirectFileChannel",false],["RedirectChannelCanvasToCanvas",false],["AttemptToSetSolutionsGalleryPref",false],["EnsureAppViewType",false],["CanvasSetScrollParam",false],["EnsureActivityInboxMiddleware",false]],"shouldTerminateNavigation":false,"executionTime":4.700000001117587} 
[02/02/26, 01:33:56:062] info: [NAVIGATION-MIDDLEWARE] Finish middleware execution for sidebar container {"maybeTransformedViewSet":{"sidebar":{"id":"ChannelList","viewType":"ChannelList"},"primary":{"id":"C06ARGB5GCS","viewType":"Channel"}},"terminateNavigation":false,"isViewTransformed":false,"iterationCount":0,"executionTime":6.200000001117587} 
[02/02/26, 01:33:56:066] info: [EMOJI_TRANSLATION] Emoji translations not needed for default locale, only adding keywords 
[02/02/26, 01:33:56:067] info: [NAVIGATION-MIDDLEWARE] Async action execution is complete for a view {"nextView":{"id":"C06ARGB5GCS","viewType":"Channel"},"results":[["EnsureChannelHasParentTabMiddleware",false],["EnsureMessagesTabHasTabIdMiddleware",false],["RedirectFileChannel",false],["RedirectChannelCanvasToCanvas",false],["AttemptToSetSolutionsGalleryPref",false],["EnsureAppViewType",false],["CanvasSetScrollParam",false],["EnsureActivityInboxMiddleware",false]],"shouldTerminateNavigation":false,"executionTime":4.399999998509884} 
[02/02/26, 01:33:56:067] info: [NAVIGATION-MIDDLEWARE] Finish middleware execution for primary container {"maybeTransformedViewSet":{"sidebar":{"id":"ChannelList","viewType":"ChannelList"},"primary":{"id":"C06ARGB5GCS","viewType":"Channel"}},"terminateNavigation":false,"isViewTransformed":false,"iterationCount":0,"executionTime":4.5} 
[02/02/26, 01:33:56:067] info: [NAVIGATION-MIDDLEWARE] Navigation middleware execution is complete {"maybeUpdatedViewSet":{"sidebar":{"id":"ChannelList","viewType":"ChannelList"},"primary":{"id":"C06ARGB5GCS","viewType":"Channel"}},"terminateNavigation":false,"executionTime":11.099999999627471} 
[02/02/26, 01:33:56:070] info: [DESKTOP-SIDE-EFFECT] (T06AU05DL0L) Creating desktop delegate 
[02/02/26, 01:33:56:070] info: [DESKTOP PRELOAD]	Exposing workspace desktop delegate for  {
  "workspaceId": "T06AU05DL0L"
} 
[02/02/26, 01:33:56:070] info: [DESKTOP PRELOAD]	Setting global desktop delegate 
[02/02/26, 01:33:56:072] info: [BOOT] (T06AU05DL0L) (T06AU05DL0L) Mounting client 
[02/02/26, 01:33:56:159] info: [COUNTS] (T06AU05DL0L) dmsBadgeCount: 0 
[02/02/26, 01:33:56:159] info: [COUNTS] (T06AU05DL0L) activityBadgeCount: 0 
[02/02/26, 01:33:56:162] info: [DEVICE-PERMISSIONS-MA] Initializing media device permissions manager 
[02/02/26, 01:33:56:162] info: [DEVICE-PERMISSIONS-MA] Using desktop device permissions strategy 
[02/02/26, 01:33:56:162] info: [DEVICE-PERMISSIONS-MA] Scheduled permissions refresh 
[02/02/26, 01:33:56:162] info: [(?)] Initializing device preferences manager with teamId: T06AU05DL0L 
[02/02/26, 01:33:56:162] info: [DEVICE-PREFS] Using device preferences manager 
[02/02/26, 01:33:56:162] info: [DEVICE-PREFS] No preferred devices found in local storage. 
[02/02/26, 01:33:56:162] info: [DEVICE-PREFS] No preferred devices found in local storage. Detecting preferences from selection records 
[02/02/26, 01:33:56:162] info: [DEVICE-PREFS] Initializing device preferences manager from local storage 
[02/02/26, 01:33:56:163] info: [DEVICE-PREFS] Device selection records: {} 
[02/02/26, 01:33:56:163] info: [DEVICE-PREFS] Updating available devices (original flow) 
[02/02/26, 01:33:56:181] info: [TODAY-NAVIGATOR] (T06AU05DL0L) Feature disabled {"experimentTodayAutoNavigateGroupOn":false,"isTodayActive":true,"todayAutoNavigate":true} 
[02/02/26, 01:33:56:192] warn: TRACER (T06AU05DL0L) (boot:time_to_mount_client) was forced closed and marked with the _flush=true tag. 
[02/02/26, 01:33:56:193] info: [BOOT] Fetching client.extras {"extras":["plan_info"]} 
[02/02/26, 01:33:56:193] info: [API-Q] (T06AU05DL0L) 7e0428ef-1769963636.193 client.extras called with reason: fetch-client-extras 
[02/02/26, 01:33:56:193] info: [API-Q] (T06AU05DL0L) 7e0428ef-1769963636.193 client.extras is ENQUEUED 
[02/02/26, 01:33:56:194] info: [API-Q] (T06AU05DL0L) 7e0428ef-1769963636.193 drafts.list called with reason: client-v2-boot-team 
[02/02/26, 01:33:56:194] info: [API-Q] (T06AU05DL0L) 7e0428ef-1769963636.193 drafts.list is ENQUEUED 
[02/02/26, 01:33:56:194] info: [DRAFTS] (T06AU05DL0L) No local drafts - skipping fetch to purge inactive drafts 
[02/02/26, 01:33:56:197] info: [EMOJI_TRANSLATION] Emoji translations not needed for default locale, only adding keywords 
[02/02/26, 01:33:56:198] info: [API-Q] (T06AU05DL0L) 7e0428ef-1769963636.197 search.autocomplete.topEmojis called with reason: loadEmoji-maybeReloadEmoji-client-v2-boot-team 
[02/02/26, 01:33:56:198] info: [API-Q] (T06AU05DL0L) 7e0428ef-1769963636.197 search.autocomplete.topEmojis is ENQUEUED 
[02/02/26, 01:33:56:198] info: [API-Q] (T06AU05DL0L) 7e0428ef-1769963636.198 workflows.triggers.listRecentlyRunForUser called with reason: fetch_and_upsert_recently_run_triggers 
[02/02/26, 01:33:56:198] info: [API-Q] (T06AU05DL0L) 7e0428ef-1769963636.198 workflows.triggers.listRecentlyRunForUser is ENQUEUED 
[02/02/26, 01:33:56:199] info: [API-Q] (T06AU05DL0L) 7e0428ef-1769963636.198 functions.workflows.list called with reason: automations_gallery 
[02/02/26, 01:33:56:199] info: [API-Q] (T06AU05DL0L) 7e0428ef-1769963636.198 functions.workflows.list is ENQUEUED 
[02/02/26, 01:33:56:199] info: [API-Q] (T06AU05DL0L) 7e0428ef-1769963636.199 megaphone.notifications.list called with reason: boot 
[02/02/26, 01:33:56:200] info: [API-Q] (T06AU05DL0L) 7e0428ef-1769963636.199 megaphone.notifications.list is ENQUEUED 
[02/02/26, 01:33:56:201] info: [API-Q] (T06AU05DL0L) 7e0428ef-1769963636.199 megaphone.notifications.list called with reason: boot 
[02/02/26, 01:33:56:201] info: [API-Q] (T06AU05DL0L) 7e0428ef-1769963636.199 megaphone.notifications.list is ENQUEUED 
[02/02/26, 01:33:56:201] info: [API-Q] (T06AU05DL0L) 7e0428ef-1769963636.201 teams.trials.info called with reason: client-v2-boot-team 
[02/02/26, 01:33:56:201] info: [API-Q] (T06AU05DL0L) 7e0428ef-1769963636.201 teams.trials.info is ENQUEUED 
[02/02/26, 01:33:56:202] info: [API-Q] (T06AU05DL0L) 7e0428ef-1769963636.201 users.prefs.get called with reason: fetch-frecency-prefs 
[02/02/26, 01:33:56:202] info: [API-Q] (T06AU05DL0L) 7e0428ef-1769963636.201 users.prefs.get is ENQUEUED 
[02/02/26, 01:33:56:202] info: [API-Q] (T06AU05DL0L) 7e0428ef-1769963636.202 users.prefs.get called with reason: fetch-user-expectation-last-triggered-pref 
[02/02/26, 01:33:56:202] info: [API-Q] (T06AU05DL0L) 7e0428ef-1769963636.202 users.prefs.get is ENQUEUED 
[02/02/26, 01:33:56:202] info: [API-Q] (T06AU05DL0L) 7e0428ef-1769963636.202 users.priority.list called with reason: fetch-priority-users-on-boot-render 
[02/02/26, 01:33:56:202] info: [API-Q] (T06AU05DL0L) 7e0428ef-1769963636.202 users.priority.list is ENQUEUED 
[02/02/26, 01:33:56:204] info: [API-Q] (T06AU05DL0L) 7e0428ef-1769963636.193 client.extras is ACTIVE 
[02/02/26, 01:33:56:204] info: [API-Q] (T06AU05DL0L) 7e0428ef-1769963636.193 drafts.list is ACTIVE 
[02/02/26, 01:33:56:204] info: [API-Q] (T06AU05DL0L) 7e0428ef-1769963636.197 search.autocomplete.topEmojis is ACTIVE 
[02/02/26, 01:33:56:204] info: [API-Q] (T06AU05DL0L) 7e0428ef-1769963636.198 workflows.triggers.listRecentlyRunForUser is ACTIVE 
[02/02/26, 01:33:56:204] info: [API-Q] (T06AU05DL0L) 7e0428ef-1769963636.198 functions.workflows.list is ACTIVE 
[02/02/26, 01:33:56:204] info: [API-Q] (T06AU05DL0L) 7e0428ef-1769963636.199 megaphone.notifications.list is ACTIVE 
[02/02/26, 01:33:56:205] info: [API-Q] (T06AU05DL0L) 7e0428ef-1769963636.199 megaphone.notifications.list is ACTIVE 
[02/02/26, 01:33:56:205] info: [API-Q] (T06AU05DL0L) 7e0428ef-1769963636.204 calendar.getInstalledCalendars called with reason: calendar-get-installed-calendars 
[02/02/26, 01:33:56:205] info: [API-Q] (T06AU05DL0L) 7e0428ef-1769963636.204 calendar.getInstalledCalendars is ENQUEUED 
[02/02/26, 01:33:56:207] info: [API-Q] (T06AU05DL0L) 7e0428ef-1769963636.207 users.prefs.set called with reason: prefs-api/setUserPrefByApi 
[02/02/26, 01:33:56:208] info: [API-Q] (T06AU05DL0L) 7e0428ef-1769963636.207 users.prefs.set is ENQUEUED 
[02/02/26, 01:33:56:208] info: [BOOT] Setting reducedSignInWorkflowExperiment object in local storage. teamId: T06AU05DL0L, enterpriseId: undefined, isOn: true 
[02/02/26, 01:33:56:211] info: [NAVIGATE-LISTENERS] (T06AU05DL0L) Starting navigation listeners for triggerType CLIENT_MOUNT 
[02/02/26, 01:33:56:214] info: [NAVIGATE-LISTENERS] (T06AU05DL0L) Navigation listeners complete without errors 
[02/02/26, 01:33:56:215] info: [BOOT] (T08KF7TD5AN) Minimum supported data version is 1722374725; currently on undefined 
[02/02/26, 01:33:56:215] info: [BOOT] (T08KF7TD5AN) Skipping checking persisted store because if it exists it's out of date 
[02/02/26, 01:33:56:215] info: [PERSIST] (T08KF7TD5AN) Purging persisted model... 
[02/02/26, 01:33:56:215] info: [TRACER] Tracing is not sampled by default for this team. 
[02/02/26, 01:33:56:217] info: [BOOT-QUEUE] T08KF7TD5AN noversion-1769963636.216 features.access.policies.list called 
[02/02/26, 01:33:56:217] info: [BOOT-QUEUE] T08KF7TD5AN noversion-1769963636.216 features.access.policies.list is ENQUEUED 
[02/02/26, 01:33:56:217] info: [BOOT-QUEUE] T08KF7TD5AN noversion-1769963636.217 experiments.getByUser called 
[02/02/26, 01:33:56:217] info: [BOOT-QUEUE] T08KF7TD5AN noversion-1769963636.217 experiments.getByUser is ENQUEUED 
[02/02/26, 01:33:56:217] info: [BOOT-QUEUE] T08KF7TD5AN noversion-1769963636.217 api.features called 
[02/02/26, 01:33:56:217] info: [BOOT-QUEUE] T08KF7TD5AN noversion-1769963636.217 api.features is ENQUEUED 
[02/02/26, 01:33:56:218] info: [BOOT] Couldn't determine boot channel. Falling back to default channel 
[02/02/26, 01:33:56:218] info: [BOOT-QUEUE] T08KF7TD5AN noversion-1769963636.216 features.access.policies.list is ACTIVE 
[02/02/26, 01:33:56:218] info: [BOOT-QUEUE] T08KF7TD5AN noversion-1769963636.217 experiments.getByUser is ACTIVE 
[02/02/26, 01:33:56:218] info: [BOOT-QUEUE] T08KF7TD5AN noversion-1769963636.217 api.features is ACTIVE 
[02/02/26, 01:33:56:219] info: [MIN-VERSION] No need to reload 
[02/02/26, 01:33:56:246] info: [CHECK-UNREADS] (T06AU05DL0L) Checking unreads after window became focused 
[02/02/26, 01:33:56:247] info: [CHECK-UNREADS] (T06AU05DL0L) Not marking C06ARGB5GCS because last_read >= latest && channel is read 
[02/02/26, 01:33:56:248] info: Store: REDUX_UPDATE_FROM_WEBAPP (T06AU05DL0L) Changed keys [theme,notificationPrefs,connectivityPrefs,featureFlags,unreads,locale,version,frontendBuildType,userId] 
[02/02/26, 01:33:56:249] info: [GATEWAY_SERVER_REQUES] (T06AU05DL0L) received a user_subscribe_request call while we are not connected; deferring 
[02/02/26, 01:33:56:250] info: [API-Q] (T06AU05DL0L) 7e0428ef-1769963636.250 api.getFlannelHttpUrl called with reason: client-needs-valid-flannel-url 
[02/02/26, 01:33:56:251] info: [API-Q] (T06AU05DL0L) 7e0428ef-1769963636.250 api.getFlannelHttpUrl is ENQUEUED 
[02/02/26, 01:33:56:251] info: [UFM-MEMBERS] (T06AU05DL0L) requesting U06AB0DEHV5,U083C60QSNM,USLACKBOT,U06AJT403P0,U06JH0FSP5H,U087S7DGVLN,U08B96B2U5N,U08G9Q726RY,U09DXN8RR25,U09F5J5THNZ (1) 
[02/02/26, 01:33:56:252] info: [DND_V2] (T06AU05DL0L) fetchAndUpsertDndForUsers - Preparing to fetch DND times for the following members: U07N70LR48G 
[02/02/26, 01:33:56:252] info: [API-Q] (T06AU05DL0L) 7e0428ef-1769963636.252 dnd.info called with reason: fetchAndUpsertDndForUsers-getDndTimesFor:self 
[02/02/26, 01:33:56:253] info: [API-Q] (T06AU05DL0L) 7e0428ef-1769963636.252 dnd.info is ENQUEUED 
[02/02/26, 01:33:56:253] info: [API-Q] (T06AU05DL0L) 7e0428ef-1769963636.253 users.channelSections.list called with reason: conditional-fetch-manager 
[02/02/26, 01:33:56:253] info: [API-Q] (T06AU05DL0L) 7e0428ef-1769963636.253 users.channelSections.list is ENQUEUED 
[02/02/26, 01:33:56:253] info: [UFM-PERMISSIONS] (T06AU05DL0L) requesting ACCESS_SLACK_AI_SLACKBOT,ACCESS_SLACK_AI_SEARCH,ACCESS_SLACK_AI_FILTERS,CREATE_PUBLIC_CHANNEL,CREATE_PRIVATE_CHANNEL,ACCESS_SLACK_AI_HUDDLE_SUMMARIES,ACCESS_SLACK_AI_RECAP,ACCESS_SLACK_AI_CHANNEL_THREAD_SUMMARIES,ACCESS_SLACK_AI_FILE_SUMMARIES,VIEW_TOP_LEVEL_WORKFLOWS,ADD_GUEST_USER_TO_WORKSPACE,ADD_FULL_USER_TO_WORKSPACE,REMOVE_GUEST_USER_FROM_WORKSPACE,REMOVE_FULL_USER_FROM_WORKSPACE,CONVERT_TO_GUEST,CONVERT_TO_MEMBER,READ_LEGAL_HOLDS,WRITE_LEGAL_HOLDS,READ_AUDIT_LOGS,ARCHIVE_CHANNEL,CONVERT_MPDM_TO_PRIVATE,EDIT_CHANNEL_WORKSPACES,CAN_AT_CHANNEL,VIEW_OVERVIEW_ANALYTICS,VIEW_WORKSPACE_ANALYTICS,VIEW_MEMBER_ANALYTICS,VIEW_ORG_WIDE_CHANNEL_ANALYTICS,VIEW_HUDDLE_ANALYTICS,VIEW_CLIP_ANALYTICS,VIEW_APP_ANALYTICS,VIEW_CHANNEL_ANALYTICS,VIEW_AI_ANALYTICS,VIEW_CANVAS_ANALYTICS,VIEW_WORKFLOW_ANALYTICS,VIEW_LIST_ANALYTICS,ADD_COLLABORATOR_TO_ANY_WORKFLOW,UNPUBLISH_ANY_WORKFLOW,CREATE_WORKFLOWS,CREATE_CANVAS_TEMPLATES,PUBLISH_CANVAS_ORG_TEMPLATES,MANAGE_SALES_HOME,MANAGE_SALES_HOME_DATA_SOURCE,ADD_CUSTOM_EMOJI,DELETE_CUSTOM_EMOJI,EDIT_SLACKBOT_RESPONSES,UPDATE_NAME,UPDATE_DISPLAY_NAME,EDIT_PROFILE_PHOTO,ACCEPT_SLACK_CONNECT_INVITES,MANAGE_SLACK_CONNECT,CREATE_SLACK_CONNECT_DM,VIEW_APP_REQUESTS,MANAGE_AAA_AUTOMATION_RULES,MANAGE_SCOPE_RATINGS,VIEW_INSTALLED_APPS,MANAGE_ORG_LEVEL_APP_APPROVAL,VIEW_APPROVED_APPS,VIEW_RESTRICTED_APPS,ADD_ORG_APPS_TO_WORKSPACES,REMOVE_ORG_APPS_FROM_WORKSPACES,VIEW_DEPRECATIONS,MANAGE_WORKFLOW_CONNECTORS,MANAGE_WORKFLOW_TRIGGERS,CREATE_SOLUTION_TEMPLATE,PUBLISH_SOLUTION_TEMPLATE,MANAGE_SOLUTION_TEMPLATE,CREATE_LIST_TEMPLATE,CREATE_USER_GROUPS,EDIT_USER_GROUPS,DELETE_USER_GROUPS,ACCESS_SLACK_AI_ACTION_ITEMS,ACCESS_SLACK_AI_DETAILED_FEEDBACK,ACCESS_SLACK_AI_STEPS_IN_WORKFLOW,ACCESS_SLACK_AI_TRANSLATIONS,ACCESS_SLACK_AI_WORKFLOW_BUILDER,ACCESS_SLACK_AI_RECORD_CHANNEL_DIGEST,ACCESS_SLACK_AI_DEVELOPMENT,ACCESS_SLACK_AI_EXPLAIN,ACCESS_SLACK_AI_CANVAS,ACCESS_SLACK_AI_SALESFORCE_CSV_MAPPER,ACCESS_SLACK_AI_SUGGESTED_SECTIONS,ACCESS_ENTERPRISE_SEARCH,CAN_MANAGE_XWS_CHANNELS (1) 
[02/02/26, 01:33:56:254] info: [API-Q] (T06AU05DL0L) 7e0428ef-1769963636.253 slackAi.permissions.getForUser called with reason: fetch-slack-ai-permissions 
[02/02/26, 01:33:56:254] info: [API-Q] (T06AU05DL0L) 7e0428ef-1769963636.253 slackAi.permissions.getForUser is ENQUEUED 
[02/02/26, 01:33:56:254] info: [API-Q] (T06AU05DL0L) 7e0428ef-1769963636.254 help.issues.ticketStats called with reason: fetchAndUpsertTicketStats 
[02/02/26, 01:33:56:254] info: [API-Q] (T06AU05DL0L) 7e0428ef-1769963636.254 help.issues.ticketStats is ENQUEUED 
[02/02/26, 01:33:56:254] info: [UFM] (T06AU05DL0L) requesting C06ARGB5GCS (1) 
[02/02/26, 01:33:56:255] info: [API-Q] (T06AU05DL0L) 7e0428ef-1769963636.254 team.targetingCriteria called with reason: team_targeting_criteria 
[02/02/26, 01:33:56:255] info: [API-Q] (T06AU05DL0L) 7e0428ef-1769963636.254 team.targetingCriteria is ENQUEUED 
[02/02/26, 01:33:56:284] info: [OBJECT-STORE] attempting to delete shards [] 
[02/02/26, 01:33:56:284] info: [OBJECT-STORE-T08KF7TD] openDB initializing at version 284 
[02/02/26, 01:33:56:285] info: [OBJECT-STORE-T08KF7TD] openDB adding stores ["sundryStorage"] 
[02/02/26, 01:33:56:285] info: [OBJECT-STORE-T08KF7TD] openDB removing stores [] 
[02/02/26, 01:33:56:285] info: [OBJECT-STORE-T08KF7TD] openDB clearing stores [] 
[02/02/26, 01:33:56:320] info: Store: REDUX_UPDATE_FROM_WEBAPP (T06AU05DL0L) Changed keys [userId] 
[02/02/26, 01:33:56:321] info: Store: REDUX_UPDATE_FROM_WEBAPP (T06AU05DL0L) Changed keys [notificationPrefs,unreads] 
[02/02/26, 01:33:56:321] info: Store: REDUX_UPDATE_FROM_WEBAPP (T06AU05DL0L) Changed keys [connectivityPrefs] 
[02/02/26, 01:33:56:321] info: Store: STORE_USER_WORKSPACES {
  "userTeamId": "T06AU05DL0L",
  "workspaceIds": [
    "T06AU05DL0L"
  ]
} 
[02/02/26, 01:33:56:321] info: Store: SELECTION_CHANGED T06AU05DL0L 
[02/02/26, 01:33:56:321] info: Store: EXTEND_MENU global: menucategory-file,menucategory-view,menucategory-jump-to 
[02/02/26, 01:33:56:321] info: Store: EXTEND_MENU T06AU05DL0L: menucategory-file,menucategory-view,menucategory-edit,menucategory-help,menucategory-history 
[02/02/26, 01:33:56:321] info: Store: UPDATE_SETTINGS {
  "zoomLevel": 0
} 
[02/02/26, 01:33:56:323] info: [DESKTOP-SIDE-EFFECT] Update from desktop for keys  ["settings"] 
[02/02/26, 01:33:56:330] info: Store: DISPLAY_METRICS_CHANGED  
[02/02/26, 01:33:56:330] info: [PERSIST] (T08KF7TD5AN) Purged model 
[02/02/26, 01:33:56:331] info: [BOOT-QUEUE] T08KF7TD5AN noversion-1769963636.330 client.userBoot called with reason: initial-data 
[02/02/26, 01:33:56:331] info: [BOOT-QUEUE] T08KF7TD5AN noversion-1769963636.330 client.userBoot is ENQUEUED 
[02/02/26, 01:33:56:331] info: [BOOT] (T08KF7TD5AN) Booting with empty store 
[02/02/26, 01:33:56:331] info: [BOOT-QUEUE] T08KF7TD5AN noversion-1769963636.330 client.userBoot is ACTIVE 
[02/02/26, 01:33:56:332] info: [BOOT] (T08KF7TD5AN) Configuring redux store 
[02/02/26, 01:33:56:335] info: [DESKTOP-MIDDLEWARE] (T08KF7TD5AN) Forwarding redux payload to desktop ["theme","notificationPrefs","connectivityPrefs","featureFlags","unreads","locale","version","frontendBuildType","userId"] 
[02/02/26, 01:33:56:345] info: [DEVICE-PREFS] Device list validation result: true 
[02/02/26, 01:33:56:346] info: [DEVICE-PREFS] Device list updated [{},{},{},{},{},{},{},{}] 
[02/02/26, 01:33:56:346] info: [DEVICE-PREFS] Processing device list [{},{},{},{},{},{},{},{}] 
[02/02/26, 01:33:56:346] info: [DEVICE-PREFS] Amending label for OS default audioinput device: Default -> System Default (Default) 
[02/02/26, 01:33:56:346] info: [DEVICE-PREFS] Amending label for OS default audiooutput device: Default -> System Default (Default) 
[02/02/26, 01:33:56:346] info: [DEVICE-PREFS] Device list processing complete 
[02/02/26, 01:33:56:346] info: [DEVICE-PREFS] Preferred audioinput device matches OS default. Updating to OS default 
[02/02/26, 01:33:56:346] info: [DEVICE-PREFS] Recording selected audioinput device: default 
[02/02/26, 01:33:56:346] info: [DEVICE-PREFS] Preferred audiooutput device matches OS default. Updating to OS default 
[02/02/26, 01:33:56:346] info: [DEVICE-PREFS] Recording selected audiooutput device: default 
[02/02/26, 01:33:56:346] info: [DEVICE-PREFS] Device list change handler updated 
[02/02/26, 01:33:56:347] info: [DEVICE-PREFS] Device preferences manager initialized 
[02/02/26, 01:33:56:347] info: [DEVICE-PREFS] Analyzing stored device records 
[02/02/26, 01:33:56:347] info: [DEVICE-PREFS] Returning all records for initialization analyses 
[02/02/26, 01:33:56:347] info: [DEVICE-PREFS] Device selection records analysis: {"totalRecords":0,"webAudioDevices":0,"webAudioSelectedDevices":0,"webAudioUsedDevices":0,"microphoneCount":0,"speakerCount":0,"cameraCount":0} 
[02/02/26, 01:33:56:347] info: [(?)] Device preferences manager initialized 
[02/02/26, 01:33:56:348] info: Store: REDUX_UPDATE_FROM_WEBAPP (T08KF7TD5AN) Changed keys [theme,notificationPrefs,connectivityPrefs,featureFlags,unreads,locale,version,frontendBuildType,userId] 
[02/02/26, 01:33:56:647] info: [DEVICE-PREFS] Propagating device selection history update 
[02/02/26, 01:33:56:649] info: [DEVICE-PREFS] Setting preferred audiooutput device in huddle default 
[02/02/26, 01:33:56:759] info: [ENDPOINT-MANAGER] (T06AU05DL0L) socketUrl - got endpoint 
[02/02/26, 01:33:56:762] info: [API-Q] (T06AU05DL0L) 7e0428ef-1769963636.033 search.autocomplete.topEmojis is RESOLVED 
[02/02/26, 01:33:56:763] info: [API-Q] (T06AU05DL0L) 7e0428ef-1769963636.250 api.getFlannelHttpUrl is ACTIVE 
[02/02/26, 01:33:56:763] info: [API-Q] (T06AU05DL0L) 7e0428ef-1769963636.197 search.autocomplete.topEmojis is RESOLVED 
[02/02/26, 01:33:56:763] info: [API-Q] (T06AU05DL0L) 7e0428ef-1769963636.202 users.prefs.get is ACTIVE 
[02/02/26, 01:33:56:764] info: [API-Q] (T06AU05DL0L) 7e0428ef-1769963636.198 workflows.triggers.listRecentlyRunForUser is RESOLVED 
[02/02/26, 01:33:56:764] info: [API-Q] (T06AU05DL0L) 7e0428ef-1769963636.201 users.prefs.get is ACTIVE 
[02/02/26, 01:33:56:769] info: [API-Q] (T06AU05DL0L) 7e0428ef-1769963636.193 drafts.list is RESOLVED 
[02/02/26, 01:33:56:769] info: [API-Q] (T06AU05DL0L) 7e0428ef-1769963636.201 teams.trials.info is ACTIVE 
[02/02/26, 01:33:56:769] info: [DRAFTS] (T06AU05DL0L) No active drafts 
[02/02/26, 01:33:56:770] info: [DRAFTS] (T06AU05DL0L) Successfully fetched all active and inactive drafts ✨ 
[02/02/26, 01:33:56:770] info: [API-Q] (T06AU05DL0L) 7e0428ef-1769963636.198 functions.workflows.list is RESOLVED 
[02/02/26, 01:33:56:771] info: [API-Q] (T06AU05DL0L) 7e0428ef-1769963636.202 users.priority.list is ACTIVE 
[02/02/26, 01:33:56:771] info: [API-Q] (T06AU05DL0L) 7e0428ef-1769963636.035 client.appCommands is RESOLVED 
[02/02/26, 01:33:56:771] info: [API-Q] (T06AU05DL0L) 7e0428ef-1769963636.204 calendar.getInstalledCalendars is ACTIVE 
[02/02/26, 01:33:56:773] info: [API-Q] (T06AU05DL0L) 7e0428ef-1769963636.773 workflows.triggers.list called with reason: automations_gallery 
[02/02/26, 01:33:56:773] info: [API-Q] (T06AU05DL0L) 7e0428ef-1769963636.773 workflows.triggers.list is ENQUEUED 
[02/02/26, 01:33:56:824] info: [API-Q] (T06AU05DL0L) 7e0428ef-1769963636.193 client.extras is RESOLVED 
[02/02/26, 01:33:56:825] info: [API-Q] (T06AU05DL0L) 7e0428ef-1769963636.207 users.prefs.set is ACTIVE 
[02/02/26, 01:33:56:826] info: [API-Q] (T06AU05DL0L) 7e0428ef-1769963636.035 links.getDomains is RESOLVED 
[02/02/26, 01:33:56:827] info: [API-Q] (T06AU05DL0L) 7e0428ef-1769963636.252 dnd.info is ACTIVE 
[02/02/26, 01:33:56:952] info: [API-Q] (T06AU05DL0L) 7e0428ef-1769963636.199 megaphone.notifications.list is RESOLVED 
[02/02/26, 01:33:56:953] info: [API-Q] (T06AU05DL0L) 7e0428ef-1769963636.253 users.channelSections.list is ACTIVE 
[02/02/26, 01:33:57:021] info: [API-Q] (T06AU05DL0L) 7e0428ef-1769963636.199 megaphone.notifications.list is RESOLVED 
[02/02/26, 01:33:57:022] info: [API-Q] (T06AU05DL0L) 7e0428ef-1769963636.253 slackAi.permissions.getForUser is ACTIVE 
[02/02/26, 01:33:57:046] info: [BOOT-QUEUE] T08KF7TD5AN noversion-1769963636.217 api.features is RESOLVED 
[02/02/26, 01:33:57:051] info: [BOOT-QUEUE] T08KF7TD5AN noversion-1769963636.216 features.access.policies.list is RESOLVED 
[02/02/26, 01:33:57:127] info: [BOOT-QUEUE] T08KF7TD5AN noversion-1769963636.330 client.userBoot is RESOLVED 
[02/02/26, 01:33:57:355] info: [API-Q] (T06AU05DL0L) 7e0428ef-1769963636.202 users.priority.list is RESOLVED 
[02/02/26, 01:33:57:356] info: [API-Q] (T06AU05DL0L) 7e0428ef-1769963636.254 help.issues.ticketStats is ACTIVE 
[02/02/26, 01:33:57:362] info: [BOOT-QUEUE] T08KF7TD5AN noversion-1769963636.217 experiments.getByUser is RESOLVED 
[02/02/26, 01:33:57:362] info: [BOOT] Feature flag config version: 1769963634; Experiments config version: 1769963634 
[02/02/26, 01:33:57:363] info: [BOOT] Current earliest config version: 1769963629; All config versions: {"T06AU05DL0L":1769963629,"T08KF7TD5AN":1769963634} 
[02/02/26, 01:33:57:363] info: [BOOT] (T08KF7TD5AN) Dispatching API data 
[02/02/26, 01:33:57:363] info: [BOOT] (T08KF7TD5AN) Dispatching boot data 
[02/02/26, 01:33:57:363] info: [DESKTOP-MIDDLEWARE] (T08KF7TD5AN) Forwarding redux payload to desktop ["userId"] 
[02/02/26, 01:33:57:370] info: [DESKTOP-MIDDLEWARE] (T08KF7TD5AN) Forwarding redux payload to desktop ["notificationPrefs","unreads"] 
[02/02/26, 01:33:57:371] info: [DESKTOP-MIDDLEWARE] (T08KF7TD5AN) Forwarding redux payload to desktop ["connectivityPrefs"] 
[02/02/26, 01:33:57:379] info: [EMOJI_TRANSLATION] Emoji translations not needed for default locale, only adding keywords 
[02/02/26, 01:33:57:379] info: [API-Q] (T08KF7TD5AN) 7e0428ef-1769963637.379 users.prefs.get called with reason: fetch-frecency-prefs 
[02/02/26, 01:33:57:379] info: [API-Q] (T08KF7TD5AN) 7e0428ef-1769963637.379 users.prefs.get is ENQUEUED 
[02/02/26, 01:33:57:379] info: [BOOT] (T08KF7TD5AN) workspaces changed since last boot -- invalidating cached state 
[02/02/26, 01:33:57:380] info: [API-Q] (T08KF7TD5AN) 7e0428ef-1769963637.380 client.appCommands called with reason: set-model-data 
[02/02/26, 01:33:57:380] info: [API-Q] (T08KF7TD5AN) 7e0428ef-1769963637.380 client.appCommands is ENQUEUED 
[02/02/26, 01:33:57:380] info: [API-Q] (T08KF7TD5AN) 7e0428ef-1769963637.380 links.getDomains called with reason: siws-get-domains 
[02/02/26, 01:33:57:381] info: [API-Q] (T08KF7TD5AN) 7e0428ef-1769963637.380 links.getDomains is ENQUEUED 
[02/02/26, 01:33:57:381] info: [API-Q] (T08KF7TD5AN) 7e0428ef-1769963637.379 users.prefs.get is ACTIVE 
[02/02/26, 01:33:57:382] info: [BOOT] (T08KF7TD5AN) Dispatching initial api data for initial view 
[02/02/26, 01:33:57:384] info: [BOOT] (T08KF7TD5AN) processing mutation timestamps for C08KF7TD62W 
[02/02/26, 01:33:57:385] info: [PLATFORM-CHANNEL-ACTI] (T08KF7TD5AN) setting count for channel C08KF7TD62W to 0, and marking channel as stale. 
[02/02/26, 01:33:57:387] info: [NAVIGATION-MIDDLEWARE] Starting a new navigation middleware execution {"context":"client-boot","nextViewSet":{"sidebar":{"id":"ChannelList","viewType":"ChannelList"},"primary":{"id":"C08KF7TD62W","viewType":"Channel"}},"middlewareCount":8} 
[02/02/26, 01:33:57:387] info: [BOOT] (T08KF7TD5AN) Boot complete 
[02/02/26, 01:33:57:388] info: [DESKTOP-SIDE-EFFECT] (T08KF7TD5AN) Reacting to  {"type":"[21] Set a value that represents whether we are currently in the boot phase","payload":false,"error":false} 
[02/02/26, 01:33:57:389] info: [SOCKET-MANAGER] (T08KF7TD5AN) Changing from never_connected to prov_connect 
[02/02/26, 01:33:57:389] info: [SOCKET-MANAGER] (T08KF7TD5AN) will stay in prov_connect state for up to 10000 ms 
[02/02/26, 01:33:57:389] info: [SOCKET-MANAGER] (T08KF7TD5AN) Connecting with token ending: 41fc 
[02/02/26, 01:33:57:389] info: [SOCKET-MANAGER] (T08KF7TD5AN) Changing from prov_connect to prov_connecting 
[02/02/26, 01:33:57:389] info: [SOCKET-MANAGER] (T08KF7TD5AN) will stay in prov_connecting state for up to 35000 ms 
[02/02/26, 01:33:57:390] info: [ENDPOINT-MANAGER] (T08KF7TD5AN) No stale versions to clear. 
[02/02/26, 01:33:57:390] info: [ENDPOINT-MANAGER] (T08KF7TD5AN) socketUrl - fetching endpoint 
[02/02/26, 01:33:57:390] info: [SOCKET-MANAGER-MIDDLE] (T08KF7TD5AN) Initialized Socket Manager instance 
[02/02/26, 01:33:57:390] info: [NAVIGATION-MIDDLEWARE] Async action execution is complete for a view {"nextView":{"id":"ChannelList","viewType":"ChannelList"},"results":[["EnsureChannelHasParentTabMiddleware",false],["EnsureMessagesTabHasTabIdMiddleware",false],["RedirectFileChannel",false],["RedirectChannelCanvasToCanvas",false],["AttemptToSetSolutionsGalleryPref",false],["EnsureAppViewType",false],["CanvasSetScrollParam",false],["EnsureActivityInboxMiddleware",false]],"shouldTerminateNavigation":false,"executionTime":2.699999999254942} 
[02/02/26, 01:33:57:390] info: [NAVIGATION-MIDDLEWARE] Finish middleware execution for sidebar container {"maybeTransformedViewSet":{"sidebar":{"id":"ChannelList","viewType":"ChannelList"},"primary":{"id":"C08KF7TD62W","viewType":"Channel"}},"terminateNavigation":false,"isViewTransformed":false,"iterationCount":0,"executionTime":3.300000000745058} 
[02/02/26, 01:33:57:400] info: [EMOJI_TRANSLATION] Emoji translations not needed for default locale, only adding keywords 
[02/02/26, 01:33:57:400] info: [NAVIGATION-MIDDLEWARE] Async action execution is complete for a view {"nextView":{"id":"C08KF7TD62W","viewType":"Channel"},"results":[["EnsureChannelHasParentTabMiddleware",false],["EnsureMessagesTabHasTabIdMiddleware",false],["RedirectFileChannel",false],["RedirectChannelCanvasToCanvas",false],["AttemptToSetSolutionsGalleryPref",false],["EnsureAppViewType",false],["CanvasSetScrollParam",false],["EnsureActivityInboxMiddleware",false]],"shouldTerminateNavigation":false,"executionTime":10.199999999254942} 
[02/02/26, 01:33:57:401] info: [NAVIGATION-MIDDLEWARE] Finish middleware execution for primary container {"maybeTransformedViewSet":{"sidebar":{"id":"ChannelList","viewType":"ChannelList"},"primary":{"id":"C08KF7TD62W","viewType":"Channel"}},"terminateNavigation":false,"isViewTransformed":false,"iterationCount":0,"executionTime":10.400000000372529} 
[02/02/26, 01:33:57:401] info: [NAVIGATION-MIDDLEWARE] Navigation middleware execution is complete {"maybeUpdatedViewSet":{"sidebar":{"id":"ChannelList","viewType":"ChannelList"},"primary":{"id":"C08KF7TD62W","viewType":"Channel"}},"terminateNavigation":false,"executionTime":14} 
[02/02/26, 01:33:57:402] info: [DESKTOP-SIDE-EFFECT] (T08KF7TD5AN) Creating desktop delegate 
[02/02/26, 01:33:57:402] info: [DESKTOP PRELOAD]	Exposing workspace desktop delegate for  {
  "workspaceId": "T08KF7TD5AN"
} 
[02/02/26, 01:33:57:403] info: [BOOT] Fetching client.extras {"extras":["plan_info"]} 
[02/02/26, 01:33:57:403] info: [API-Q] (T08KF7TD5AN) 7e0428ef-1769963637.403 client.extras called with reason: fetch-client-extras 
[02/02/26, 01:33:57:404] info: [API-Q] (T08KF7TD5AN) 7e0428ef-1769963637.403 client.extras is ENQUEUED 
[02/02/26, 01:33:57:404] info: [API-Q] (T08KF7TD5AN) 7e0428ef-1769963637.403 drafts.list called with reason: client-v2-boot-team 
[02/02/26, 01:33:57:404] info: [API-Q] (T08KF7TD5AN) 7e0428ef-1769963637.403 drafts.list is ENQUEUED 
[02/02/26, 01:33:57:404] info: [DRAFTS] (T08KF7TD5AN) No local drafts - skipping fetch to purge inactive drafts 
[02/02/26, 01:33:57:406] info: [EMOJI_TRANSLATION] Emoji translations not needed for default locale, only adding keywords 
[02/02/26, 01:33:57:406] info: [API-Q] (T08KF7TD5AN) 7e0428ef-1769963637.406 workflows.triggers.listRecentlyRunForUser called with reason: fetch_and_upsert_recently_run_triggers 
[02/02/26, 01:33:57:406] info: [API-Q] (T08KF7TD5AN) 7e0428ef-1769963637.406 workflows.triggers.listRecentlyRunForUser is ENQUEUED 
[02/02/26, 01:33:57:407] info: [API-Q] (T08KF7TD5AN) 7e0428ef-1769963637.406 functions.workflows.list called with reason: automations_gallery 
[02/02/26, 01:33:57:407] info: [API-Q] (T08KF7TD5AN) 7e0428ef-1769963637.406 functions.workflows.list is ENQUEUED 
[02/02/26, 01:33:57:407] info: [API-Q] (T08KF7TD5AN) 7e0428ef-1769963637.407 teams.trials.info called with reason: client-v2-boot-team 
[02/02/26, 01:33:57:407] info: [API-Q] (T08KF7TD5AN) 7e0428ef-1769963637.407 teams.trials.info is ENQUEUED 
[02/02/26, 01:33:57:407] info: [API-Q] (T08KF7TD5AN) 7e0428ef-1769963637.407 users.prefs.get called with reason: fetch-user-expectation-last-triggered-pref 
[02/02/26, 01:33:57:407] info: [API-Q] (T08KF7TD5AN) 7e0428ef-1769963637.407 users.prefs.get is ENQUEUED 
[02/02/26, 01:33:57:408] info: [API-Q] (T08KF7TD5AN) 7e0428ef-1769963637.407 users.priority.list called with reason: fetch-priority-users-on-boot-render 
[02/02/26, 01:33:57:408] info: [API-Q] (T08KF7TD5AN) 7e0428ef-1769963637.407 users.priority.list is ENQUEUED 
[02/02/26, 01:33:57:409] info: [API-Q] (T08KF7TD5AN) 7e0428ef-1769963637.408 aiApps.list called with reason: fetch-deferred-messaging-client-data 
[02/02/26, 01:33:57:409] info: [API-Q] (T08KF7TD5AN) 7e0428ef-1769963637.408 aiApps.list is ENQUEUED 
[02/02/26, 01:33:57:409] info: [API-Q] (T08KF7TD5AN) 7e0428ef-1769963637.409 calendar.getInstalledCalendars called with reason: calendar-get-installed-calendars 
[02/02/26, 01:33:57:409] info: [API-Q] (T08KF7TD5AN) 7e0428ef-1769963637.409 calendar.getInstalledCalendars is ENQUEUED 
[02/02/26, 01:33:57:411] info: [API-Q] (T08KF7TD5AN) 7e0428ef-1769963637.410 users.prefs.set called with reason: prefs-api/setUserPrefByApi 
[02/02/26, 01:33:57:411] info: [API-Q] (T08KF7TD5AN) 7e0428ef-1769963637.410 users.prefs.set is ENQUEUED 
[02/02/26, 01:33:57:413] info: [NAVIGATE-LISTENERS] (T08KF7TD5AN) Starting navigation listeners for triggerType CLIENT_MOUNT 
[02/02/26, 01:33:57:415] info: [NAVIGATE-LISTENERS] (T08KF7TD5AN) Navigation listeners complete without errors 
[02/02/26, 01:33:57:416] info: [MIN-VERSION] Starting client min-version poll. 
[02/02/26, 01:33:57:418] info: [PERSIST] Purging persisted models, except for the following teamIds ["T06AU05DL0L","T08KF7TD5AN"] 
[02/02/26, 01:33:57:419] info: [API-Q] (T06AU05DL0L) 7e0428ef-1769963636.250 api.getFlannelHttpUrl is RESOLVED 
[02/02/26, 01:33:57:419] info: [API-Q] (T06AU05DL0L) 7e0428ef-1769963636.254 team.targetingCriteria is ACTIVE 
[02/02/26, 01:33:57:421] info: [CHECK-UNREADS] (T06AU05DL0L) Checking unreads after workspace became focused 
[02/02/26, 01:33:57:421] info: [CHECK-UNREADS] (T06AU05DL0L) Not marking C06ARGB5GCS because last_read >= latest && channel is read 
[02/02/26, 01:33:57:422] info: Store: REDUX_UPDATE_FROM_WEBAPP (T08KF7TD5AN) Changed keys [userId] 
[02/02/26, 01:33:57:422] info: [API-Q] (T06AU05DL0L) 7e0428ef-1769963636.202 users.prefs.get is RESOLVED 
[02/02/26, 01:33:57:423] info: [API-Q] (T06AU05DL0L) 7e0428ef-1769963636.773 workflows.triggers.list is ACTIVE 
[02/02/26, 01:33:57:423] info: [UFM-TEAMS] (T06AU05DL0L) requesting T08KF7TD5AN (1) 
[02/02/26, 01:33:57:423] info: [API-Q] (T06AU05DL0L) 7e0428ef-1769963637.423 team.info called with reason: UnknownFetchManager 
[02/02/26, 01:33:57:423] info: [API-Q] (T06AU05DL0L) 7e0428ef-1769963637.423 team.info is ENQUEUED 
[02/02/26, 01:33:57:423] info: [API-Q] (T06AU05DL0L) 7e0428ef-1769963636.204 calendar.getInstalledCalendars is RESOLVED 
[02/02/26, 01:33:57:424] info: [API-Q] (T06AU05DL0L) 7e0428ef-1769963637.423 team.info is ACTIVE 
[02/02/26, 01:33:57:424] info: [GATEWAY_SERVER_REQUES] (T08KF7TD5AN) received a user_subscribe_request call while we are not connected; deferring 
[02/02/26, 01:33:57:424] info: [API-Q] (T08KF7TD5AN) 7e0428ef-1769963637.424 api.getFlannelHttpUrl called with reason: client-needs-valid-flannel-url 
[02/02/26, 01:33:57:424] info: [API-Q] (T08KF7TD5AN) 7e0428ef-1769963637.424 api.getFlannelHttpUrl is ENQUEUED 
[02/02/26, 01:33:57:425] info: [API-Q] (T06AU05DL0L) 7e0428ef-1769963636.201 teams.trials.info is RESOLVED 
[02/02/26, 01:33:57:425] info: [UFM-MEMBERS] (T08KF7TD5AN) requesting U08KG4A5084,USLACKBOT,U08KF7TD5DG,U08KG475GLC,U08KG4ALBD2 (1) 
[02/02/26, 01:33:57:425] info: [API-Q] (T06AU05DL0L) 7e0428ef-1769963636.201 users.prefs.get is RESOLVED 
[02/02/26, 01:33:57:426] info: [API-Q] (T06AU05DL0L) 7e0428ef-1769963636.253 users.channelSections.list is RESOLVED 
[02/02/26, 01:33:57:426] info: [API-Q] (T06AU05DL0L) 7e0428ef-1769963636.252 dnd.info is RESOLVED 
[02/02/26, 01:33:57:426] info: [API-Q] (T06AU05DL0L) 7e0428ef-1769963636.207 users.prefs.set is RESOLVED 
[02/02/26, 01:33:57:427] info: [UFM-PERMISSIONS] (T08KF7TD5AN) requesting READ_AUDIT_LOGS,ARCHIVE_CHANNEL,CONVERT_MPDM_TO_PRIVATE,CREATE_PRIVATE_CHANNEL,CREATE_PUBLIC_CHANNEL,EDIT_CHANNEL_WORKSPACES,CAN_AT_CHANNEL,VIEW_OVERVIEW_ANALYTICS,VIEW_WORKSPACE_ANALYTICS,VIEW_MEMBER_ANALYTICS,VIEW_ORG_WIDE_CHANNEL_ANALYTICS,VIEW_HUDDLE_ANALYTICS,VIEW_CLIP_ANALYTICS,VIEW_APP_ANALYTICS,VIEW_CHANNEL_ANALYTICS,VIEW_AI_ANALYTICS,VIEW_CANVAS_ANALYTICS,VIEW_WORKFLOW_ANALYTICS,VIEW_LIST_ANALYTICS,VIEW_TOP_LEVEL_WORKFLOWS,ADD_COLLABORATOR_TO_ANY_WORKFLOW,UNPUBLISH_ANY_WORKFLOW,CREATE_WORKFLOWS,CREATE_CANVAS_TEMPLATES,PUBLISH_CANVAS_ORG_TEMPLATES,MANAGE_SALES_HOME,MANAGE_SALES_HOME_DATA_SOURCE,ADD_CUSTOM_EMOJI,DELETE_CUSTOM_EMOJI,EDIT_SLACKBOT_RESPONSES,UPDATE_NAME,UPDATE_DISPLAY_NAME,EDIT_PROFILE_PHOTO,ACCEPT_SLACK_CONNECT_INVITES,MANAGE_SLACK_CONNECT,CREATE_SLACK_CONNECT_DM,VIEW_APP_REQUESTS,MANAGE_AAA_AUTOMATION_RULES,MANAGE_SCOPE_RATINGS,VIEW_INSTALLED_APPS,MANAGE_ORG_LEVEL_APP_APPROVAL,VIEW_APPROVED_APPS,VIEW_RESTRICTED_APPS,ADD_ORG_APPS_TO_WORKSPACES,REMOVE_ORG_APPS_FROM_WORKSPACES,VIEW_DEPRECATIONS,MANAGE_WORKFLOW_CONNECTORS,MANAGE_WORKFLOW_TRIGGERS,CREATE_SOLUTION_TEMPLATE,PUBLISH_SOLUTION_TEMPLATE,MANAGE_SOLUTION_TEMPLATE,CREATE_LIST_TEMPLATE,CREATE_USER_GROUPS,EDIT_USER_GROUPS,DELETE_USER_GROUPS,ACCESS_SLACK_AI_CHANNEL_THREAD_SUMMARIES,ACCESS_SLACK_AI_ACTION_ITEMS,ACCESS_SLACK_AI_DETAILED_FEEDBACK,ACCESS_SLACK_AI_FILE_SUMMARIES,ACCESS_SLACK_AI_HUDDLE_SUMMARIES,ACCESS_SLACK_AI_RECAP,ACCESS_SLACK_AI_SEARCH,ACCESS_SLACK_AI_STEPS_IN_WORKFLOW,ACCESS_SLACK_AI_TRANSLATIONS,ACCESS_SLACK_AI_WORKFLOW_BUILDER,ACCESS_SLACK_AI_RECORD_CHANNEL_DIGEST,ACCESS_SLACK_AI_DEVELOPMENT,ACCESS_SLACK_AI_EXPLAIN,ACCESS_SLACK_AI_CANVAS,ACCESS_SLACK_AI_SLACKBOT,ACCESS_SLACK_AI_FILTERS,ACCESS_SLACK_AI_SALESFORCE_CSV_MAPPER,ACCESS_SLACK_AI_SUGGESTED_SECTIONS,ACCESS_ENTERPRISE_SEARCH,CAN_MANAGE_XWS_CHANNELS (1) 
[02/02/26, 01:33:57:427] info: [API-Q] (T08KF7TD5AN) 7e0428ef-1769963637.427 slackAi.permissions.getForUser called with reason: fetch-slack-ai-permissions 
[02/02/26, 01:33:57:427] info: [API-Q] (T08KF7TD5AN) 7e0428ef-1769963637.427 slackAi.permissions.getForUser is ENQUEUED 
[02/02/26, 01:33:57:427] info: [OBJECT-STORE] attempting to delete shards [] 
[02/02/26, 01:33:57:429] info: [API-Q] (T06AU05DL0L) noversion-1769963637.428 Flannel users/info called with reason: flannel-call:users/info 
[02/02/26, 01:33:57:429] info: [API-Q] (T06AU05DL0L) noversion-1769963637.428 Flannel users/info is ENQUEUED 
[02/02/26, 01:33:57:429] info: [API-Q] (T06AU05DL0L) noversion-1769963637.429 Flannel users/info called with reason: flannel-call:users/info 
[02/02/26, 01:33:57:429] info: [API-Q] (T06AU05DL0L) noversion-1769963637.429 Flannel users/info is ENQUEUED 
[02/02/26, 01:33:57:429] info: [API-Q] (T06AU05DL0L) noversion-1769963637.429 Flannel permissions/info called with reason: flannel-call:permissions/info 
[02/02/26, 01:33:57:429] info: [API-Q] (T06AU05DL0L) noversion-1769963637.429 Flannel permissions/info is ENQUEUED 
[02/02/26, 01:33:57:429] info: [API-Q] (T06AU05DL0L) noversion-1769963637.429 Flannel huddles/info called with reason: flannel-call:huddles/info 
[02/02/26, 01:33:57:429] info: [API-Q] (T06AU05DL0L) noversion-1769963637.429 Flannel huddles/info is ENQUEUED 
[02/02/26, 01:33:57:429] info: [API-Q] (T06AU05DL0L) noversion-1769963637.429 Flannel channels/info called with reason: flannel-call:channels/info 
[02/02/26, 01:33:57:429] info: [API-Q] (T06AU05DL0L) noversion-1769963637.429 Flannel channels/info is ENQUEUED 
[02/02/26, 01:33:57:430] info: [API-Q] (T06AU05DL0L) noversion-1769963637.428 Flannel users/info is ACTIVE 
[02/02/26, 01:33:57:430] info: [API-Q] (T06AU05DL0L) noversion-1769963637.429 Flannel users/info is ACTIVE 
[02/02/26, 01:33:57:430] info: [API-Q] (T06AU05DL0L) noversion-1769963637.429 Flannel permissions/info is ACTIVE 
[02/02/26, 01:33:57:430] info: [API-Q] (T06AU05DL0L) noversion-1769963637.429 Flannel huddles/info is ACTIVE 
[02/02/26, 01:33:57:430] info: [API-Q] (T06AU05DL0L) noversion-1769963637.429 Flannel channels/info is ACTIVE 
[02/02/26, 01:33:57:430] info: Store: REDUX_UPDATE_FROM_WEBAPP (T08KF7TD5AN) Changed keys [notificationPrefs,unreads] 
[02/02/26, 01:33:57:430] info: Store: REDUX_UPDATE_FROM_WEBAPP (T08KF7TD5AN) Changed keys [connectivityPrefs] 
[02/02/26, 01:33:57:430] info: Store: STORE_USER_WORKSPACES {
  "userTeamId": "T08KF7TD5AN",
  "workspaceIds": [
    "T08KF7TD5AN"
  ]
} 
[02/02/26, 01:33:57:431] info: Store: SELECTION_CHANGED T06AU05DL0L 
[02/02/26, 01:33:57:432] info: [API-Q] (T06AU05DL0L) 7e0428ef-1769963637.432 calendar.user.info called with reason: calendar-get-user-info 
[02/02/26, 01:33:57:432] info: [API-Q] (T06AU05DL0L) 7e0428ef-1769963637.432 calendar.user.info is ENQUEUED 
[02/02/26, 01:33:57:438] info: [DND] (T06AU05DL0L) Fetched DND info for the following member: U07N70LR48G 
[02/02/26, 01:33:57:439] info: [DND_V2] (T06AU05DL0L) Not setting a timer as all schedules are stale 
[02/02/26, 01:33:57:441] info: [PERSIST] Purged persisted models [] 
[02/02/26, 01:33:57:442] info: [BOOT] Client boot completed 
[02/02/26, 01:33:57:453] info: [SIGNAL-TO-DESKTOP] (T06AU05DL0L) Attempted boot for all workspaces, signaling desktop 
[02/02/26, 01:33:57:460] info: [RTM-EVENT-METRICS] Metrics collection sampling has been reset. 
[02/02/26, 01:33:57:460] info: [SERVICE-WORKER] Writing (["en-US"]) to Service Worker with key https://slack.com/fake-url-for-service-worker-item-storage/locales. 
[02/02/26, 01:33:57:491] info: Store: SYNC Synced 2 workspaces with IDs [T06AU05DL0L,T08KF7TD5AN] 
[02/02/26, 01:33:57:502] info: Store: UPSERT_WEB_CONTENTS {
  "id": 1,
  "state": "webapp-loaded"
} 
[02/02/26, 01:33:57:503] info: Store: RECORD_PERFORMANCE_TIMING {
  "phase": 3,
  "interval": 69458
} 
[02/02/26, 01:33:57:503] info: Store: UPSERT_WEB_CONTENTS {
  "id": 1,
  "state": "webapp-loaded"
} 
[02/02/26, 01:33:57:521] info: [PERSIST] (T06AU05DL0L) Successfully persisted state 
[02/02/26, 01:33:57:529] info: [PERSIST] (T08KF7TD5AN) Successfully persisted state 
[02/02/26, 01:33:57:740] info: [API-Q] (T06AU05DL0L) 7e0428ef-1769963636.253 slackAi.permissions.getForUser is RESOLVED 
[02/02/26, 01:33:57:741] info: [API-Q] (T06AU05DL0L) 7e0428ef-1769963637.432 calendar.user.info is ACTIVE 
[02/02/26, 01:33:58:009] info: [API-Q] (T06AU05DL0L) 7e0428ef-1769963636.254 help.issues.ticketStats is RESOLVED 
[02/02/26, 01:33:58:010] info: [ENDPOINT-MANAGER] (T08KF7TD5AN) socketUrl - got endpoint 
[02/02/26, 01:33:58:014] info: [API-Q] (T06AU05DL0L) 7e0428ef-1769963637.423 team.info is RESOLVED 
[02/02/26, 01:33:58:015] info: [UFM-TEAMS] (T06AU05DL0L) received T08KF7TD5AN (1) 
[02/02/26, 01:33:58:043] info: [API-Q] (T06AU05DL0L) 7e0428ef-1769963636.773 workflows.triggers.list is RESOLVED 
[02/02/26, 01:33:58:108] info: [API-Q] (T06AU05DL0L) 7e0428ef-1769963636.254 team.targetingCriteria is RESOLVED 
[02/02/26, 01:33:58:109] info: [API-Q] (T08KF7TD5AN) 7e0428ef-1769963637.379 users.prefs.get is RESOLVED 
[02/02/26, 01:33:58:110] info: [API-Q] (T08KF7TD5AN) 7e0428ef-1769963637.424 api.getFlannelHttpUrl is ACTIVE 
[02/02/26, 01:33:58:260] info: [SERVICE-WORKER] registration success {} 
[02/02/26, 01:33:58:260] info: [SERVICE-WORKER-STATE] initial installing 
[02/02/26, 01:33:58:262] info: [SERVICE-WORKER-STATE] change installed 2ms 
[02/02/26, 01:33:58:262] info: [SERVICE-WORKER-STATE] change activating 
[02/02/26, 01:33:58:265] info: [SERVICE-WORKER-STATE] change activated 3ms 
[02/02/26, 01:33:58:357] info: [SOCKET-MANAGER] (T06AU05DL0L) Changing from prov_connecting to prov_connected 
[02/02/26, 01:33:58:357] info: [SOCKET-MANAGER] (T06AU05DL0L) will stay in prov_connected state for up to 60000 ms 
[02/02/26, 01:33:58:361] info: [SOCKET-MANAGER] (T06AU05DL0L) Changing from prov_connected to prov_finalize 
[02/02/26, 01:33:58:361] info: [SOCKET-MANAGER] (T06AU05DL0L) will stay in prov_finalize state for up to 10000 ms 
[02/02/26, 01:33:58:361] info: [SOCKET-MANAGER] (T06AU05DL0L) Changing from prov_finalize to prov_finalizing 
[02/02/26, 01:33:58:361] info: [SOCKET-MANAGER] (T06AU05DL0L) will stay in prov_finalizing state for up to 10000 ms 
[02/02/26, 01:33:58:361] info: [SOCKET-MANAGER] (T06AU05DL0L) Changing from prov_finalizing to connected 
[02/02/26, 01:33:58:361] info: [SOCKET-MANAGER] (T06AU05DL0L) will stay in connected state for up to Infinity ms 
[02/02/26, 01:33:58:361] info: [SOCKET-MANAGER] (T06AU05DL0L) Connected to primary region 
[02/02/26, 01:33:58:362] info: [GATEWAY_SERVER_REQUES] (T06AU05DL0L) connected and trouble free! Continuing deferred user_subscribe_request call 
[02/02/26, 01:33:58:364] info: [MESSAGE-HISTORY] (T06AU05DL0L) Resetting reachedEnd 
[02/02/26, 01:33:58:364] info: [API-Q] (T06AU05DL0L) 7e0428ef-1769963638.364 users.customStatus.list called with reason: fetchCustomStatusOnReconnect 
[02/02/26, 01:33:58:364] info: [API-Q] (T06AU05DL0L) 7e0428ef-1769963638.364 users.customStatus.list is ENQUEUED 
[02/02/26, 01:33:58:365] info: [DND_V2] (T06AU05DL0L) Marking all DND times as stale for the following members after connecting to the websocket: U07N70LR48G 
[02/02/26, 01:33:58:366] info: [UNREAD-COUNTS] (T06AU05DL0L) Fetching counts 
[02/02/26, 01:33:58:366] info: [API-Q] (T06AU05DL0L) 7e0428ef-1769963638.366 client.counts called with reason: fetchClientCountsOnConnect 
[02/02/26, 01:33:58:366] info: [API-Q] (T06AU05DL0L) 7e0428ef-1769963638.366 client.counts is ENQUEUED 
[02/02/26, 01:33:58:368] info: [API-Q] (T06AU05DL0L) 7e0428ef-1769963638.368 sfdc.integration.listOrgs called with reason: fetch-orgs-and-sign-in-silently-v2 
[02/02/26, 01:33:58:368] info: [API-Q] (T06AU05DL0L) 7e0428ef-1769963638.368 sfdc.integration.listOrgs is ENQUEUED 
[02/02/26, 01:33:58:369] info: [PRESENCE_PROMPT] (T06AU05DL0L) ignoring prompt due to presence (active) 
[02/02/26, 01:33:58:369] info: [API-Q] (T06AU05DL0L) 7e0428ef-1769963638.364 users.customStatus.list is ACTIVE 
[02/02/26, 01:33:58:369] info: [API-Q] (T06AU05DL0L) 7e0428ef-1769963638.366 client.counts is ACTIVE 
[02/02/26, 01:33:58:370] info: [API-Q] (T06AU05DL0L) 7e0428ef-1769963638.368 sfdc.integration.listOrgs is ACTIVE 
[02/02/26, 01:33:58:371] info: [API-Q] (T06AU05DL0L) 7e0428ef-1769963637.432 calendar.user.info is RESOLVED 
[02/02/26, 01:33:58:371] info: [DND_V2] (T06AU05DL0L) fetchAndUpsertDndForUsers - Preparing to fetch DND times for the following members: U07N70LR48G 
[02/02/26, 01:33:58:372] info: [API-Q] (T06AU05DL0L) 7e0428ef-1769963638.371 dnd.info called with reason: fetchAndUpsertDndForUsers-getDndTimesFor:self 
[02/02/26, 01:33:58:372] info: [API-Q] (T06AU05DL0L) 7e0428ef-1769963638.371 dnd.info is ENQUEUED 
[02/02/26, 01:33:58:372] info: [API-Q] (T06AU05DL0L) 7e0428ef-1769963638.371 dnd.info is ACTIVE 
[02/02/26, 01:33:58:708] info: [API-Q] (T08KF7TD5AN) 7e0428ef-1769963637.424 api.getFlannelHttpUrl is RESOLVED 
[02/02/26, 01:33:58:709] info: [API-Q] (T08KF7TD5AN) 7e0428ef-1769963637.407 users.prefs.get is ACTIVE 
[02/02/26, 01:33:58:710] info: [API-Q] (T08KF7TD5AN) noversion-1769963638.710 Flannel users/info called with reason: flannel-call:users/info 
[02/02/26, 01:33:58:711] info: [API-Q] (T08KF7TD5AN) noversion-1769963638.710 Flannel users/info is ENQUEUED 
[02/02/26, 01:33:58:711] info: [API-Q] (T08KF7TD5AN) noversion-1769963638.710 Flannel users/info called with reason: flannel-call:users/info 
[02/02/26, 01:33:58:711] info: [API-Q] (T08KF7TD5AN) noversion-1769963638.710 Flannel users/info is ENQUEUED 
[02/02/26, 01:33:58:711] info: [API-Q] (T08KF7TD5AN) noversion-1769963638.710 Flannel permissions/info called with reason: flannel-call:permissions/info 
[02/02/26, 01:33:58:711] info: [API-Q] (T08KF7TD5AN) noversion-1769963638.710 Flannel permissions/info is ENQUEUED 
[02/02/26, 01:33:58:978] info: [API-Q] (T06AU05DL0L) 7e0428ef-1769963638.371 dnd.info is RESOLVED 
[02/02/26, 01:33:58:979] info: [DND] (T06AU05DL0L) Fetched DND info for the following member: U07N70LR48G 
[02/02/26, 01:33:58:981] info: [DND_V2] (T06AU05DL0L) Not setting a timer as all schedules are stale 
[02/02/26, 01:33:58:984] info: [API-Q] (T06AU05DL0L) 7e0428ef-1769963638.364 users.customStatus.list is RESOLVED 
[02/02/26, 01:33:58:998] info: [API-Q] (T06AU05DL0L) 7e0428ef-1769963638.368 sfdc.integration.listOrgs is RESOLVED 
[02/02/26, 01:33:59:003] info: [API-Q] (T06AU05DL0L) 7e0428ef-1769963638.366 client.counts is RESOLVED 
[02/02/26, 01:33:59:007] info: [COUNTS] (T06AU05DL0L) Applying counts to channels. wasLastConnectFast: false isConnected: true applying: 28 out of total: 28 
[02/02/26, 01:33:59:013] info: [COUNTS] (T06AU05DL0L) Threads has_unreads:false mention_count:0 
[02/02/26, 01:33:59:014] info: [COUNTS] (T06AU05DL0L) Completed counts processing 
[02/02/26, 01:33:59:273] info: [SOCKET-MANAGER] (T08KF7TD5AN) Changing from prov_connecting to prov_connected 
[02/02/26, 01:33:59:273] info: [SOCKET-MANAGER] (T08KF7TD5AN) will stay in prov_connected state for up to 60000 ms 
[02/02/26, 01:33:59:278] info: [SOCKET-MANAGER] (T08KF7TD5AN) Changing from prov_connected to prov_finalize 
[02/02/26, 01:33:59:279] info: [SOCKET-MANAGER] (T08KF7TD5AN) will stay in prov_finalize state for up to 10000 ms 
[02/02/26, 01:33:59:279] info: [SOCKET-MANAGER] (T08KF7TD5AN) Changing from prov_finalize to prov_finalizing 
[02/02/26, 01:33:59:279] info: [SOCKET-MANAGER] (T08KF7TD5AN) will stay in prov_finalizing state for up to 10000 ms 
[02/02/26, 01:33:59:279] info: [SOCKET-MANAGER] (T08KF7TD5AN) Changing from prov_finalizing to connected 
[02/02/26, 01:33:59:280] info: [SOCKET-MANAGER] (T08KF7TD5AN) will stay in connected state for up to Infinity ms 
[02/02/26, 01:33:59:280] info: [SOCKET-MANAGER] (T08KF7TD5AN) Connected to primary region 
[02/02/26, 01:33:59:281] info: [GATEWAY_SERVER_REQUES] (T08KF7TD5AN) connected and trouble free! Continuing deferred user_subscribe_request call 
[02/02/26, 01:33:59:282] info: [MESSAGE-HISTORY] (T08KF7TD5AN) Resetting reachedEnd 
[02/02/26, 01:33:59:283] info: [API-Q] (T08KF7TD5AN) 7e0428ef-1769963639.282 users.customStatus.list called with reason: fetchCustomStatusOnReconnect 
[02/02/26, 01:33:59:283] info: [API-Q] (T08KF7TD5AN) 7e0428ef-1769963639.282 users.customStatus.list is ENQUEUED 
[02/02/26, 01:33:59:285] info: [UNREAD-COUNTS] (T08KF7TD5AN) Fetching counts 
[02/02/26, 01:33:59:285] info: [API-Q] (T08KF7TD5AN) 7e0428ef-1769963639.284 client.counts called with reason: fetchClientCountsOnConnect 
[02/02/26, 01:33:59:286] info: [API-Q] (T08KF7TD5AN) 7e0428ef-1769963639.284 client.counts is ENQUEUED 
[02/02/26, 01:33:59:286] info: [API-Q] (T08KF7TD5AN) 7e0428ef-1769963639.285 sfdc.integration.listOrgs called with reason: fetch-orgs-and-sign-in-silently-v2 
[02/02/26, 01:33:59:286] info: [API-Q] (T08KF7TD5AN) 7e0428ef-1769963639.285 sfdc.integration.listOrgs is ENQUEUED 
[02/02/26, 01:33:59:286] info: [PRESENCE_PROMPT] (T08KF7TD5AN) ignoring prompt due to presence (active) 
[02/02/26, 01:33:59:306] info: [API-Q] (T08KF7TD5AN) 7e0428ef-1769963637.407 users.prefs.get is RESOLVED 
[02/02/26, 01:33:59:307] info: [API-Q] (T08KF7TD5AN) noversion-1769963638.710 Flannel permissions/info is ACTIVE 
[02/02/26, 01:34:00:813] info: [API-Q] (T06AU05DL0L) noversion-1769963637.429 Flannel permissions/info is RESOLVED 
[02/02/26, 01:34:00:813] info: [API-Q] (T06AU05DL0L) noversion-1769963637.429 Flannel huddles/info is RESOLVED 
[02/02/26, 01:34:00:813] info: [UFM-PERMISSIONS] (T06AU05DL0L) received ACCESS_SLACK_AI_SLACKBOT,ACCESS_SLACK_AI_SEARCH,ACCESS_SLACK_AI_FILTERS,CREATE_PUBLIC_CHANNEL,CREATE_PRIVATE_CHANNEL,ACCESS_SLACK_AI_HUDDLE_SUMMARIES,ACCESS_SLACK_AI_RECAP,ACCESS_SLACK_AI_CHANNEL_THREAD_SUMMARIES,ACCESS_SLACK_AI_FILE_SUMMARIES,VIEW_TOP_LEVEL_WORKFLOWS,ADD_GUEST_USER_TO_WORKSPACE,ADD_FULL_USER_TO_WORKSPACE,REMOVE_GUEST_USER_FROM_WORKSPACE,REMOVE_FULL_USER_FROM_WORKSPACE,CONVERT_TO_GUEST,CONVERT_TO_MEMBER,READ_LEGAL_HOLDS,WRITE_LEGAL_HOLDS,READ_AUDIT_LOGS,ARCHIVE_CHANNEL,CONVERT_MPDM_TO_PRIVATE,EDIT_CHANNEL_WORKSPACES,CAN_AT_CHANNEL,VIEW_OVERVIEW_ANALYTICS,VIEW_WORKSPACE_ANALYTICS,VIEW_MEMBER_ANALYTICS,VIEW_ORG_WIDE_CHANNEL_ANALYTICS,VIEW_HUDDLE_ANALYTICS,VIEW_CLIP_ANALYTICS,VIEW_APP_ANALYTICS,VIEW_CHANNEL_ANALYTICS,VIEW_AI_ANALYTICS,VIEW_CANVAS_ANALYTICS,VIEW_WORKFLOW_ANALYTICS,VIEW_LIST_ANALYTICS,ADD_COLLABORATOR_TO_ANY_WORKFLOW,UNPUBLISH_ANY_WORKFLOW,CREATE_WORKFLOWS,CREATE_CANVAS_TEMPLATES,PUBLISH_CANVAS_ORG_TEMPLATES,MANAGE_SALES_HOME,MANAGE_SALES_HOME_DATA_SOURCE,ADD_CUSTOM_EMOJI,DELETE_CUSTOM_EMOJI,EDIT_SLACKBOT_RESPONSES,UPDATE_NAME,UPDATE_DISPLAY_NAME,EDIT_PROFILE_PHOTO,ACCEPT_SLACK_CONNECT_INVITES,MANAGE_SLACK_CONNECT,CREATE_SLACK_CONNECT_DM,VIEW_APP_REQUESTS,MANAGE_AAA_AUTOMATION_RULES,MANAGE_SCOPE_RATINGS,VIEW_INSTALLED_APPS,MANAGE_ORG_LEVEL_APP_APPROVAL,VIEW_APPROVED_APPS,VIEW_RESTRICTED_APPS,ADD_ORG_APPS_TO_WORKSPACES,REMOVE_ORG_APPS_FROM_WORKSPACES,VIEW_DEPRECATIONS,MANAGE_WORKFLOW_CONNECTORS,MANAGE_WORKFLOW_TRIGGERS,CREATE_SOLUTION_TEMPLATE,PUBLISH_SOLUTION_TEMPLATE,MANAGE_SOLUTION_TEMPLATE,CREATE_LIST_TEMPLATE,CREATE_USER_GROUPS,EDIT_USER_GROUPS,DELETE_USER_GROUPS,ACCESS_SLACK_AI_ACTION_ITEMS,ACCESS_SLACK_AI_DETAILED_FEEDBACK,ACCESS_SLACK_AI_STEPS_IN_WORKFLOW,ACCESS_SLACK_AI_TRANSLATIONS,ACCESS_SLACK_AI_WORKFLOW_BUILDER,ACCESS_SLACK_AI_RECORD_CHANNEL_DIGEST,ACCESS_SLACK_AI_DEVELOPMENT,ACCESS_SLACK_AI_EXPLAIN,ACCESS_SLACK_AI_CANVAS,ACCESS_SLACK_AI_SALESFORCE_CSV_MAPPER,ACCESS_SLACK_AI_SUGGESTED_SECTIONS,ACCESS_ENTERPRISE_SEARCH,CAN_MANAGE_XWS_CHANNELS (1) 
[02/02/26, 01:34:00:824] info: [API-Q] (T06AU05DL0L) noversion-1769963637.429 Flannel channels/info is RESOLVED 
[02/02/26, 01:34:00:825] info: [UFM] (T06AU05DL0L) received C06ARGB5GCS (1) 
[02/02/26, 01:34:00:842] info: [API-Q] (T06AU05DL0L) noversion-1769963640.842 Flannel channels/info called with reason: flannel-call:channels/info 
[02/02/26, 01:34:00:843] info: [API-Q] (T06AU05DL0L) noversion-1769963640.842 Flannel channels/info is ENQUEUED 
[02/02/26, 01:34:00:843] info: [API-Q] (T06AU05DL0L) noversion-1769963640.842 Flannel channels/info is ACTIVE 
[02/02/26, 01:34:00:914] info: [API-Q] (T06AU05DL0L) noversion-1769963637.428 Flannel users/info is RESOLVED 
[02/02/26, 01:34:00:915] info: [API-Q] (T06AU05DL0L) noversion-1769963637.429 Flannel users/info is RESOLVED 
[02/02/26, 01:34:00:918] info: [UFM-MEMBERS] (T06AU05DL0L) received U06AB0DEHV5,U083C60QSNM,USLACKBOT,U06AJT403P0,U06JH0FSP5H,U087S7DGVLN,U08B96B2U5N,U08G9Q726RY,U09DXN8RR25,U09F5J5THNZ (1) 
[02/02/26, 01:34:00:923] info: [API-Q] (T06AU05DL0L) noversion-1769963640.923 Flannel users/info called with reason: flannel-call:users/info 
[02/02/26, 01:34:00:923] info: [API-Q] (T06AU05DL0L) noversion-1769963640.923 Flannel users/info is ENQUEUED 
[02/02/26, 01:34:00:924] info: [API-Q] (T06AU05DL0L) noversion-1769963640.923 Flannel users/info is ACTIVE 
[02/02/26, 01:34:01:121] info: [API-Q] (T08KF7TD5AN) noversion-1769963638.710 Flannel permissions/info is RESOLVED 
[02/02/26, 01:34:01:121] info: [API-Q] (T08KF7TD5AN) noversion-1769963638.710 Flannel users/info is ACTIVE 
[02/02/26, 01:34:01:164] info: [DEVICE-PERMISSIONS-MA] Refreshing all permissions 
[02/02/26, 01:34:01:223] info: [API-Q] (T06AU05DL0L) noversion-1769963640.923 Flannel users/info is RESOLVED 
[02/02/26, 01:34:01:238] info: [API-Q] (T06AU05DL0L) noversion-1769963640.842 Flannel channels/info is RESOLVED 
[02/02/26, 01:34:01:241] info: [API-Q] (T06AU05DL0L) 7e0428ef-1769963641.240 conversations.genericInfo called with reason: fallback:fetchAndUpsertChannelsById 
[02/02/26, 01:34:01:241] info: [API-Q] (T06AU05DL0L) 7e0428ef-1769963641.240 conversations.genericInfo is ENQUEUED 
[02/02/26, 01:34:01:242] info: [API-Q] (T06AU05DL0L) 7e0428ef-1769963641.240 conversations.genericInfo is ACTIVE 
[02/02/26, 01:34:01:271] info: [DEVICE-PERMISSIONS-MA] Received microphone access status for desktop app: [object Object] 
[02/02/26, 01:34:01:271] info: [DEVICE-PERMISSIONS-MA] permission state for microphone changed to [object Object] 
[02/02/26, 01:34:01:271] info: [DEVICE-PERMISSIONS-MA] Permissions changed {"microphone":{"status":"granted"},"camera":null,"screen":null} 
[02/02/26, 01:34:01:271] info: [DEVICE-PREFS] Updating available devices (original flow) 
[02/02/26, 01:34:01:271] info: [DEVICE-PERMISSIONS-MA] Permissions saved to local storage: {"permissions":{"microphone":{"status":"granted"},"camera":null,"screen":null},"timestamp":1769963641271} 
[02/02/26, 01:34:01:272] info: [DEVICE-PERMISSIONS-MA] Received camera access status for desktop app: [object Object] 
[02/02/26, 01:34:01:272] info: [DEVICE-PERMISSIONS-MA] permission state for camera changed to [object Object] 
[02/02/26, 01:34:01:272] info: [DEVICE-PERMISSIONS-MA] Permissions changed {"microphone":{"status":"granted"},"camera":{"status":"granted"},"screen":null} 
[02/02/26, 01:34:01:272] info: [(?)] Available devices update already in progress. Returning existing promise. 
[02/02/26, 01:34:01:272] info: [DEVICE-PERMISSIONS-MA] Permissions saved to local storage: {"permissions":{"microphone":{"status":"granted"},"camera":{"status":"granted"},"screen":null},"timestamp":1769963641271} 
[02/02/26, 01:34:01:272] info: [DEVICE-PERMISSIONS-MA] Received screen access status for desktop app: [object Object] 
[02/02/26, 01:34:01:272] info: [DEVICE-PERMISSIONS-MA] permission state for screen changed to [object Object] 
[02/02/26, 01:34:01:272] info: [DEVICE-PERMISSIONS-MA] Permissions changed {"microphone":{"status":"granted"},"camera":{"status":"granted"},"screen":{"status":"granted"}} 
[02/02/26, 01:34:01:273] info: [(?)] Available devices update already in progress. Returning existing promise. 
[02/02/26, 01:34:01:273] info: [DEVICE-PERMISSIONS-MA] Permissions saved to local storage: {"permissions":{"microphone":{"status":"granted"},"camera":{"status":"granted"},"screen":{"status":"granted"}},"timestamp":1769963641272} 
[02/02/26, 01:34:01:281] info: [DEVICE-PREFS] Device list validation result: true 
[02/02/26, 01:34:01:281] info: [DEVICE-PREFS] Device list updated [{},{},{},{},{},{},{},{}] 
[02/02/26, 01:34:01:281] info: [DEVICE-PREFS] Processing device list [{},{},{},{},{},{},{},{}] 
[02/02/26, 01:34:01:281] info: [DEVICE-PREFS] Amending label for OS default audioinput device: Default -> System Default (Default) 
[02/02/26, 01:34:01:282] info: [DEVICE-PREFS] Amending label for OS default audiooutput device: Default -> System Default (Default) 
[02/02/26, 01:34:01:282] info: [DEVICE-PREFS] Device list processing complete 
[02/02/26, 01:34:01:354] info: [DRAFTS] (T06AU05DL0L) There are no channels with drafts 
[02/02/26, 01:34:01:354] info: [BOOT] (T06AU05DL0L) Beaconed client boot mount success 
[02/02/26, 01:34:01:354] info: [API-Q] (T06AU05DL0L) 7e0428ef-1769963641.354 sharedInvites.canGetLink called with reason: sidebar-mount 
[02/02/26, 01:34:01:354] info: [API-Q] (T06AU05DL0L) 7e0428ef-1769963641.354 sharedInvites.canGetLink is ENQUEUED 
[02/02/26, 01:34:01:389] info: Slow network is detected. See https://www.chromestatus.com/feature/5636954674692096 for more details. Fallback font will be used while loading: https://a.slack-edge.com/bv1-13-br/lato-italic-4484c42.woff2 
[02/02/26, 01:34:01:406] info: [API-Q] (T06AU05DL0L) 7e0428ef-1769963641.354 sharedInvites.canGetLink is ACTIVE 
[02/02/26, 01:34:01:409] info: [UFM] (T06AU05DL0L) requesting C06U9KZMPT8,C06AB0RTDE3,D07MJ421FB5,D07MBHNNPGE (1) 
[02/02/26, 01:34:01:409] info: [API-Q] (T06AU05DL0L) noversion-1769963641.408 Flannel huddles/info called with reason: flannel-call:huddles/info 
[02/02/26, 01:34:01:409] info: [API-Q] (T06AU05DL0L) noversion-1769963641.408 Flannel huddles/info is ENQUEUED 
[02/02/26, 01:34:01:409] info: [API-Q] (T06AU05DL0L) noversion-1769963641.408 Flannel huddles/info is ACTIVE 
[02/02/26, 01:34:01:409] info: [DND_V2] (T06AU05DL0L) fetchAndUpsertDndForUsers - Preparing to fetch DND times for the following members: U06AB0DEHV5 
[02/02/26, 01:34:01:410] info: [API-Q] (T06AU05DL0L) 7e0428ef-1769963641.409 dnd.teamInfo called with reason: fetchAndUpsertDndForUsers-getDndTimesFor:others 
[02/02/26, 01:34:01:410] info: [API-Q] (T06AU05DL0L) 7e0428ef-1769963641.409 dnd.teamInfo is ENQUEUED 
[02/02/26, 01:34:01:410] info: [API-Q] (T06AU05DL0L) 7e0428ef-1769963641.409 dnd.teamInfo is ACTIVE 
[02/02/26, 01:34:01:414] info: [API-Q] (T06AU05DL0L) 7e0428ef-1769963641.413 megaphone.setNotificationAsSeen called with reason: record-notification-event 
[02/02/26, 01:34:01:414] info: [API-Q] (T06AU05DL0L) 7e0428ef-1769963641.413 megaphone.setNotificationAsSeen is ENQUEUED 
[02/02/26, 01:34:01:436] info: [API-Q] (T06AU05DL0L) 7e0428ef-1769963641.413 megaphone.setNotificationAsSeen is ACTIVE 
[02/02/26, 01:34:01:478] info: [WD] All assets have reported back; s: 19; f: 0 
[02/02/26, 01:34:01:501] info: [API-Q] (T06AU05DL0L) 7e0428ef-1769963641.501 conversations.listPrefs called with reason: client_redux_store 
[02/02/26, 01:34:01:502] info: [API-Q] (T06AU05DL0L) 7e0428ef-1769963641.501 conversations.listPrefs is ENQUEUED 
[02/02/26, 01:34:01:502] info: [API-Q] (T06AU05DL0L) 7e0428ef-1769963641.501 conversations.listPrefs is ACTIVE 
[02/02/26, 01:34:01:502] info: [API-Q] (T06AU05DL0L) noversion-1769963641.502 Flannel users/counts called with reason: flannel-call:users/counts 
[02/02/26, 01:34:01:502] info: [API-Q] (T06AU05DL0L) noversion-1769963641.502 Flannel users/counts is ENQUEUED 
[02/02/26, 01:34:01:502] info: [API-Q] (T06AU05DL0L) noversion-1769963641.502 Flannel users/counts is ACTIVE 
[02/02/26, 01:34:01:510] info: [UFM] (T06AU05DL0L) requesting C06ARGB5GCS (1) 
[02/02/26, 01:34:01:510] info: [UFM] (T06AU05DL0L) received C06ARGB5GCS (1) 
[02/02/26, 01:34:01:518] info: [UFM-PERMISSIONS] (T06AU05DL0L) requesting ASSIGN_CHANNEL_MANAGER (1) 
[02/02/26, 01:34:01:518] info: [API-Q] (T06AU05DL0L) noversion-1769963641.518 Flannel permissions/info called with reason: flannel-call:permissions/info 
[02/02/26, 01:34:01:518] info: [API-Q] (T06AU05DL0L) noversion-1769963641.518 Flannel permissions/info is ENQUEUED 
[02/02/26, 01:34:01:519] info: [API-Q] (T06AU05DL0L) noversion-1769963641.518 Flannel permissions/info is ACTIVE 
[02/02/26, 01:34:01:530] info: [API-Q] (T06AU05DL0L) noversion-1769963641.408 Flannel huddles/info is RESOLVED 
[02/02/26, 01:34:01:535] info: [UFM] (T06AU05DL0L) received C06U9KZMPT8,C06AB0RTDE3,D07MJ421FB5,D07MBHNNPGE (1) 
[02/02/26, 01:34:01:536] info: [UFM] (T06AU05DL0L) requesting F06JUSA7CBW (1) 
[02/02/26, 01:34:01:536] info: [API-Q] (T06AU05DL0L) 7e0428ef-1769963641.536 quip.lookupThreadIds called with reason: fetch-quip-ids 
[02/02/26, 01:34:01:536] info: [API-Q] (T06AU05DL0L) 7e0428ef-1769963641.536 quip.lookupThreadIds is ENQUEUED 
[02/02/26, 01:34:01:537] info: [API-Q] (T06AU05DL0L) 7e0428ef-1769963641.536 quip.lookupThreadIds is ACTIVE 
[02/02/26, 01:34:01:537] info: [UFM-FILES] (T06AU05DL0L) requesting F06JUSA7CBW (1) 
[02/02/26, 01:34:01:537] info: [API-Q] (T06AU05DL0L) 7e0428ef-1769963641.537 files.info called with reason: files-store-unknown-fetch 
[02/02/26, 01:34:01:537] info: [API-Q] (T06AU05DL0L) 7e0428ef-1769963641.537 files.info is ENQUEUED 
[02/02/26, 01:34:01:538] info: [API-Q] (T06AU05DL0L) 7e0428ef-1769963641.537 files.info is ACTIVE 
[02/02/26, 01:34:01:605] info: [API-Q] (T06AU05DL0L) 7e0428ef-1769963641.605 users.interactions.list called with reason: ai_workspace_resource_tab_coachmark 
[02/02/26, 01:34:01:605] info: [API-Q] (T06AU05DL0L) 7e0428ef-1769963641.605 users.interactions.list is ENQUEUED 
[02/02/26, 01:34:01:692] info: [HISTORY-FETCH] (T06AU05DL0L) Fetching history for message pane: C06ARGB5GCS oldest: 1768874893.393679 latest: null 
[02/02/26, 01:34:01:693] info: [API-Q] (T06AU05DL0L) 7e0428ef-1769963641.692 conversations.history called with reason: message-pane/requestHistory 
[02/02/26, 01:34:01:693] info: [API-Q] (T06AU05DL0L) 7e0428ef-1769963641.692 conversations.history is ENQUEUED 
[02/02/26, 01:34:01:707] info: [API-Q] (T06AU05DL0L) noversion-1769963641.707 Flannel users/list called with reason: flannel-call:users/list 
[02/02/26, 01:34:01:707] info: [API-Q] (T06AU05DL0L) noversion-1769963641.707 Flannel users/list is ENQUEUED 
[02/02/26, 01:34:01:707] info: [API-Q] (T06AU05DL0L) noversion-1769963641.707 Flannel permissions/info called with reason: flannel-call:permissions/info 
[02/02/26, 01:34:01:707] info: [API-Q] (T06AU05DL0L) noversion-1769963641.707 Flannel permissions/info is ENQUEUED 
[02/02/26, 01:34:01:710] info: [API-Q] (T06AU05DL0L) 7e0428ef-1769963641.605 users.interactions.list is ACTIVE 
[02/02/26, 01:34:01:716] info: [MESSAGE-LIST] (T06AU05DL0L) componentWillReceiveProps isLoading: true isLoadingOlder: false timestamps: 28 
[02/02/26, 01:34:01:719] info: [CHECK-UNREADS] (T06AU05DL0L) unreadLineVisible updated in main window container primary: undefined -> false 
[02/02/26, 01:34:01:732] info: [API-Q] (T06AU05DL0L) 7e0428ef-1769963641.731 bookmarks.list called with reason: bookmarks-store/conditional-fetching 
[02/02/26, 01:34:01:732] info: [API-Q] (T06AU05DL0L) 7e0428ef-1769963641.731 bookmarks.list is ENQUEUED 
[02/02/26, 01:34:01:733] info: [API-Q] (T06AU05DL0L) 7e0428ef-1769963641.732 saved.list called with reason: saved-api/savedList 
[02/02/26, 01:34:01:733] info: [API-Q] (T06AU05DL0L) 7e0428ef-1769963641.732 saved.list is ENQUEUED 
[02/02/26, 01:34:01:733] info: [UFM-REACJITRIGGERS] (T06AU05DL0L) requesting C06ARGB5GCS (1) 
[02/02/26, 01:34:01:734] info: [API-Q] (T06AU05DL0L) 7e0428ef-1769963641.733 conversations.bulkReacjiTriggers called with reason: reacji_triggers_ufm 
[02/02/26, 01:34:01:734] info: [API-Q] (T06AU05DL0L) 7e0428ef-1769963641.733 conversations.bulkReacjiTriggers is ENQUEUED 
[02/02/26, 01:34:01:750] info: [DEVICE-PREFS] Propagating device selection history update 
[02/02/26, 01:34:01:752] info: [DEVICE-PREFS] Setting preferred audioinput device in huddle default 
[02/02/26, 01:34:01:752] info: [DEVICE-PREFS] Setting preferred audiooutput device in huddle default 
[02/02/26, 01:34:01:754] info: [API-Q] (T06AU05DL0L) noversion-1769963641.753 Flannel channels/membership called with reason: flannel-call:channels/membership 
[02/02/26, 01:34:01:754] info: [API-Q] (T06AU05DL0L) noversion-1769963641.753 Flannel channels/membership is ENQUEUED 
[02/02/26, 01:34:01:839] info: [API-Q] (T08KF7TD5AN) noversion-1769963638.710 Flannel users/info is RESOLVED 
[02/02/26, 01:34:01:840] info: [API-Q] (T08KF7TD5AN) noversion-1769963638.710 Flannel users/info is ACTIVE 
[02/02/26, 01:34:01:840] info: [UFM-MEMBERS] (T08KF7TD5AN) received U08KG4A5084,USLACKBOT,U08KF7TD5DG,U08KG475GLC,U08KG4ALBD2 (1) 
[02/02/26, 01:34:01:858] info: [API-Q] (T06AU05DL0L) 7e0428ef-1769963641.409 dnd.teamInfo is RESOLVED 
[02/02/26, 01:34:01:858] info: [API-Q] (T06AU05DL0L) noversion-1769963641.753 Flannel channels/membership is ACTIVE 
[02/02/26, 01:34:01:859] info: [DND] (T06AU05DL0L) Fetched DND info for the following members: U06AB0DEHV5 
[02/02/26, 01:34:01:860] info: [DND_V2] (T06AU05DL0L) Will check for changes in DND status again in 5 minutes 
[02/02/26, 01:34:01:861] info: [API-Q] (T06AU05DL0L) 7e0428ef-1769963641.240 conversations.genericInfo is RESOLVED 
[02/02/26, 01:34:01:861] info: [API-Q] (T06AU05DL0L) noversion-1769963641.707 Flannel permissions/info is ACTIVE 
[02/02/26, 01:34:01:861] info: [API-Q] (T06AU05DL0L) noversion-1769963641.502 Flannel users/counts is RESOLVED 
[02/02/26, 01:34:01:861] info: [API-Q] (T06AU05DL0L) noversion-1769963641.707 Flannel users/list is ACTIVE 
[02/02/26, 01:34:01:862] info: [API-Q] (T06AU05DL0L) noversion-1769963641.518 Flannel permissions/info is RESOLVED 
[02/02/26, 01:34:01:862] info: [API-Q] (T06AU05DL0L) 7e0428ef-1769963641.692 conversations.history is ACTIVE 
[02/02/26, 01:34:01:864] info: [API-Q] (T06AU05DL0L) 7e0428ef-1769963641.354 sharedInvites.canGetLink is RESOLVED 
[02/02/26, 01:34:01:865] info: [API-Q] (T06AU05DL0L) 7e0428ef-1769963641.731 bookmarks.list is ACTIVE 
[02/02/26, 01:34:01:867] info: [API-Q] (T06AU05DL0L) 7e0428ef-1769963641.413 megaphone.setNotificationAsSeen is RESOLVED 
[02/02/26, 01:34:01:868] info: [API-Q] (T06AU05DL0L) 7e0428ef-1769963641.732 saved.list is ACTIVE 
[02/02/26, 01:34:01:870] info: [UFM-PERMISSIONS] (T06AU05DL0L) received ASSIGN_CHANNEL_MANAGER (1) 
[02/02/26, 01:34:01:878] info: [UFM-PERMISSIONS] (T06AU05DL0L) requesting CAN_AT_CHANNEL,CAN_AT_EVERYONE,ARCHIVE_CHANNEL (1) 
[02/02/26, 01:34:01:878] info: [API-Q] (T06AU05DL0L) noversion-1769963641.878 Flannel permissions/info called with reason: flannel-call:permissions/info 
[02/02/26, 01:34:01:878] info: [API-Q] (T06AU05DL0L) noversion-1769963641.878 Flannel permissions/info is ENQUEUED 
[02/02/26, 01:34:02:198] info: [API-Q] (T06AU05DL0L) 7e0428ef-1769963641.501 conversations.listPrefs is RESOLVED 
[02/02/26, 01:34:02:200] info: [API-Q] (T06AU05DL0L) noversion-1769963641.878 Flannel permissions/info is ACTIVE 
[02/02/26, 01:34:02:211] info: [API-Q] (T06AU05DL0L) 7e0428ef-1769963641.605 users.interactions.list is RESOLVED 
[02/02/26, 01:34:02:212] info: [API-Q] (T06AU05DL0L) 7e0428ef-1769963641.733 conversations.bulkReacjiTriggers is ACTIVE 
[02/02/26, 01:34:02:213] info: [API-Q] (T08KF7TD5AN) noversion-1769963638.710 Flannel users/info is RESOLVED 
[02/02/26, 01:34:02:213] info: [API-Q] (T08KF7TD5AN) 7e0428ef-1769963637.380 client.appCommands is ACTIVE 
[02/02/26, 01:34:02:220] info: [API-Q] (T08KF7TD5AN) noversion-1769963642.219 Flannel users/info called with reason: flannel-call:users/info 
[02/02/26, 01:34:02:220] info: [API-Q] (T08KF7TD5AN) noversion-1769963642.219 Flannel users/info is ENQUEUED 
[02/02/26, 01:34:02:253] info: [API-Q] (T06AU05DL0L) noversion-1769963641.707 Flannel users/list is RESOLVED 
[02/02/26, 01:34:02:253] info: [API-Q] (T06AU05DL0L) noversion-1769963641.753 Flannel channels/membership is RESOLVED 
[02/02/26, 01:34:02:262] info: [API-Q] (T06AU05DL0L) noversion-1769963641.707 Flannel permissions/info is RESOLVED 
[02/02/26, 01:34:02:262] info: [API-Q] (T06AU05DL0L) 7e0428ef-1769963641.536 quip.lookupThreadIds is RESOLVED 
[02/02/26, 01:34:02:267] info: [API-Q] (T06AU05DL0L) 7e0428ef-1769963641.537 files.info is RESOLVED 
[02/02/26, 01:34:02:276] info: [API-Q] (T06AU05DL0L) noversion-1769963642.275 Flannel users/info called with reason: flannel-call:users/info 
[02/02/26, 01:34:02:276] info: [API-Q] (T06AU05DL0L) noversion-1769963642.275 Flannel users/info is ENQUEUED 
[02/02/26, 01:34:02:276] info: [API-Q] (T06AU05DL0L) noversion-1769963642.275 Flannel users/info is ACTIVE 
[02/02/26, 01:34:02:277] info: [UFM] (T06AU05DL0L) received F06JUSA7CBW (1) 
[02/02/26, 01:34:02:278] info: [UFM-FILES] (T06AU05DL0L) received F06JUSA7CBW (1) 
[02/02/26, 01:34:02:459] info: [API-Q] (T06AU05DL0L) noversion-1769963642.458 Flannel channels/membership called with reason: flannel-call:channels/membership 
[02/02/26, 01:34:02:459] info: [API-Q] (T06AU05DL0L) noversion-1769963642.458 Flannel channels/membership is ENQUEUED 
[02/02/26, 01:34:02:459] info: [API-Q] (T06AU05DL0L) noversion-1769963642.458 Flannel channels/membership is ACTIVE 
[02/02/26, 01:34:02:498] info: [API-Q] (T06AU05DL0L) noversion-1769963642.275 Flannel users/info is RESOLVED 
[02/02/26, 01:34:02:502] info: [API-Q] (T06AU05DL0L) 7e0428ef-1769963641.732 saved.list is RESOLVED 
[02/02/26, 01:34:02:503] info: [API-Q] (T06AU05DL0L) 7e0428ef-1769963641.731 bookmarks.list is RESOLVED 
[02/02/26, 01:34:02:519] info: [API-Q] (T06AU05DL0L) 7e0428ef-1769963641.692 conversations.history is RESOLVED 
[02/02/26, 01:34:02:519] info: [API-Q] (T06AU05DL0L) noversion-1769963641.878 Flannel permissions/info is RESOLVED 
[02/02/26, 01:34:02:520] info: [PLATFORM-CHANNEL-ACTI] (T06AU05DL0L) Not updating count for channel C06ARGB5GCS, as count was already set to 0 
[02/02/26, 01:34:02:521] info: [PINS] (T06AU05DL0L) Pins count updated for channel C06ARGB5GCS: 2 
[02/02/26, 01:34:02:522] info: [CHECK-UNREADS] (T06AU05DL0L) Not marking C06ARGB5GCS because last_read >= latest && channel is read 
[02/02/26, 01:34:02:522] info: [UFM-PERMISSIONS] (T06AU05DL0L) received CAN_AT_CHANNEL,CAN_AT_EVERYONE,ARCHIVE_CHANNEL (1) 
[02/02/26, 01:34:02:554] info: [MESSAGE-LIST] (T06AU05DL0L) componentWillReceiveProps isLoading: false isLoadingOlder: false timestamps: 28 
[02/02/26, 01:34:02:568] info: [CHECK-UNREADS] (T06AU05DL0L) unreadLineVisible updated in main window container primary: false -> true 
[02/02/26, 01:34:02:835] info: [QUIP] SystemJS Fork initialized 1769963642834-0.8812321191440939 
[02/02/26, 01:34:02:861] info: [API-Q] (T06AU05DL0L) noversion-1769963642.458 Flannel channels/membership is RESOLVED 
[02/02/26, 01:34:02:862] info: [API-Q] (T06AU05DL0L) 7e0428ef-1769963641.733 conversations.bulkReacjiTriggers is RESOLVED 
[02/02/26, 01:34:02:863] info: [UFM-REACJITRIGGERS] (T06AU05DL0L) received C06ARGB5GCS (1) 
[02/02/26, 01:34:02:864] info: [API-Q] (T08KF7TD5AN) 7e0428ef-1769963637.380 client.appCommands is RESOLVED 
[02/02/26, 01:34:02:865] info: [API-Q] (T08KF7TD5AN) noversion-1769963642.219 Flannel users/info is ACTIVE 
[02/02/26, 01:34:02:926] info: [CHECK-UNREADS] (T06AU05DL0L) Checking unreads after unread line became visible 
[02/02/26, 01:34:02:926] info: [CHECK-UNREADS] (T06AU05DL0L) Not marking C06ARGB5GCS because last_read >= latest && channel is read 
[02/02/26, 01:34:03:176] info: [API-Q] (T08KF7TD5AN) noversion-1769963642.219 Flannel users/info is RESOLVED 
[02/02/26, 01:34:03:177] info: [API-Q] (T08KF7TD5AN) 7e0428ef-1769963637.380 links.getDomains is ACTIVE 
[02/02/26, 01:34:03:890] info: [API-Q] (T08KF7TD5AN) 7e0428ef-1769963637.380 links.getDomains is RESOLVED 
[02/02/26, 01:34:03:891] info: [API-Q] (T08KF7TD5AN) 7e0428ef-1769963637.403 client.extras is ACTIVE 
[02/02/26, 01:34:04:528] info: [API-Q] (T08KF7TD5AN) 7e0428ef-1769963637.403 client.extras is RESOLVED 
[02/02/26, 01:34:04:529] info: [API-Q] (T08KF7TD5AN) 7e0428ef-1769963637.403 drafts.list is ACTIVE 
[02/02/26, 01:34:04:570] info: [Diagnostics] Adding window recorder 74bece5c411946c7b449dd87a 
[02/02/26, 01:34:04:611] info: [QUIP] (T06AU05DL0L) {"type":"set_current_user_id","timestamp_ms":1769963644608,"user_id":"WKX9EAbBw35"} 
[02/02/26, 01:34:04:611] info: [QUIP] (T06AU05DL0L) {"type":"indexeddb_event","timestamp_ms":1769963644610,"db_type":0,"description":"Deleting DB","stack":"Error\n    at Ou (https://a.slack-edge.com/canvas_blob/2SALR-2r3JplKQVhlUt0WA:2:99039)\n    at vX (https://a.slack-edge.com/canvas_blob/2SALR-2r3JplKQVhlUt0WA:2:1152247)\n    at https://a.slack-edge.com/canvas_blob/2SALR-2r3JplKQVhlUt0WA:2:1152922\n    at https://a.slack-edge.com/canvas_blob/KGgqCJAB54XAdARYzMK3hA-ancillary:2:1647\n    at Object.next (https://a.slack-edge.com/canvas_blob/KGgqCJAB54XAdARYzMK3hA-ancillary:2:1752)\n    at https://a.slack-edge.com/canvas_blob/KGgqCJAB54XAdARYzMK3hA-ancillary:2:2594\n    at new Promise (<anonymous>)\n    at ac (https://a.slack-edge.com/canvas_blob/KGgqCJAB54XAdARYzMK3hA-ancillary:2:2339)\n    at mX (https://a.slack-edge.com/canvas_blob/2SALR-2r3JplKQVhlUt0WA:2:1152717)\n    at https://a.slack-edge.com/canvas_blob/2SALR-2r3JplKQVhlUt0WA:2:1526033\n    at https://a.slack-edge.com/canvas_blob/KGgqCJAB54XAdARYzMK3hA-ancillary:2:1647\n    at Object.next (https://a.slack-edge.com/canvas_blob/KGgqCJAB54XAdARYzMK3hA-ancillary:2:1752)\n    at https://a.slack-edge.com/canvas_blob/KGgqCJAB54XAdARYzMK3hA-ancillary:2:2594\n    at new Promise (<anonymous>)\n    at ac (https://a.slack-edge.com/canvas_blob/KGgqCJAB54XAdARYzMK3hA-ancillary:2:2339)\n    at https://a.slack-edge.com/canvas_blob/2SALR-2r3JplKQVhlUt0WA:2:1525546\n    at Object.main (https://a.slack-edge.com/canvas_blob/2SALR-2r3JplKQVhlUt0WA:2:1526094)\n    at https://a.slack-edge.com/bv1-13-br/gantry-v2-vendors-client.7e6eedf582550063405e.min.js?cacheKey=gantry-1769946127:11:107485"} 
[02/02/26, 01:34:04:612] warn: Deleting IndexedDB database 'quip-test' 
[02/02/26, 01:34:04:612] warn: TRACER (T06AU05DL0L) (canvas:collab-init) was forced closed and marked with the _flush=true tag. 
[02/02/26, 01:34:04:612] warn: TRACER (T06AU05DL0L) (canvas:await-callback) was forced closed and marked with the _flush=true tag. 
[02/02/26, 01:34:04:616] info: [QUIP] (T06AU05DL0L) {"type":"indexeddb_event","timestamp_ms":1769963644616,"db_type":1,"description":"Deleting DB","stack":"Error\n    at Ou (https://a.slack-edge.com/canvas_blob/2SALR-2r3JplKQVhlUt0WA:2:99039)\n    at vX (https://a.slack-edge.com/canvas_blob/2SALR-2r3JplKQVhlUt0WA:2:1152247)\n    at https://a.slack-edge.com/canvas_blob/2SALR-2r3JplKQVhlUt0WA:2:1152922\n    at https://a.slack-edge.com/canvas_blob/KGgqCJAB54XAdARYzMK3hA-ancillary:2:1647\n    at Object.next (https://a.slack-edge.com/canvas_blob/KGgqCJAB54XAdARYzMK3hA-ancillary:2:1752)\n    at a (https://a.slack-edge.com/canvas_blob/KGgqCJAB54XAdARYzMK3hA-ancillary:2:2396)"} 
[02/02/26, 01:34:04:617] warn: Deleting IndexedDB database 'quip' 
[02/02/26, 01:34:04:632] info: [QUIP] (T06AU05DL0L) {"type":"indexeddb_event","timestamp_ms":1769963644631,"db_type":2,"description":"Deleting DB","stack":"Error\n    at Ou (https://a.slack-edge.com/canvas_blob/2SALR-2r3JplKQVhlUt0WA:2:99039)\n    at vX (https://a.slack-edge.com/canvas_blob/2SALR-2r3JplKQVhlUt0WA:2:1152247)\n    at https://a.slack-edge.com/canvas_blob/2SALR-2r3JplKQVhlUt0WA:2:1152922\n    at https://a.slack-edge.com/canvas_blob/KGgqCJAB54XAdARYzMK3hA-ancillary:2:1647\n    at Object.next (https://a.slack-edge.com/canvas_blob/KGgqCJAB54XAdARYzMK3hA-ancillary:2:1752)\n    at a (https://a.slack-edge.com/canvas_blob/KGgqCJAB54XAdARYzMK3hA-ancillary:2:2396)"} 
[02/02/26, 01:34:04:632] warn: Deleting IndexedDB database 'metrics' 
[02/02/26, 01:34:04:636] info: [QUIP] (T06AU05DL0L) {"type":"indexeddb_event","timestamp_ms":1769963644635,"db_type":3,"description":"Deleting DB","stack":"Error\n    at Ou (https://a.slack-edge.com/canvas_blob/2SALR-2r3JplKQVhlUt0WA:2:99039)\n    at vX (https://a.slack-edge.com/canvas_blob/2SALR-2r3JplKQVhlUt0WA:2:1152247)\n    at https://a.slack-edge.com/canvas_blob/2SALR-2r3JplKQVhlUt0WA:2:1152922\n    at https://a.slack-edge.com/canvas_blob/KGgqCJAB54XAdARYzMK3hA-ancillary:2:1647\n    at Object.next (https://a.slack-edge.com/canvas_blob/KGgqCJAB54XAdARYzMK3hA-ancillary:2:1752)\n    at a (https://a.slack-edge.com/canvas_blob/KGgqCJAB54XAdARYzMK3hA-ancillary:2:2396)"} 
[02/02/26, 01:34:04:636] warn: Deleting IndexedDB database 'local-storage' 
[02/02/26, 01:34:04:639] info: [QUIP] (T06AU05DL0L) {"type":"indexeddb_event","timestamp_ms":1769963644638,"db_type":4,"description":"Deleting DB","stack":"Error\n    at Ou (https://a.slack-edge.com/canvas_blob/2SALR-2r3JplKQVhlUt0WA:2:99039)\n    at vX (https://a.slack-edge.com/canvas_blob/2SALR-2r3JplKQVhlUt0WA:2:1152247)\n    at https://a.slack-edge.com/canvas_blob/2SALR-2r3JplKQVhlUt0WA:2:1152922\n    at https://a.slack-edge.com/canvas_blob/KGgqCJAB54XAdARYzMK3hA-ancillary:2:1647\n    at Object.next (https://a.slack-edge.com/canvas_blob/KGgqCJAB54XAdARYzMK3hA-ancillary:2:1752)\n    at a (https://a.slack-edge.com/canvas_blob/KGgqCJAB54XAdARYzMK3hA-ancillary:2:2396)"} 
[02/02/26, 01:34:04:639] warn: Deleting IndexedDB database 'canvas' 
[02/02/26, 01:34:04:812] info: Slow network is detected. See https://www.chromestatus.com/feature/5636954674692096 for more details. Fallback font will be used while loading: https://a.slack-edge.com/bv1-13-br/lato-regular-f1aa7a0.woff2 
[02/02/26, 01:34:04:813] info: Slow network is detected. See https://www.chromestatus.com/feature/5636954674692096 for more details. Fallback font will be used while loading: https://a.slack-edge.com/bv1-13-br/lato-bold-31816c2.woff2 
[02/02/26, 01:34:04:817] info: Slow network is detected. See https://www.chromestatus.com/feature/5636954674692096 for more details. Fallback font will be used while loading: https://a.slack-edge.com/bv1-13-br/lato-black-d3e44e6.woff2 
[02/02/26, 01:34:04:824] info: Slow network is detected. See https://www.chromestatus.com/feature/5636954674692096 for more details. Fallback font will be used while loading: https://a.slack-edge.com/bv1-13-br/slack-icons-v2-913df50.woff2 
[02/02/26, 01:34:05:109] info: [API-Q] (T08KF7TD5AN) 7e0428ef-1769963637.403 drafts.list is RESOLVED 
[02/02/26, 01:34:05:109] info: [API-Q] (T08KF7TD5AN) 7e0428ef-1769963637.406 workflows.triggers.listRecentlyRunForUser is ACTIVE 
[02/02/26, 01:34:05:109] info: [DRAFTS] (T08KF7TD5AN) No active drafts 
[02/02/26, 01:34:05:110] info: [DRAFTS] (T08KF7TD5AN) Successfully fetched all active and inactive drafts ✨ 
[02/02/26, 01:34:05:751] info: [API-Q] (T08KF7TD5AN) 7e0428ef-1769963637.406 workflows.triggers.listRecentlyRunForUser is RESOLVED 
[02/02/26, 01:34:05:751] info: [API-Q] (T08KF7TD5AN) 7e0428ef-1769963637.406 functions.workflows.list is ACTIVE 
[02/02/26, 01:34:05:754] info: [CRDT] Automerge loaded. 
[02/02/26, 01:34:06:414] info: [API-Q] (T08KF7TD5AN) 7e0428ef-1769963637.406 functions.workflows.list is RESOLVED 
[02/02/26, 01:34:06:414] info: [API-Q] (T08KF7TD5AN) 7e0428ef-1769963637.407 teams.trials.info is ACTIVE 
[02/02/26, 01:34:06:416] info: [API-Q] (T08KF7TD5AN) 7e0428ef-1769963646.415 workflows.triggers.list called with reason: automations_gallery 
[02/02/26, 01:34:06:416] info: [API-Q] (T08KF7TD5AN) 7e0428ef-1769963646.415 workflows.triggers.list is ENQUEUED 
[02/02/26, 01:34:07:056] info: [API-Q] (T08KF7TD5AN) 7e0428ef-1769963637.407 teams.trials.info is RESOLVED 
[02/02/26, 01:34:07:056] info: [API-Q] (T08KF7TD5AN) 7e0428ef-1769963637.407 users.priority.list is ACTIVE 
[02/02/26, 01:34:07:668] info: [API-Q] (T08KF7TD5AN) 7e0428ef-1769963637.407 users.priority.list is RESOLVED 
[02/02/26, 01:34:07:668] info: [API-Q] (T08KF7TD5AN) 7e0428ef-1769963637.408 aiApps.list is ACTIVE 
[02/02/26, 01:34:08:507] info: [API-Q] (T08KF7TD5AN) 7e0428ef-1769963637.408 aiApps.list is RESOLVED 
[02/02/26, 01:34:08:507] info: [API-Q] (T08KF7TD5AN) 7e0428ef-1769963637.409 calendar.getInstalledCalendars is ACTIVE 
[02/02/26, 01:34:09:213] info: [API-Q] (T08KF7TD5AN) 7e0428ef-1769963637.409 calendar.getInstalledCalendars is RESOLVED 
[02/02/26, 01:34:09:213] info: [API-Q] (T08KF7TD5AN) 7e0428ef-1769963637.410 users.prefs.set is ACTIVE 
[02/02/26, 01:34:09:925] info: [API-Q] (T08KF7TD5AN) 7e0428ef-1769963637.410 users.prefs.set is RESOLVED 
[02/02/26, 01:34:09:925] info: [API-Q] (T08KF7TD5AN) 7e0428ef-1769963637.427 slackAi.permissions.getForUser is ACTIVE 
[02/02/26, 01:34:10:565] info: [API-Q] (T08KF7TD5AN) 7e0428ef-1769963637.427 slackAi.permissions.getForUser is RESOLVED 
[02/02/26, 01:34:10:565] info: [API-Q] (T08KF7TD5AN) 7e0428ef-1769963639.282 users.customStatus.list is ACTIVE 
[02/02/26, 01:34:10:565] info: [UFM-PERMISSIONS] (T08KF7TD5AN) received READ_AUDIT_LOGS,ARCHIVE_CHANNEL,CONVERT_MPDM_TO_PRIVATE,CREATE_PRIVATE_CHANNEL,CREATE_PUBLIC_CHANNEL,EDIT_CHANNEL_WORKSPACES,CAN_AT_CHANNEL,VIEW_OVERVIEW_ANALYTICS,VIEW_WORKSPACE_ANALYTICS,VIEW_MEMBER_ANALYTICS,VIEW_ORG_WIDE_CHANNEL_ANALYTICS,VIEW_HUDDLE_ANALYTICS,VIEW_CLIP_ANALYTICS,VIEW_APP_ANALYTICS,VIEW_CHANNEL_ANALYTICS,VIEW_AI_ANALYTICS,VIEW_CANVAS_ANALYTICS,VIEW_WORKFLOW_ANALYTICS,VIEW_LIST_ANALYTICS,VIEW_TOP_LEVEL_WORKFLOWS,ADD_COLLABORATOR_TO_ANY_WORKFLOW,UNPUBLISH_ANY_WORKFLOW,CREATE_WORKFLOWS,CREATE_CANVAS_TEMPLATES,PUBLISH_CANVAS_ORG_TEMPLATES,MANAGE_SALES_HOME,MANAGE_SALES_HOME_DATA_SOURCE,ADD_CUSTOM_EMOJI,DELETE_CUSTOM_EMOJI,EDIT_SLACKBOT_RESPONSES,UPDATE_NAME,UPDATE_DISPLAY_NAME,EDIT_PROFILE_PHOTO,ACCEPT_SLACK_CONNECT_INVITES,MANAGE_SLACK_CONNECT,CREATE_SLACK_CONNECT_DM,VIEW_APP_REQUESTS,MANAGE_AAA_AUTOMATION_RULES,MANAGE_SCOPE_RATINGS,VIEW_INSTALLED_APPS,MANAGE_ORG_LEVEL_APP_APPROVAL,VIEW_APPROVED_APPS,VIEW_RESTRICTED_APPS,ADD_ORG_APPS_TO_WORKSPACES,REMOVE_ORG_APPS_FROM_WORKSPACES,VIEW_DEPRECATIONS,MANAGE_WORKFLOW_CONNECTORS,MANAGE_WORKFLOW_TRIGGERS,CREATE_SOLUTION_TEMPLATE,PUBLISH_SOLUTION_TEMPLATE,MANAGE_SOLUTION_TEMPLATE,CREATE_LIST_TEMPLATE,CREATE_USER_GROUPS,EDIT_USER_GROUPS,DELETE_USER_GROUPS,ACCESS_SLACK_AI_CHANNEL_THREAD_SUMMARIES,ACCESS_SLACK_AI_ACTION_ITEMS,ACCESS_SLACK_AI_DETAILED_FEEDBACK,ACCESS_SLACK_AI_FILE_SUMMARIES,ACCESS_SLACK_AI_HUDDLE_SUMMARIES,ACCESS_SLACK_AI_RECAP,ACCESS_SLACK_AI_SEARCH,ACCESS_SLACK_AI_STEPS_IN_WORKFLOW,ACCESS_SLACK_AI_TRANSLATIONS,ACCESS_SLACK_AI_WORKFLOW_BUILDER,ACCESS_SLACK_AI_RECORD_CHANNEL_DIGEST,ACCESS_SLACK_AI_DEVELOPMENT,ACCESS_SLACK_AI_EXPLAIN,ACCESS_SLACK_AI_CANVAS,ACCESS_SLACK_AI_SLACKBOT,ACCESS_SLACK_AI_FILTERS,ACCESS_SLACK_AI_SALESFORCE_CSV_MAPPER,ACCESS_SLACK_AI_SUGGESTED_SECTIONS,ACCESS_ENTERPRISE_SEARCH,CAN_MANAGE_XWS_CHANNELS (1) 
[02/02/26, 01:34:11:156] info: [API-Q] (T08KF7TD5AN) 7e0428ef-1769963639.282 users.customStatus.list is RESOLVED 
[02/02/26, 01:34:11:158] info: [API-Q] (T08KF7TD5AN) 7e0428ef-1769963639.284 client.counts is ACTIVE 
[02/02/26, 01:34:11:882] info: [API-Q] (T08KF7TD5AN) 7e0428ef-1769963639.284 client.counts is RESOLVED 
[02/02/26, 01:34:11:883] info: [API-Q] (T08KF7TD5AN) 7e0428ef-1769963639.285 sfdc.integration.listOrgs is ACTIVE 
[02/02/26, 01:34:11:884] info: [COUNTS] (T08KF7TD5AN) Applying counts to channels. wasLastConnectFast: false isConnected: true applying: 13 out of total: 13 
[02/02/26, 01:34:11:885] info: [COUNTS] (T08KF7TD5AN) Threads has_unreads:false mention_count:0 
[02/02/26, 01:34:11:885] info: [COUNTS] (T08KF7TD5AN) Completed counts processing 
[02/02/26, 01:34:11:886] info: [API-Q] (T08KF7TD5AN) noversion-1769963651.886 Flannel channels/info called with reason: flannel-call:channels/info 
[02/02/26, 01:34:11:886] info: [API-Q] (T08KF7TD5AN) noversion-1769963651.886 Flannel channels/info is ENQUEUED 
[02/02/26, 01:34:12:489] info: [API-Q] (T08KF7TD5AN) 7e0428ef-1769963639.285 sfdc.integration.listOrgs is RESOLVED 
[02/02/26, 01:34:12:489] info: [API-Q] (T08KF7TD5AN) noversion-1769963651.886 Flannel channels/info is ACTIVE 
[02/02/26, 01:34:12:790] info: [API-Q] (T08KF7TD5AN) noversion-1769963651.886 Flannel channels/info is RESOLVED 
[02/02/26, 01:34:12:790] info: [API-Q] (T08KF7TD5AN) 7e0428ef-1769963646.415 workflows.triggers.list is ACTIVE 
[02/02/26, 01:34:12:792] info: [API-Q] (T08KF7TD5AN) 7e0428ef-1769963652.791 conversations.genericInfo called with reason: fallback:fetchAndUpsertChannelsById 
[02/02/26, 01:34:12:792] info: [API-Q] (T08KF7TD5AN) 7e0428ef-1769963652.791 conversations.genericInfo is ENQUEUED 
[02/02/26, 01:34:13:406] info: [API-Q] (T08KF7TD5AN) 7e0428ef-1769963646.415 workflows.triggers.list is RESOLVED 
[02/02/26, 01:34:13:408] info: [API-Q] (T08KF7TD5AN) 7e0428ef-1769963652.791 conversations.genericInfo is ACTIVE 
[02/02/26, 01:34:14:131] info: [API-Q] (T08KF7TD5AN) 7e0428ef-1769963652.791 conversations.genericInfo is RESOLVED 
[02/02/26, 01:34:16:143] info: [API-Q] (T06AU05DL0L) 7e0428ef-1769963656.143 megaphone.setNotificationAsSeen called with reason: record-notification-event 
[02/02/26, 01:34:16:143] info: [API-Q] (T06AU05DL0L) 7e0428ef-1769963656.143 megaphone.setNotificationAsSeen is ENQUEUED 
[02/02/26, 01:34:16:144] info: [API-Q] (T06AU05DL0L) 7e0428ef-1769963656.144 megaphone.setNotificationAsSeen called with reason: record-notification-event 
[02/02/26, 01:34:16:144] info: [API-Q] (T06AU05DL0L) 7e0428ef-1769963656.144 megaphone.setNotificationAsSeen is ENQUEUED 
[02/02/26, 01:34:16:159] info: [API-Q] (T06AU05DL0L) 7e0428ef-1769963656.143 megaphone.setNotificationAsSeen is ACTIVE 
[02/02/26, 01:34:16:159] info: [API-Q] (T06AU05DL0L) 7e0428ef-1769963656.144 megaphone.setNotificationAsSeen is ACTIVE 
[02/02/26, 01:34:16:160] info: Breadcrumb: ui.click: svg > path  
[02/02/26, 01:34:16:592] info: [API-Q] (T06AU05DL0L) 7e0428ef-1769963656.144 megaphone.setNotificationAsSeen is REJECTED: API not ok invalid_arguments 
[02/02/26, 01:34:16:593] error: (T06AU05DL0L) API call to megaphone.setNotificationAsSeen
						with reason record-notification-event failed, initiated by generated fetcher 
[02/02/26, 01:34:16:599] error: (?) {"error":"7e0428ef-1769963656.144 megaphone.setNotificationAsSeen not ok: invalid_arguments"} 🐞 invalid_arguments: 7e0428ef-1769963656.144 megaphone.setNotificationAsSeen not ok: invalid_arguments at SlackApiRequest._onNotOk (https://a.slack-edge.com/bv1-13-br/gantry-v2-shared.20d6ae715158bc20769f.min.js?cacheKey=gantry-1769946127:8:470880) at SlackApiRequest.resolve (https://a.slack-edge.com/bv1-13-br/gantry-v2-shared.20d6ae715158bc20769f.min.js?cacheKey=gantry-1769946127:8:470620) at SlackApiRequest._onLoad (https://a.slack-edge.com/bv1-13-br/gantry-v2-shared.20d6ae715158bc20769f.min.js?cacheKey=gantry-1769946127:8:458141) from promise_rejection 
[02/02/26, 01:34:16:600] warn: %cUnhandled rejection invalid_arguments: 7e0428ef-1769963656.144 megaphone.setNotificationAsSeen not ok: invalid_arguments
    at SlackApiRequest._onNotOk (https://a.slack-edge.com/bv1-13-br/gantry-v2-shared.20d6ae715158bc20769f.min.js?cacheKey=gantry-1769946127:8:470880)
    at SlackApiRequest.resolve (https://a.slack-edge.com/bv1-13-br/gantry-v2-shared.20d6ae715158bc20769f.min.js?cacheKey=gantry-1769946127:8:470620)
    at SlackApiRequest._onLoad (https://a.slack-edge.com/bv1-13-br/gantry-v2-shared.20d6ae715158bc20769f.min.js?cacheKey=gantry-1769946127:8:458141) color: red 
[02/02/26, 01:34:16:603] info: [API-Q] (T06AU05DL0L) 7e0428ef-1769963656.143 megaphone.setNotificationAsSeen is RESOLVED 
[02/02/26, 01:34:18:695] info: [FOCUS-EVENT] (T06AU05DL0L) Main window blurred 
[02/02/26, 01:34:18:713] info: [MESSAGE-LIST] (T06AU05DL0L) getScrollmark reason:with_serialization channelId:C06ARGB5GCS at end 
[02/02/26, 01:34:18:713] info: [PERSIST] (T06AU05DL0L) Persisting state to storage because the window is about to unload 
[02/02/26, 01:34:18:719] info: [MESSAGE-LIST] (T06AU05DL0L) getScrollmark reason:with_serialization channelId:C06ARGB5GCS at end 
[02/02/26, 01:34:18:719] info: [PERSIST] (T08KF7TD5AN) Persisting state to storage because the window is about to unload 
[02/02/26, 01:34:18:722] info: [VISIBILITY-STATE] (T06AU05DL0L) Main window visibility state changed: hidden 
[02/02/26, 01:34:18:726] info: Store: UPDATE_SETTINGS {
  "hasRunFromTray": true
} 
[02/02/26, 01:34:18:728] info: [DESKTOP-SIDE-EFFECT] Update from desktop for keys  ["settings"] 
[02/02/26, 01:34:18:729] info: Store: SHOW_TRAY_BALLOON {
  "title": "Why didn’t Slack quit?",
  "content": "Slack’s set to stay running in the notification area. To change this, visit Preferences > Advanced."
} 
[02/02/26, 01:34:18:730] info: Store: EXTEND_MENU T06AU05DL0L: menucategory-file,menucategory-view,menucategory-edit,menucategory-help,menucategory-history 
[02/02/26, 01:34:18:741] info: [PERSIST] (T06AU05DL0L) Successfully persisted state 
[02/02/26, 01:34:18:750] info: [PERSIST] (T08KF7TD5AN) Successfully persisted state 
[02/02/26, 01:34:23:537] info: Store: QUIT_APP  
[02/02/26, 01:34:23:558] info: [DESKTOP-SIDE-EFFECT] Update from desktop for keys  ["app"] 
[02/02/26, 01:34:23:559] info: Store: DOWNLOADS_CLEANED_UP  
[02/02/26, 01:34:23:559] info: [WIN-RESTORE] Flushing current window restoration data and ignoring all future saves due to app quit 
[02/02/26, 01:34:24:367] warn: Couldn't complete metrics measurement for start mark 'session_lifespan' 
[02/02/26, 01:34:24:368] warn: Couldn't complete metrics measurement for start mark 'session_lifespan' 
[02/02/26, 01:34:24:368] warn: Couldn't complete metrics measurement for start mark 'session_lifespan' 
[02/02/26, 01:34:24:369] info: [RELOAD] Page is about to unload. This might not be a reload, it could be a window close or navigation 
[02/02/26, 01:34:24:369] info: [WINDOW-UNLOADING] (T06AU05DL0L) Main window unloading 
[02/02/26, 01:34:24:371] info: [WINDOW-UNLOADING] (T06AU05DL0L) workspace handling window unloading event 
[02/02/26, 01:34:24:371] info: [WINDOW-UNLOADING] (T08KF7TD5AN) workspace handling window unloading event 
[02/02/26, 01:34:24:374] info: Store: UPSERT_WEB_CONTENTS {
  "id": 1,
  "state": "page-closed"
} 
[02/03/26, 09:44:36:431] info: 
╔═════════════════════════════════════════════════════════╗
║      Slack 4.47.69, linux 6.18.7-zen1-1-zen on x64      ║
╚═════════════════════════════════════════════════════════╝ 
[02/03/26, 09:44:36:431] info: Configured logger via 
{
  "enableConsoleTransport": true,
  "identifierOverride": "webapp-console",
  "loggerInstanceCount": 3
}
[02/03/26, 09:44:36:431] info: Predefined values for process 
{
  "NODE_ENV": "production",
  "platform": "linux",
  "type": "browser",
  "timeZone": "Asia/Tokyo",
  "PACKAGE_MANIFEST.productName": "Slack",
  "PACKAGE_MANIFEST.version": "4.47.69",
  "PACKAGE_MANIFEST.commit": "72d60eb",
  "PACKAGE_MANIFEST.branch": "HEAD"
}
[02/03/26, 09:44:37:397] info: Starting Sentry (Preload) 
[02/03/26, 09:44:37:397] info: getSentryDSN: Setting sentry URL to slack.com 
[02/03/26, 09:44:37:402] info: [DESKTOP PRELOAD]	Creating desktop interface object 
[02/03/26, 09:44:37:403] info: [DESKTOP PRELOAD]	Exposing context bridge 
[02/03/26, 09:44:37:421] info: Store: WINDOW_CREATED {
  "type": "main",
  "webappType": "app",
  "id": 1,
  "frame": {
    "isHtmlFullScreen": false,
    "isCurrentlyAudible": false,
    "isFullScreen": false,
    "isMinimized": false,
    "isMaximized": false,
    "isVisible": false,
    "isFocused": false,
    "bounds": {
      "x": 0,
      "y": 0,
      "width": 1200,
      "height": 800
    },
    "hasVibrancy": false,
    "isAlwaysOnTop": false
  }
} 
[02/03/26, 09:44:37:421] info: Store: RECORD_PERFORMANCE_TIMING {
  "phase": 1,
  "interval": 67
} 
[02/03/26, 09:44:37:421] info: Store: SET_UPDATE_SUPPORTED false 
[02/03/26, 09:44:37:421] info: Store: UPSERT_WEB_CONTENTS {
  "id": 1,
  "state": "unloaded",
  "type": "app"
} 
[02/03/26, 09:44:37:421] info: Store: DISPLAY_METRICS_CHANGED  
[02/03/26, 09:44:37:421] info: Store: DISPLAY_METRICS_CHANGED  
[02/03/26, 09:44:37:421] info: Store: DISPLAY_METRICS_CHANGED  
[02/03/26, 09:44:37:422] info: Store: SET_HW_ACCEL_AVAILABILITY enabled 
[02/03/26, 09:44:37:422] info: Store: UPDATE_DESKTOP_FEATURES [
  "desktop_loading_screen",
  "extended_unresponsive_timeout"
] 
[02/03/26, 09:44:37:422] info: Store: UPDATE_SETTINGS {
  "signInMethod": "browser"
} 
[02/03/26, 09:44:37:422] info: Store: UPDATE_SETTINGS {
  "devToolsEnabled": false
} 
[02/03/26, 09:44:37:422] info: Store: UPSERT_WEB_CONTENTS {
  "id": 1,
  "state": "loaded"
} 
[02/03/26, 09:44:37:422] info: Store: RECORD_PERFORMANCE_TIMING {
  "phase": 2,
  "interval": 1610
} 
[02/03/26, 09:44:37:424] info: Store: MAIN_WINDOW_SHOWN  
[02/03/26, 09:44:37:425] info: Store: CLEAR_NOTIFICATIONS  
[02/03/26, 09:44:38:030] info: [METRICS] Starting timers for metrics collection 
[02/03/26, 09:44:38:325] info: [APP] client-v2 
[02/03/26, 09:44:38:326] info: [DATE/TIME] 1770079478324 "2026-02-03T00:44:38.324Z" 
[02/03/26, 09:44:38:326] info: [VERSION] version_hash: 2daffbe9fe94a4efbec8ff080bcbcbf1d6d1549c 
[02/03/26, 09:44:38:326] info: [VERSION] version_ts: 1770074858 
[02/03/26, 09:44:38:326] info: [VERSION] min_version_data_ts: 1722374725 
[02/03/26, 09:44:38:326] info: [URL] https://app.slack.com/client/T06AU05DL0L 
[02/03/26, 09:44:38:326] info: [AUTH] authCookieChanged: started listening to the event 
[02/03/26, 09:44:38:327] info: [AUTH] Credentials are fresh (psc=1769963618, csc=1769963618) 
[02/03/26, 09:44:38:327] info: [LOCAL-CONFIG] ingestIncomingConfig(): no incoming payload to process; current teams: T06AU05DL0L:U07N70LR48G,T08KF7TD5AN:U08KG48A77W 
[02/03/26, 09:44:38:327] info: [BOOT] Initial user team ID: T06AU05DL0L 
[02/03/26, 09:44:38:327] info: [BOOT] (T06AU05DL0L) Minimum supported data version is 1722374725; currently on 1769946127 
[02/03/26, 09:44:38:327] info: [PERSIST] (T06AU05DL0L) Getting state from IndexedDB 
[02/03/26, 09:44:38:327] info: [TRACER] Tracing is not sampled by default for this team. 
[02/03/26, 09:44:38:345] info: [TRACER] Tracing is not sampled by default for this session. 
[02/03/26, 09:44:38:347] info: [BOOT-QUEUE] T06AU05DL0L noversion-1770079478.346 features.access.policies.list called 
[02/03/26, 09:44:38:347] info: [BOOT-QUEUE] T06AU05DL0L noversion-1770079478.346 features.access.policies.list is ENQUEUED 
[02/03/26, 09:44:38:348] info: [BOOT-QUEUE] T06AU05DL0L noversion-1770079478.348 experiments.getByUser called 
[02/03/26, 09:44:38:348] info: [BOOT-QUEUE] T06AU05DL0L noversion-1770079478.348 experiments.getByUser is ENQUEUED 
[02/03/26, 09:44:38:348] info: [BOOT-QUEUE] T06AU05DL0L noversion-1770079478.348 api.features called 
[02/03/26, 09:44:38:349] info: [BOOT-QUEUE] T06AU05DL0L noversion-1770079478.348 api.features is ENQUEUED 
[02/03/26, 09:44:38:350] info: [BOOT-QUEUE] T06AU05DL0L noversion-1770079478.349 client.shouldReload called with reason: boot 
[02/03/26, 09:44:38:350] info: [BOOT-QUEUE] T06AU05DL0L noversion-1770079478.349 client.shouldReload is ENQUEUED 
[02/03/26, 09:44:38:350] info: [BOOT] Couldn't determine boot channel. Falling back to default channel 
[02/03/26, 09:44:38:352] info: Breadcrumb: fetch: undefined {
  "method": "GET",
  "url": "[REDACTED]",
  "status_code": 200
} 
[02/03/26, 09:44:38:353] info: Store: UPDATE_SETTINGS {
  "userTheme": "dark"
} 
[02/03/26, 09:44:38:354] info: Store: UPDATE_SETTINGS {
  "systemThemeSyncEnabled": true
} 
[02/03/26, 09:44:38:354] info: Store: SELECTION_CHANGED T06AU05DL0L 
[02/03/26, 09:44:38:356] info: [DESKTOP PRELOAD]	Network status check {
  "elapsed_time_ms": 459,
  "navigator_online": true,
  "api_test": "online"
} 
[02/03/26, 09:44:38:357] info: Store: SET_NETWORK_STATUS online 
[02/03/26, 09:44:38:429] info: [PERSIST] (T06AU05DL0L) Successfully got state from IndexedDB 
[02/03/26, 09:44:38:432] info: [BOOT-QUEUE] T06AU05DL0L noversion-1770079478.430 client.userBoot called with reason: deferred-data 
[02/03/26, 09:44:38:432] info: [BOOT-QUEUE] T06AU05DL0L noversion-1770079478.430 client.userBoot is ENQUEUED 
[02/03/26, 09:44:38:486] info: [BOOT-QUEUE] T06AU05DL0L noversion-1770079478.346 features.access.policies.list is ACTIVE 
[02/03/26, 09:44:38:486] info: [BOOT-QUEUE] T06AU05DL0L noversion-1770079478.348 experiments.getByUser is ACTIVE 
[02/03/26, 09:44:38:487] info: [BOOT-QUEUE] T06AU05DL0L noversion-1770079478.348 api.features is ACTIVE 
[02/03/26, 09:44:38:487] info: [BOOT-QUEUE] T06AU05DL0L noversion-1770079478.349 client.shouldReload is ACTIVE 
[02/03/26, 09:44:38:487] info: [BOOT-QUEUE] T06AU05DL0L noversion-1770079478.430 client.userBoot is ACTIVE 
[02/03/26, 09:44:38:809] info: [EMOJI_TRANSLATION] Emoji translations not needed for default locale, only adding keywords 
[02/03/26, 09:44:40:709] info: [BOOT] (T06AU05DL0L) Booting with persisted store 
[02/03/26, 09:44:40:709] info: [PERSIST] (T06AU05DL0L) Checking for persistence method changes 
[02/03/26, 09:44:40:710] info: [PERSIST] (T06AU05DL0L) Preparing state for hydration 
[02/03/26, 09:44:40:758] info: [PERSIST] (T06AU05DL0L) State prepared for hydration 
[02/03/26, 09:44:40:758] info: [PERSIST] (T06AU05DL0L) Checking for required data 
[02/03/26, 09:44:40:782] info: [BOOT] (T06AU05DL0L) Configuring redux store 
[02/03/26, 09:44:40:802] info: [DESKTOP-MIDDLEWARE] (T06AU05DL0L) Forwarding redux payload to desktop ["theme","notificationPrefs","connectivityPrefs","featureFlags","unreads","locale","version","frontendBuildType","userId"] 
[02/03/26, 09:44:40:829] info: [NAVIGATION-MIDDLEWARE] Starting a new navigation middleware execution {"context":"client-boot","nextViewSet":{"sidebar":{"id":"ChannelList","viewType":"ChannelList"},"primary":{"id":"C06ARGB5GCS","viewType":"Channel"}},"middlewareCount":8} 
[02/03/26, 09:44:40:831] info: [NAVIGATION-MIDDLEWARE] Async action execution is complete for a view {"nextView":{"id":"ChannelList","viewType":"ChannelList"},"results":[["EnsureChannelHasParentTabMiddleware",false],["EnsureMessagesTabHasTabIdMiddleware",false],["RedirectFileChannel",false],["RedirectChannelCanvasToCanvas",false],["AttemptToSetSolutionsGalleryPref",false],["EnsureAppViewType",false],["CanvasSetScrollParam",false],["EnsureActivityInboxMiddleware",false]],"shouldTerminateNavigation":false,"executionTime":1.0999999977648258} 
[02/03/26, 09:44:40:831] info: [NAVIGATION-MIDDLEWARE] Finish middleware execution for sidebar container {"maybeTransformedViewSet":{"sidebar":{"id":"ChannelList","viewType":"ChannelList"},"primary":{"id":"C06ARGB5GCS","viewType":"Channel"}},"terminateNavigation":false,"isViewTransformed":false,"iterationCount":0,"executionTime":2.099999997764826} 
[02/03/26, 09:44:40:832] info: [NAVIGATION-MIDDLEWARE] Async action execution is complete for a view {"nextView":{"id":"C06ARGB5GCS","viewType":"Channel"},"results":[["EnsureChannelHasParentTabMiddleware",false],["EnsureMessagesTabHasTabIdMiddleware",false],["RedirectFileChannel",false],["RedirectChannelCanvasToCanvas",false],["AttemptToSetSolutionsGalleryPref",false],["EnsureAppViewType",false],["CanvasSetScrollParam",false],["EnsureActivityInboxMiddleware",false]],"shouldTerminateNavigation":false,"executionTime":0} 
[02/03/26, 09:44:40:832] info: [NAVIGATION-MIDDLEWARE] Finish middleware execution for primary container {"maybeTransformedViewSet":{"sidebar":{"id":"ChannelList","viewType":"ChannelList"},"primary":{"id":"C06ARGB5GCS","viewType":"Channel"}},"terminateNavigation":false,"isViewTransformed":false,"iterationCount":0,"executionTime":0.3999999985098839} 
[02/03/26, 09:44:40:832] info: [NAVIGATION-MIDDLEWARE] Navigation middleware execution is complete {"maybeUpdatedViewSet":{"sidebar":{"id":"ChannelList","viewType":"ChannelList"},"primary":{"id":"C06ARGB5GCS","viewType":"Channel"}},"terminateNavigation":false,"executionTime":3} 
[02/03/26, 09:44:40:836] info: [DESKTOP-SIDE-EFFECT] (T06AU05DL0L) Creating desktop delegate 
[02/03/26, 09:44:40:836] info: [DESKTOP PRELOAD]	Exposing workspace desktop delegate for  {
  "workspaceId": "T06AU05DL0L"
} 
[02/03/26, 09:44:40:836] info: [DESKTOP PRELOAD]	Setting global desktop delegate 
[02/03/26, 09:44:40:837] info: [BOOT] (T06AU05DL0L) (T06AU05DL0L) Mounting client 
[02/03/26, 09:44:40:936] info: [COUNTS] (T06AU05DL0L) dmsBadgeCount: 0 
[02/03/26, 09:44:40:936] info: [COUNTS] (T06AU05DL0L) activityBadgeCount: 0 
[02/03/26, 09:44:40:939] info: [DEVICE-PERMISSIONS-MA] Initializing media device permissions manager 
[02/03/26, 09:44:40:939] info: [DEVICE-PERMISSIONS-MA] Permissions loaded from local storage {"permissions":{"microphone":{"status":"granted"},"camera":{"status":"granted"},"screen":{"status":"granted"}},"timestamp":1769963641272} 
[02/03/26, 09:44:40:939] info: [DEVICE-PERMISSIONS-MA] Using desktop device permissions strategy 
[02/03/26, 09:44:40:939] info: [DEVICE-PERMISSIONS-MA] Scheduled permissions refresh 
[02/03/26, 09:44:40:939] info: [(?)] Initializing device preferences manager with teamId: T06AU05DL0L 
[02/03/26, 09:44:40:940] info: [DEVICE-PREFS] Using device preferences manager 
[02/03/26, 09:44:40:940] info: [DEVICE-PREFS] Updating available devices (original flow) 
[02/03/26, 09:44:40:957] info: [TODAY-NAVIGATOR] (T06AU05DL0L) Feature disabled {"experimentTodayAutoNavigateGroupOn":false,"isTodayActive":true,"todayAutoNavigate":true} 
[02/03/26, 09:44:40:964] warn: TRACER (T06AU05DL0L) (boot:time_to_mount_client) was forced closed and marked with the _flush=true tag. 
[02/03/26, 09:44:40:979] info: Store: REDUX_UPDATE_FROM_WEBAPP (T06AU05DL0L) Changed keys [theme,notificationPrefs,connectivityPrefs,featureFlags,unreads,locale,version,frontendBuildType,userId] 
[02/03/26, 09:44:40:979] info: [UFM-PERMISSIONS] (T06AU05DL0L) requesting ACCESS_SLACK_AI_SLACKBOT,ACCESS_SLACK_AI_SEARCH,ACCESS_SLACK_AI_FILTERS,CREATE_PUBLIC_CHANNEL,CREATE_PRIVATE_CHANNEL,ACCESS_SLACK_AI_HUDDLE_SUMMARIES,ACCESS_SLACK_AI_RECAP,ACCESS_SLACK_AI_CHANNEL_THREAD_SUMMARIES,ACCESS_SLACK_AI_FILE_SUMMARIES,VIEW_TOP_LEVEL_WORKFLOWS,ADD_GUEST_USER_TO_WORKSPACE,ADD_FULL_USER_TO_WORKSPACE,REMOVE_GUEST_USER_FROM_WORKSPACE,REMOVE_FULL_USER_FROM_WORKSPACE,CONVERT_TO_GUEST,CONVERT_TO_MEMBER,READ_LEGAL_HOLDS,WRITE_LEGAL_HOLDS (1) 
[02/03/26, 09:44:40:981] info: [API-Q] (T06AU05DL0L) 7e0428ef-1770079480.980 slackAi.permissions.getForUser called with reason: fetch-slack-ai-permissions 
[02/03/26, 09:44:40:981] info: [API-Q] (T06AU05DL0L) 7e0428ef-1770079480.980 slackAi.permissions.getForUser is ENQUEUED 
[02/03/26, 09:44:40:982] info: [API-Q] (T06AU05DL0L) noversion-1770079480.981 Flannel permissions/info called with reason: flannel-call:permissions/info 
[02/03/26, 09:44:40:983] info: [API-Q] (T06AU05DL0L) noversion-1770079480.981 Flannel permissions/info is ENQUEUED 
[02/03/26, 09:44:40:983] info: [API-Q] (T06AU05DL0L) 7e0428ef-1770079480.980 slackAi.permissions.getForUser is ACTIVE 
[02/03/26, 09:44:40:983] info: [API-Q] (T06AU05DL0L) noversion-1770079480.981 Flannel permissions/info is ACTIVE 
[02/03/26, 09:44:40:983] info: [UFM] (T06AU05DL0L) requesting C06ARGB5GCS (1) 
[02/03/26, 09:44:40:985] info: [API-Q] (T06AU05DL0L) noversion-1770079480.984 Flannel huddles/info called with reason: flannel-call:huddles/info 
[02/03/26, 09:44:40:985] info: [API-Q] (T06AU05DL0L) noversion-1770079480.984 Flannel huddles/info is ENQUEUED 
[02/03/26, 09:44:40:985] info: [API-Q] (T06AU05DL0L) noversion-1770079480.984 Flannel huddles/info is ACTIVE 
[02/03/26, 09:44:41:083] info: Store: EXTEND_MENU global: menucategory-file,menucategory-view,menucategory-jump-to 
[02/03/26, 09:44:41:083] info: Store: EXTEND_MENU T06AU05DL0L: menucategory-file,menucategory-view,menucategory-edit,menucategory-help,menucategory-history 
[02/03/26, 09:44:41:084] info: Store: UPDATE_SETTINGS {
  "zoomLevel": 0
} 
[02/03/26, 09:44:41:085] info: [DESKTOP-SIDE-EFFECT] Update from desktop for keys  ["settings"] 
[02/03/26, 09:44:41:089] info: Store: DISPLAY_METRICS_CHANGED  
[02/03/26, 09:44:41:101] info: [DEVICE-PREFS] Device list validation result: true 
[02/03/26, 09:44:41:102] info: [DEVICE-PREFS] Device list updated [{},{},{},{},{},{},{},{}] 
[02/03/26, 09:44:41:102] info: [DEVICE-PREFS] Processing device list [{},{},{},{},{},{},{},{}] 
[02/03/26, 09:44:41:102] info: [DEVICE-PREFS] Amending label for OS default audioinput device: Default -> System Default (Default) 
[02/03/26, 09:44:41:102] info: [DEVICE-PREFS] Amending label for OS default audiooutput device: Default -> System Default (Default) 
[02/03/26, 09:44:41:102] info: [DEVICE-PREFS] Device list processing complete 
[02/03/26, 09:44:41:102] info: [DEVICE-PREFS] Device list change handler updated 
[02/03/26, 09:44:41:102] info: [DEVICE-PREFS] Device preferences manager initialized 
[02/03/26, 09:44:41:102] info: [DEVICE-PREFS] Analyzing stored device records 
[02/03/26, 09:44:41:102] info: [DEVICE-PREFS] Returning all records for initialization analyses 
[02/03/26, 09:44:41:102] info: [DEVICE-PREFS] Device selection records analysis: {"totalRecords":0,"webAudioDevices":0,"webAudioSelectedDevices":0,"webAudioUsedDevices":0,"microphoneCount":0,"speakerCount":0,"cameraCount":0} 
[02/03/26, 09:44:41:102] info: [(?)] Device preferences manager initialized 
[02/03/26, 09:44:41:134] info: [WD] All assets have reported back; s: 18; f: 0 
[02/03/26, 09:44:41:151] info: Store: UPSERT_WEB_CONTENTS {
  "id": 1,
  "type": "app",
  "history": "[REDACTED]"
} 
[02/03/26, 09:44:41:189] info: [UFM-PERMISSIONS] (T06AU05DL0L) requesting ASSIGN_CHANNEL_MANAGER (1) 
[02/03/26, 09:44:41:189] info: [API-Q] (T06AU05DL0L) noversion-1770079481.189 Flannel permissions/info called with reason: flannel-call:permissions/info 
[02/03/26, 09:44:41:190] info: [API-Q] (T06AU05DL0L) noversion-1770079481.189 Flannel permissions/info is ENQUEUED 
[02/03/26, 09:44:41:190] info: [API-Q] (T06AU05DL0L) noversion-1770079481.189 Flannel permissions/info is ACTIVE 
[02/03/26, 09:44:41:276] info: [DRAFTS] (T06AU05DL0L) There are no channels with drafts 
[02/03/26, 09:44:41:276] info: [BOOT] (T06AU05DL0L) Beaconed client boot mount success 
[02/03/26, 09:44:41:276] info: [API-Q] (T06AU05DL0L) 7e0428ef-1770079481.276 sharedInvites.canGetLink called with reason: sidebar-mount 
[02/03/26, 09:44:41:277] info: [API-Q] (T06AU05DL0L) 7e0428ef-1770079481.276 sharedInvites.canGetLink is ENQUEUED 
[02/03/26, 09:44:41:304] info: [API-Q] (T06AU05DL0L) 7e0428ef-1770079481.303 users.interactions.list called with reason: ai_workspace_resource_tab_coachmark 
[02/03/26, 09:44:41:304] info: [API-Q] (T06AU05DL0L) 7e0428ef-1770079481.303 users.interactions.list is ENQUEUED 
[02/03/26, 09:44:41:477] info: [API-Q] (T06AU05DL0L) noversion-1770079481.476 Flannel users/list called with reason: flannel-call:users/list 
[02/03/26, 09:44:41:478] info: [API-Q] (T06AU05DL0L) noversion-1770079481.476 Flannel users/list is ENQUEUED 
[02/03/26, 09:44:41:478] info: [API-Q] (T06AU05DL0L) noversion-1770079481.477 Flannel permissions/info called with reason: flannel-call:permissions/info 
[02/03/26, 09:44:41:478] info: [API-Q] (T06AU05DL0L) noversion-1770079481.477 Flannel permissions/info is ENQUEUED 
[02/03/26, 09:44:41:478] info: [API-Q] (T06AU05DL0L) 7e0428ef-1770079481.276 sharedInvites.canGetLink is ACTIVE 
[02/03/26, 09:44:41:483] info: [API-Q] (T06AU05DL0L) 7e0428ef-1770079481.303 users.interactions.list is ACTIVE 
[02/03/26, 09:44:41:484] info: [API-Q] (T06AU05DL0L) noversion-1770079481.476 Flannel users/list is ACTIVE 
[02/03/26, 09:44:41:485] info: [API-Q] (T06AU05DL0L) noversion-1770079481.477 Flannel permissions/info is ACTIVE 
[02/03/26, 09:44:41:502] info: [API-Q] (T06AU05DL0L) noversion-1770079480.981 Flannel permissions/info is RESOLVED 
[02/03/26, 09:44:41:503] info: [API-Q] (T06AU05DL0L) noversion-1770079480.984 Flannel huddles/info is RESOLVED 
[02/03/26, 09:44:41:503] info: [UFM-REACJITRIGGERS] (T06AU05DL0L) requesting C06ARGB5GCS (1) 
[02/03/26, 09:44:41:504] info: [API-Q] (T06AU05DL0L) 7e0428ef-1770079481.504 conversations.bulkReacjiTriggers called with reason: reacji_triggers_ufm 
[02/03/26, 09:44:41:505] info: [API-Q] (T06AU05DL0L) 7e0428ef-1770079481.504 conversations.bulkReacjiTriggers is ENQUEUED 
[02/03/26, 09:44:41:505] info: [API-Q] (T06AU05DL0L) 7e0428ef-1770079481.504 conversations.bulkReacjiTriggers is ACTIVE 
[02/03/26, 09:44:41:505] info: [API-Q] (T06AU05DL0L) noversion-1770079481.189 Flannel permissions/info is RESOLVED 
[02/03/26, 09:44:41:518] info: [DEVICE-PREFS] Propagating device selection history update 
[02/03/26, 09:44:41:518] info: [DEVICE-PREFS] Setting preferred audioinput device in huddle default 
[02/03/26, 09:44:41:519] info: [DEVICE-PREFS] Setting preferred audiooutput device in huddle default 
[02/03/26, 09:44:41:523] info: [UFM] (T06AU05DL0L) received C06ARGB5GCS (1) 
[02/03/26, 09:44:41:525] info: [UFM-PERMISSIONS] (T06AU05DL0L) received ASSIGN_CHANNEL_MANAGER (1) 
[02/03/26, 09:44:41:533] info: [API-Q] (T06AU05DL0L) noversion-1770079481.477 Flannel permissions/info is RESOLVED 
[02/03/26, 09:44:41:538] info: [UFM] (T06AU05DL0L) requesting C06U9KZMPT8,C06AB0RTDE3,D07MJ421FB5,D07MBHNNPGE (1) 
[02/03/26, 09:44:41:538] info: [API-Q] (T06AU05DL0L) noversion-1770079481.538 Flannel huddles/info called with reason: flannel-call:huddles/info 
[02/03/26, 09:44:41:538] info: [API-Q] (T06AU05DL0L) noversion-1770079481.538 Flannel huddles/info is ENQUEUED 
[02/03/26, 09:44:41:539] info: [API-Q] (T06AU05DL0L) noversion-1770079481.538 Flannel huddles/info is ACTIVE 
[02/03/26, 09:44:41:539] info: [UFM-PERMISSIONS] (T06AU05DL0L) requesting CAN_AT_CHANNEL,CAN_AT_EVERYONE,ARCHIVE_CHANNEL (1) 
[02/03/26, 09:44:41:539] info: [API-Q] (T06AU05DL0L) noversion-1770079481.538 Flannel permissions/info called with reason: flannel-call:permissions/info 
[02/03/26, 09:44:41:539] info: [API-Q] (T06AU05DL0L) noversion-1770079481.538 Flannel permissions/info is ENQUEUED 
[02/03/26, 09:44:41:540] info: [API-Q] (T06AU05DL0L) noversion-1770079481.538 Flannel permissions/info is ACTIVE 
[02/03/26, 09:44:41:565] info: [API-Q] (T06AU05DL0L) noversion-1770079481.538 Flannel huddles/info is RESOLVED 
[02/03/26, 09:44:41:565] info: [UFM] (T06AU05DL0L) received C06U9KZMPT8,C06AB0RTDE3,D07MJ421FB5,D07MBHNNPGE (1) 
[02/03/26, 09:44:41:575] info: [API-Q] (T06AU05DL0L) noversion-1770079481.538 Flannel permissions/info is RESOLVED 
[02/03/26, 09:44:41:576] info: [UFM-PERMISSIONS] (T06AU05DL0L) received CAN_AT_CHANNEL,CAN_AT_EVERYONE,ARCHIVE_CHANNEL (1) 
[02/03/26, 09:44:41:592] info: [CHECK-UNREADS] (T06AU05DL0L) unreadLineVisible updated in main window container primary: undefined -> true 
[02/03/26, 09:44:42:275] info: [API-Q] (T06AU05DL0L) noversion-1770079481.476 Flannel users/list is RESOLVED 
[02/03/26, 09:44:42:308] info: [GS_REQUEST] (T06AU05DL0L) received a user_subscribe_request call while we are not connected; deferring 
[02/03/26, 09:44:42:309] info: [API-Q] (T06AU05DL0L) noversion-1770079482.308 Flannel users/info called with reason: flannel-call:users/info 
[02/03/26, 09:44:42:309] info: [API-Q] (T06AU05DL0L) noversion-1770079482.308 Flannel users/info is ENQUEUED 
[02/03/26, 09:44:42:309] info: [API-Q] (T06AU05DL0L) noversion-1770079482.308 Flannel users/info is ACTIVE 
[02/03/26, 09:44:42:356] info: [API-Q] (T06AU05DL0L) noversion-1770079482.308 Flannel users/info is RESOLVED 
[02/03/26, 09:44:43:734] info: [BOOT-QUEUE] T06AU05DL0L noversion-1770079478.348 api.features is RESOLVED 
[02/03/26, 09:44:43:736] info: [API-Q] (T06AU05DL0L) 7e0428ef-1770079481.276 sharedInvites.canGetLink is RESOLVED 
[02/03/26, 09:44:43:739] info: [BOOT-QUEUE] T06AU05DL0L noversion-1770079478.346 features.access.policies.list is RESOLVED 
[02/03/26, 09:44:43:772] info: [API-Q] (T06AU05DL0L) 7e0428ef-1770079481.303 users.interactions.list is RESOLVED 
[02/03/26, 09:44:43:773] info: [API-Q] (T06AU05DL0L) 7e0428ef-1770079481.504 conversations.bulkReacjiTriggers is RESOLVED 
[02/03/26, 09:44:43:774] info: [BOOT-QUEUE] T06AU05DL0L noversion-1770079478.349 client.shouldReload is RESOLVED 
[02/03/26, 09:44:43:774] info: [MIN-VERSION] No need to reload 
[02/03/26, 09:44:43:775] info: [API-Q] (T06AU05DL0L) 7e0428ef-1770079480.980 slackAi.permissions.getForUser is RESOLVED 
[02/03/26, 09:44:43:778] info: [UFM-REACJITRIGGERS] (T06AU05DL0L) received C06ARGB5GCS (1) 
[02/03/26, 09:44:43:779] info: [UFM-PERMISSIONS] (T06AU05DL0L) received ACCESS_SLACK_AI_SLACKBOT,ACCESS_SLACK_AI_SEARCH,ACCESS_SLACK_AI_FILTERS,CREATE_PUBLIC_CHANNEL,CREATE_PRIVATE_CHANNEL,ACCESS_SLACK_AI_HUDDLE_SUMMARIES,ACCESS_SLACK_AI_RECAP,ACCESS_SLACK_AI_CHANNEL_THREAD_SUMMARIES,ACCESS_SLACK_AI_FILE_SUMMARIES,VIEW_TOP_LEVEL_WORKFLOWS,ADD_GUEST_USER_TO_WORKSPACE,ADD_FULL_USER_TO_WORKSPACE,REMOVE_GUEST_USER_FROM_WORKSPACE,REMOVE_FULL_USER_FROM_WORKSPACE,CONVERT_TO_GUEST,CONVERT_TO_MEMBER,READ_LEGAL_HOLDS,WRITE_LEGAL_HOLDS (1) 
[02/03/26, 09:44:43:803] info: [UFM-PERMISSIONS] (T06AU05DL0L) requesting ACCESS_SLACK_AI_DEVELOPMENT,ACCESS_SLACK_AI_RECORD_CHANNEL_DIGEST,ACCESS_SLACK_AI_CANVAS,ACCESS_SLACK_AI_TRANSLATIONS,ACCESS_SLACK_AI_EXPLAIN (1) 
[02/03/26, 09:44:43:804] info: [API-Q] (T06AU05DL0L) 7e0428ef-1770079483.803 slackAi.permissions.getForUser called with reason: fetch-slack-ai-permissions 
[02/03/26, 09:44:43:804] info: [API-Q] (T06AU05DL0L) 7e0428ef-1770079483.803 slackAi.permissions.getForUser is ENQUEUED 
[02/03/26, 09:44:43:804] info: [API-Q] (T06AU05DL0L) 7e0428ef-1770079483.803 slackAi.permissions.getForUser is ACTIVE 
[02/03/26, 09:44:43:816] info: [BOOT-QUEUE] T06AU05DL0L noversion-1770079478.430 client.userBoot is RESOLVED 
[02/03/26, 09:44:43:843] info: [BOOT-QUEUE] T06AU05DL0L noversion-1770079478.348 experiments.getByUser is RESOLVED 
[02/03/26, 09:44:43:844] info: [BOOT] Feature flag config version: 1770079479; Experiments config version: 1770079479 
[02/03/26, 09:44:43:844] info: [BOOT] Current earliest config version: 1770079479; All config versions: {"T06AU05DL0L":1770079479} 
[02/03/26, 09:44:43:858] info: [BOOT] (T06AU05DL0L) Dispatching API data 
[02/03/26, 09:44:43:858] info: [BOOT] (T06AU05DL0L) Dispatching boot data 
[02/03/26, 09:44:43:880] info: [EMOJI_TRANSLATION] Emoji translations not needed for default locale, only adding keywords 
[02/03/26, 09:44:43:880] info: [API-Q] (T06AU05DL0L) 2daffbe9-1770079483.880 search.autocomplete.topEmojis called with reason: loadEmoji-maybeReloadEmoji-setModelData 
[02/03/26, 09:44:43:880] info: [API-Q] (T06AU05DL0L) 2daffbe9-1770079483.880 search.autocomplete.topEmojis is ENQUEUED 
[02/03/26, 09:44:43:882] info: [API-Q] (T06AU05DL0L) 2daffbe9-1770079483.881 links.getDomains called with reason: siws-get-domains 
[02/03/26, 09:44:43:882] info: [API-Q] (T06AU05DL0L) 2daffbe9-1770079483.881 links.getDomains is ENQUEUED 
[02/03/26, 09:44:43:884] info: [API-Q] (T06AU05DL0L) 2daffbe9-1770079483.880 search.autocomplete.topEmojis is ACTIVE 
[02/03/26, 09:44:43:884] info: [API-Q] (T06AU05DL0L) 2daffbe9-1770079483.881 links.getDomains is ACTIVE 
[02/03/26, 09:44:43:885] info: [BOOT] (T06AU05DL0L) Dispatching initial api data for initial view 
[02/03/26, 09:44:43:895] info: [BOOT] (T06AU05DL0L) processing mutation timestamps for C06ARGB5GCS 
[02/03/26, 09:44:43:898] info: [PLATFORM-CHANNEL-ACTI] (T06AU05DL0L) Not updating count for channel C06ARGB5GCS, as count was already set to 0 
[02/03/26, 09:44:43:903] info: [NAVIGATION-MIDDLEWARE] Starting a new navigation middleware execution {"context":"client-boot","nextViewSet":{"sidebar":{"id":"ChannelList","viewType":"ChannelList"},"primary":{"id":"C06ARGB5GCS","viewType":"Channel","uiState":{"unreadLineVisible":true}}},"middlewareCount":8} 
[02/03/26, 09:44:43:904] info: [BOOT] (T06AU05DL0L) Boot complete 
[02/03/26, 09:44:43:905] info: [DESKTOP-SIDE-EFFECT] (T06AU05DL0L) Reacting to  {"type":"[21] Set a value that represents whether we are currently in the boot phase","payload":false,"error":false} 
[02/03/26, 09:44:43:907] info: [AUTH] Installing incremental auth handler 
[02/03/26, 09:44:43:908] info: [SOCKET-MANAGER] (T06AU05DL0L) Changing from never_connected to prov_connect 
[02/03/26, 09:44:43:908] info: [SOCKET-MANAGER] (T06AU05DL0L) will stay in prov_connect state for up to 10000 ms 
[02/03/26, 09:44:43:927] info: [SOCKET-MANAGER] (T06AU05DL0L) Connecting with token ending: 4d01 
[02/03/26, 09:44:43:928] info: [SOCKET-MANAGER] (T06AU05DL0L) Changing from prov_connect to prov_connecting 
[02/03/26, 09:44:43:928] info: [SOCKET-MANAGER] (T06AU05DL0L) will stay in prov_connecting state for up to 35000 ms 
[02/03/26, 09:44:43:930] info: [ENDPOINT-MANAGER] (T06AU05DL0L) No stale versions to clear. 
[02/03/26, 09:44:43:930] info: [SOCKET-MANAGER-MIDDLE] (T06AU05DL0L) Initialized Socket Manager instance 
[02/03/26, 09:44:43:935] info: [NAVIGATION-MIDDLEWARE] Async action execution is complete for a view {"nextView":{"id":"ChannelList","viewType":"ChannelList"},"results":[["EnsureChannelHasParentTabMiddleware",false],["EnsureMessagesTabHasTabIdMiddleware",false],["RedirectFileChannel",false],["RedirectChannelCanvasToCanvas",false],["AttemptToSetSolutionsGalleryPref",false],["EnsureAppViewType",false],["CanvasSetScrollParam",false],["EnsureActivityInboxMiddleware",false]],"shouldTerminateNavigation":false,"executionTime":31.700000002980232} 
[02/03/26, 09:44:43:938] info: [NAVIGATION-MIDDLEWARE] Finish middleware execution for sidebar container {"maybeTransformedViewSet":{"sidebar":{"id":"ChannelList","viewType":"ChannelList"},"primary":{"id":"C06ARGB5GCS","viewType":"Channel","uiState":{"unreadLineVisible":true}}},"terminateNavigation":false,"isViewTransformed":false,"iterationCount":0,"executionTime":34.70000000298023} 
[02/03/26, 09:44:43:962] info: [EMOJI_TRANSLATION] Emoji translations not needed for default locale, only adding keywords 
[02/03/26, 09:44:43:962] info: [NAVIGATION-MIDDLEWARE] Async action execution is complete for a view {"nextView":{"id":"C06ARGB5GCS","viewType":"Channel","uiState":{"unreadLineVisible":true}},"results":[["EnsureChannelHasParentTabMiddleware",false],["EnsureMessagesTabHasTabIdMiddleware",false],["RedirectFileChannel",false],["RedirectChannelCanvasToCanvas",false],["AttemptToSetSolutionsGalleryPref",false],["EnsureAppViewType",false],["CanvasSetScrollParam",false],["EnsureActivityInboxMiddleware",false]],"shouldTerminateNavigation":false,"executionTime":18.699999999254942} 
[02/03/26, 09:44:43:962] info: [NAVIGATION-MIDDLEWARE] Finish middleware execution for primary container {"maybeTransformedViewSet":{"sidebar":{"id":"ChannelList","viewType":"ChannelList"},"primary":{"id":"C06ARGB5GCS","viewType":"Channel","uiState":{"unreadLineVisible":true}}},"terminateNavigation":false,"isViewTransformed":false,"iterationCount":0,"executionTime":18.899999998509884} 
[02/03/26, 09:44:43:962] info: [NAVIGATION-MIDDLEWARE] Navigation middleware execution is complete {"maybeUpdatedViewSet":{"sidebar":{"id":"ChannelList","viewType":"ChannelList"},"primary":{"id":"C06ARGB5GCS","viewType":"Channel","uiState":{"unreadLineVisible":true}}},"terminateNavigation":false,"executionTime":54.30000000074506} 
[02/03/26, 09:44:43:963] info: [BOOT] Fetching client.extras {"extras":["salesforce_features","plan_info"]} 
[02/03/26, 09:44:43:963] info: [API-Q] (T06AU05DL0L) 2daffbe9-1770079483.958 client.extras called with reason: fetch-client-extras 
[02/03/26, 09:44:43:963] info: [API-Q] (T06AU05DL0L) 2daffbe9-1770079483.958 client.extras is ENQUEUED 
[02/03/26, 09:44:43:963] info: [API-Q] (T06AU05DL0L) 2daffbe9-1770079483.959 drafts.list called with reason: client-v2-boot-team 
[02/03/26, 09:44:43:963] info: [API-Q] (T06AU05DL0L) 2daffbe9-1770079483.959 drafts.list is ENQUEUED 
[02/03/26, 09:44:43:963] info: [DRAFTS] (T06AU05DL0L) No local drafts - skipping fetch to purge inactive drafts 
[02/03/26, 09:44:43:963] info: [EMOJI_TRANSLATION] Emoji translations not needed for default locale, only adding keywords 
[02/03/26, 09:44:43:964] info: [API-Q] (T06AU05DL0L) 2daffbe9-1770079483.961 search.autocomplete.topEmojis called with reason: loadEmoji-maybeReloadEmoji-client-v2-boot-team 
[02/03/26, 09:44:43:964] info: [API-Q] (T06AU05DL0L) 2daffbe9-1770079483.961 search.autocomplete.topEmojis is ENQUEUED 
[02/03/26, 09:44:43:964] info: [API-Q] (T06AU05DL0L) 2daffbe9-1770079483.962 workflows.triggers.listRecentlyRunForUser called with reason: fetch_and_upsert_recently_run_triggers 
[02/03/26, 09:44:43:964] info: [API-Q] (T06AU05DL0L) 2daffbe9-1770079483.962 workflows.triggers.listRecentlyRunForUser is ENQUEUED 
[02/03/26, 09:44:43:964] info: [API-Q] (T06AU05DL0L) 2daffbe9-1770079483.963 functions.workflows.list called with reason: automations_gallery 
[02/03/26, 09:44:43:964] info: [API-Q] (T06AU05DL0L) 2daffbe9-1770079483.963 functions.workflows.list is ENQUEUED 
[02/03/26, 09:44:43:965] info: [API-Q] (T06AU05DL0L) 2daffbe9-1770079483.964 megaphone.notifications.list called with reason: boot 
[02/03/26, 09:44:43:965] info: [API-Q] (T06AU05DL0L) 2daffbe9-1770079483.964 megaphone.notifications.list is ENQUEUED 
[02/03/26, 09:44:43:965] info: [API-Q] (T06AU05DL0L) 2daffbe9-1770079483.964 megaphone.notifications.list called with reason: boot 
[02/03/26, 09:44:43:966] info: [API-Q] (T06AU05DL0L) 2daffbe9-1770079483.964 megaphone.notifications.list is ENQUEUED 
[02/03/26, 09:44:43:966] info: [API-Q] (T06AU05DL0L) 2daffbe9-1770079483.965 teams.trials.info called with reason: client-v2-boot-team 
[02/03/26, 09:44:43:966] info: [API-Q] (T06AU05DL0L) 2daffbe9-1770079483.965 teams.trials.info is ENQUEUED 
[02/03/26, 09:44:43:966] info: [API-Q] (T06AU05DL0L) 2daffbe9-1770079483.966 users.prefs.get called with reason: fetch-frecency-prefs 
[02/03/26, 09:44:43:966] info: [API-Q] (T06AU05DL0L) 2daffbe9-1770079483.966 users.prefs.get is ENQUEUED 
[02/03/26, 09:44:43:967] info: [API-Q] (T06AU05DL0L) 2daffbe9-1770079483.966 users.prefs.get called with reason: fetch-user-expectation-last-triggered-pref 
[02/03/26, 09:44:43:967] info: [API-Q] (T06AU05DL0L) 2daffbe9-1770079483.966 users.prefs.get is ENQUEUED 
[02/03/26, 09:44:43:967] info: [API-Q] (T06AU05DL0L) 2daffbe9-1770079483.967 users.priority.list called with reason: fetch-priority-users-on-boot-render 
[02/03/26, 09:44:43:967] info: [API-Q] (T06AU05DL0L) 2daffbe9-1770079483.967 users.priority.list is ENQUEUED 
[02/03/26, 09:44:43:973] info: [API-Q] (T06AU05DL0L) 2daffbe9-1770079483.958 client.extras is ACTIVE 
[02/03/26, 09:44:43:973] info: [API-Q] (T06AU05DL0L) 2daffbe9-1770079483.959 drafts.list is ACTIVE 
[02/03/26, 09:44:43:974] info: [API-Q] (T06AU05DL0L) 2daffbe9-1770079483.961 search.autocomplete.topEmojis is ACTIVE 
[02/03/26, 09:44:43:975] info: [API-Q] (T06AU05DL0L) 2daffbe9-1770079483.962 workflows.triggers.listRecentlyRunForUser is ACTIVE 
[02/03/26, 09:44:43:975] info: [API-Q] (T06AU05DL0L) 2daffbe9-1770079483.963 functions.workflows.list is ACTIVE 
[02/03/26, 09:44:43:975] info: [API-Q] (T06AU05DL0L) 2daffbe9-1770079483.964 megaphone.notifications.list is ACTIVE 
[02/03/26, 09:44:43:976] info: [API-Q] (T06AU05DL0L) 2daffbe9-1770079483.964 megaphone.notifications.list is ACTIVE 
[02/03/26, 09:44:43:976] info: [API-Q] (T06AU05DL0L) 2daffbe9-1770079483.974 calendar.getInstalledCalendars called with reason: calendar-get-installed-calendars 
[02/03/26, 09:44:43:977] info: [API-Q] (T06AU05DL0L) 2daffbe9-1770079483.974 calendar.getInstalledCalendars is ENQUEUED 
[02/03/26, 09:44:43:986] info: [BOOT] Setting reducedSignInWorkflowExperiment object in local storage. teamId: T06AU05DL0L, enterpriseId: undefined, isOn: true 
[02/03/26, 09:44:43:991] info: [NAVIGATE-LISTENERS] (T06AU05DL0L) Starting navigation listeners for triggerType CLIENT_MOUNT 
[02/03/26, 09:44:43:996] info: [NAVIGATE-LISTENERS] (T06AU05DL0L) Navigation listeners complete without errors 
[02/03/26, 09:44:43:999] info: [BOOT] (T08KF7TD5AN) Minimum supported data version is 1722374725; currently on 1769946127 
[02/03/26, 09:44:43:999] info: [PERSIST] (T08KF7TD5AN) Getting state from IndexedDB 
[02/03/26, 09:44:44:000] info: [TRACER] Tracing is not sampled by default for this team. 
[02/03/26, 09:44:44:002] info: [BOOT-QUEUE] T08KF7TD5AN noversion-1770079484.001 features.access.policies.list called 
[02/03/26, 09:44:44:002] info: [BOOT-QUEUE] T08KF7TD5AN noversion-1770079484.001 features.access.policies.list is ENQUEUED 
[02/03/26, 09:44:44:003] info: [BOOT-QUEUE] T08KF7TD5AN noversion-1770079484.002 experiments.getByUser called 
[02/03/26, 09:44:44:003] info: [BOOT-QUEUE] T08KF7TD5AN noversion-1770079484.002 experiments.getByUser is ENQUEUED 
[02/03/26, 09:44:44:003] info: [BOOT-QUEUE] T08KF7TD5AN noversion-1770079484.002 api.features called 
[02/03/26, 09:44:44:004] info: [BOOT-QUEUE] T08KF7TD5AN noversion-1770079484.002 api.features is ENQUEUED 
[02/03/26, 09:44:44:004] info: [BOOT] Couldn't determine boot channel. Falling back to default channel 
[02/03/26, 09:44:44:005] info: [BOOT-QUEUE] T08KF7TD5AN noversion-1770079484.001 features.access.policies.list is ACTIVE 
[02/03/26, 09:44:44:006] info: [BOOT-QUEUE] T08KF7TD5AN noversion-1770079484.002 experiments.getByUser is ACTIVE 
[02/03/26, 09:44:44:006] info: [BOOT-QUEUE] T08KF7TD5AN noversion-1770079484.002 api.features is ACTIVE 
[02/03/26, 09:44:44:007] info: [MIN-VERSION] No need to reload 
[02/03/26, 09:44:44:075] info: [CHECK-UNREADS] (T06AU05DL0L) Checking unreads after workspace became focused 
[02/03/26, 09:44:44:075] info: [CHECK-UNREADS] (T06AU05DL0L) Not marking C06ARGB5GCS because last_read >= latest && channel is read 
[02/03/26, 09:44:44:086] info: Store: STORE_USER_WORKSPACES {
  "userTeamId": "T06AU05DL0L",
  "workspaceIds": [
    "T06AU05DL0L"
  ]
} 
[02/03/26, 09:44:44:095] info: [API-Q] (T06AU05DL0L) 7e0428ef-1770079483.803 slackAi.permissions.getForUser is RESOLVED 
[02/03/26, 09:44:44:096] info: [API-Q] (T06AU05DL0L) 2daffbe9-1770079483.966 users.prefs.get is ACTIVE 
[02/03/26, 09:44:44:096] info: [DND_V2] (T06AU05DL0L) fetchAndUpsertDndForUsers - Preparing to fetch DND times for the following members: U07N70LR48G,U06AB0DEHV5 
[02/03/26, 09:44:44:096] info: [API-Q] (T06AU05DL0L) 2daffbe9-1770079484.096 dnd.info called with reason: fetchAndUpsertDndForUsers-getDndTimesFor:self 
[02/03/26, 09:44:44:096] info: [API-Q] (T06AU05DL0L) 2daffbe9-1770079484.096 dnd.info is ENQUEUED 
[02/03/26, 09:44:44:097] info: [API-Q] (T06AU05DL0L) 2daffbe9-1770079484.096 dnd.teamInfo called with reason: fetchAndUpsertDndForUsers-getDndTimesFor:others 
[02/03/26, 09:44:44:097] info: [API-Q] (T06AU05DL0L) 2daffbe9-1770079484.096 dnd.teamInfo is ENQUEUED 
[02/03/26, 09:44:44:097] info: [API-Q] (T06AU05DL0L) noversion-1770079484.097 Flannel users/counts called with reason: flannel-call:users/counts 
[02/03/26, 09:44:44:097] info: [API-Q] (T06AU05DL0L) noversion-1770079484.097 Flannel users/counts is ENQUEUED 
[02/03/26, 09:44:44:098] info: [API-Q] (T06AU05DL0L) 2daffbe9-1770079484.097 team.targetingCriteria called with reason: team_targeting_criteria 
[02/03/26, 09:44:44:098] info: [API-Q] (T06AU05DL0L) 2daffbe9-1770079484.097 team.targetingCriteria is ENQUEUED 
[02/03/26, 09:44:44:098] info: [API-Q] (T06AU05DL0L) 2daffbe9-1770079484.098 saved.list called with reason: saved-api/savedList 
[02/03/26, 09:44:44:098] info: [API-Q] (T06AU05DL0L) 2daffbe9-1770079484.098 saved.list is ENQUEUED 
[02/03/26, 09:44:44:099] info: [API-Q] (T06AU05DL0L) 2daffbe9-1770079484.098 users.channelSections.list called with reason: conditional-fetch-manager 
[02/03/26, 09:44:44:099] info: [API-Q] (T06AU05DL0L) 2daffbe9-1770079484.098 users.channelSections.list is ENQUEUED 
[02/03/26, 09:44:44:099] info: [API-Q] (T06AU05DL0L) 2daffbe9-1770079484.099 files.info called with reason: files-store.ConditionalFetchManager.fetch 
[02/03/26, 09:44:44:099] info: [API-Q] (T06AU05DL0L) 2daffbe9-1770079484.099 files.info is ENQUEUED 
[02/03/26, 09:44:44:100] info: [API-Q] (T06AU05DL0L) 2daffbe9-1770079484.099 help.issues.ticketStats called with reason: fetchAndUpsertTicketStats 
[02/03/26, 09:44:44:100] info: [API-Q] (T06AU05DL0L) 2daffbe9-1770079484.099 help.issues.ticketStats is ENQUEUED 
[02/03/26, 09:44:44:100] info: [API-Q] (T06AU05DL0L) 2daffbe9-1770079484.100 conversations.listPrefs called with reason: client_redux_store 
[02/03/26, 09:44:44:100] info: [API-Q] (T06AU05DL0L) 2daffbe9-1770079484.100 conversations.listPrefs is ENQUEUED 
[02/03/26, 09:44:44:102] info: [API-Q] (T06AU05DL0L) 2daffbe9-1770079484.101 quip.lookupThreadIds called with reason: fetch-quip-ids 
[02/03/26, 09:44:44:102] info: [API-Q] (T06AU05DL0L) 2daffbe9-1770079484.101 quip.lookupThreadIds is ENQUEUED 
[02/03/26, 09:44:44:110] info: [API-Q] (T06AU05DL0L) 2daffbe9-1770079483.880 search.autocomplete.topEmojis is RESOLVED 
[02/03/26, 09:44:44:110] info: [API-Q] (T06AU05DL0L) noversion-1770079484.097 Flannel users/counts is ACTIVE 
[02/03/26, 09:44:44:112] info: [API-Q] (T06AU05DL0L) 2daffbe9-1770079483.881 links.getDomains is RESOLVED 
[02/03/26, 09:44:44:112] info: [API-Q] (T06AU05DL0L) 2daffbe9-1770079483.966 users.prefs.get is ACTIVE 
[02/03/26, 09:44:44:112] info: Store: SELECTION_CHANGED T06AU05DL0L 
[02/03/26, 09:44:44:113] info: Store: EXTEND_MENU T06AU05DL0L: menucategory-file,menucategory-view,menucategory-edit,menucategory-help,menucategory-history 
[02/03/26, 09:44:44:119] info: [UFM-PERMISSIONS] (T06AU05DL0L) received ACCESS_SLACK_AI_DEVELOPMENT,ACCESS_SLACK_AI_RECORD_CHANNEL_DIGEST,ACCESS_SLACK_AI_CANVAS,ACCESS_SLACK_AI_TRANSLATIONS,ACCESS_SLACK_AI_EXPLAIN (1) 
[02/03/26, 09:44:44:162] info: [PERSIST] (T08KF7TD5AN) Successfully got state from IndexedDB 
[02/03/26, 09:44:44:162] info: [BOOT] (T08KF7TD5AN) Booting with persisted store 
[02/03/26, 09:44:44:162] info: [PERSIST] (T08KF7TD5AN) Checking for persistence method changes 
[02/03/26, 09:44:44:162] info: [PERSIST] (T08KF7TD5AN) Preparing state for hydration 
[02/03/26, 09:44:44:166] info: [PERSIST] (T08KF7TD5AN) State prepared for hydration 
[02/03/26, 09:44:44:167] info: [PERSIST] (T08KF7TD5AN) Checking for required data 
[02/03/26, 09:44:44:168] info: [BOOT-QUEUE] T08KF7TD5AN noversion-1770079484.167 client.userBoot called with reason: deferred-data 
[02/03/26, 09:44:44:168] info: [BOOT-QUEUE] T08KF7TD5AN noversion-1770079484.167 client.userBoot is ENQUEUED 
[02/03/26, 09:44:44:168] info: [BOOT-QUEUE] T08KF7TD5AN noversion-1770079484.167 client.userBoot is ACTIVE 
[02/03/26, 09:44:44:169] info: [BOOT] (T08KF7TD5AN) Configuring redux store 
[02/03/26, 09:44:44:172] info: [DESKTOP-MIDDLEWARE] (T08KF7TD5AN) Forwarding redux payload to desktop ["theme","notificationPrefs","connectivityPrefs","featureFlags","unreads","locale","version","frontendBuildType","userId"] 
[02/03/26, 09:44:44:174] info: [NAVIGATION-MIDDLEWARE] Starting a new navigation middleware execution {"context":"client-boot","nextViewSet":{"sidebar":{"id":"ChannelList","viewType":"ChannelList"},"primary":{"id":"C08KF7TD62W","viewType":"Channel"}},"middlewareCount":8} 
[02/03/26, 09:44:44:174] info: [NAVIGATION-MIDDLEWARE] Async action execution is complete for a view {"nextView":{"id":"ChannelList","viewType":"ChannelList"},"results":[["EnsureChannelHasParentTabMiddleware",false],["EnsureMessagesTabHasTabIdMiddleware",false],["RedirectFileChannel",false],["RedirectChannelCanvasToCanvas",false],["AttemptToSetSolutionsGalleryPref",false],["EnsureAppViewType",false],["CanvasSetScrollParam",false],["EnsureActivityInboxMiddleware",false]],"shouldTerminateNavigation":false,"executionTime":0.09999999776482582} 
[02/03/26, 09:44:44:174] info: [NAVIGATION-MIDDLEWARE] Finish middleware execution for sidebar container {"maybeTransformedViewSet":{"sidebar":{"id":"ChannelList","viewType":"ChannelList"},"primary":{"id":"C08KF7TD62W","viewType":"Channel"}},"terminateNavigation":false,"isViewTransformed":false,"iterationCount":0,"executionTime":0.19999999925494194} 
[02/03/26, 09:44:44:174] info: [NAVIGATION-MIDDLEWARE] Async action execution is complete for a view {"nextView":{"id":"C08KF7TD62W","viewType":"Channel"},"results":[["EnsureChannelHasParentTabMiddleware",false],["EnsureMessagesTabHasTabIdMiddleware",false],["RedirectFileChannel",false],["RedirectChannelCanvasToCanvas",false],["AttemptToSetSolutionsGalleryPref",false],["EnsureAppViewType",false],["CanvasSetScrollParam",false],["EnsureActivityInboxMiddleware",false]],"shouldTerminateNavigation":false,"executionTime":0} 
[02/03/26, 09:44:44:175] info: [NAVIGATION-MIDDLEWARE] Finish middleware execution for primary container {"maybeTransformedViewSet":{"sidebar":{"id":"ChannelList","viewType":"ChannelList"},"primary":{"id":"C08KF7TD62W","viewType":"Channel"}},"terminateNavigation":false,"isViewTransformed":false,"iterationCount":0,"executionTime":0} 
[02/03/26, 09:44:44:175] info: [NAVIGATION-MIDDLEWARE] Navigation middleware execution is complete {"maybeUpdatedViewSet":{"sidebar":{"id":"ChannelList","viewType":"ChannelList"},"primary":{"id":"C08KF7TD62W","viewType":"Channel"}},"terminateNavigation":false,"executionTime":0.3999999985098839} 
[02/03/26, 09:44:44:176] info: [DESKTOP-SIDE-EFFECT] (T08KF7TD5AN) Creating desktop delegate 
[02/03/26, 09:44:44:176] info: [DESKTOP PRELOAD]	Exposing workspace desktop delegate for  {
  "workspaceId": "T08KF7TD5AN"
} 
[02/03/26, 09:44:44:177] info: [UFM-PERMISSIONS] (T06AU05DL0L) requesting READ_AUDIT_LOGS,ARCHIVE_CHANNEL,CONVERT_MPDM_TO_PRIVATE,CREATE_PRIVATE_CHANNEL,CREATE_PUBLIC_CHANNEL,EDIT_CHANNEL_WORKSPACES,CAN_AT_CHANNEL,VIEW_OVERVIEW_ANALYTICS,VIEW_WORKSPACE_ANALYTICS,VIEW_MEMBER_ANALYTICS,VIEW_ORG_WIDE_CHANNEL_ANALYTICS,VIEW_HUDDLE_ANALYTICS,VIEW_CLIP_ANALYTICS,VIEW_APP_ANALYTICS,VIEW_CHANNEL_ANALYTICS,VIEW_AI_ANALYTICS,VIEW_CANVAS_ANALYTICS,VIEW_WORKFLOW_ANALYTICS,VIEW_LIST_ANALYTICS,VIEW_TOP_LEVEL_WORKFLOWS,ADD_COLLABORATOR_TO_ANY_WORKFLOW,UNPUBLISH_ANY_WORKFLOW,CREATE_WORKFLOWS,CREATE_CANVAS_TEMPLATES,PUBLISH_CANVAS_ORG_TEMPLATES,MANAGE_SALES_HOME,MANAGE_SALES_HOME_DATA_SOURCE,ADD_CUSTOM_EMOJI,DELETE_CUSTOM_EMOJI,EDIT_SLACKBOT_RESPONSES,UPDATE_NAME,UPDATE_DISPLAY_NAME,EDIT_PROFILE_PHOTO,ACCEPT_SLACK_CONNECT_INVITES,MANAGE_SLACK_CONNECT,CREATE_SLACK_CONNECT_DM,VIEW_APP_REQUESTS,MANAGE_AAA_AUTOMATION_RULES,MANAGE_SCOPE_RATINGS,VIEW_INSTALLED_APPS,MANAGE_ORG_LEVEL_APP_APPROVAL,VIEW_APPROVED_APPS,VIEW_RESTRICTED_APPS,ADD_ORG_APPS_TO_WORKSPACES,REMOVE_ORG_APPS_FROM_WORKSPACES,VIEW_DEPRECATIONS,MANAGE_WORKFLOW_CONNECTORS,MANAGE_WORKFLOW_TRIGGERS,CREATE_SOLUTION_TEMPLATE,PUBLISH_SOLUTION_TEMPLATE,MANAGE_SOLUTION_TEMPLATE,CREATE_LIST_TEMPLATE,CREATE_USER_GROUPS,EDIT_USER_GROUPS,DELETE_USER_GROUPS,ACCESS_SLACK_AI_CHANNEL_THREAD_SUMMARIES,ACCESS_SLACK_AI_ACTION_ITEMS,ACCESS_SLACK_AI_DETAILED_FEEDBACK,ACCESS_SLACK_AI_FILE_SUMMARIES,ACCESS_SLACK_AI_HUDDLE_SUMMARIES,ACCESS_SLACK_AI_RECAP,ACCESS_SLACK_AI_SEARCH,ACCESS_SLACK_AI_STEPS_IN_WORKFLOW,ACCESS_SLACK_AI_WORKFLOW_BUILDER,ACCESS_SLACK_AI_SLACKBOT,ACCESS_SLACK_AI_FILTERS,ACCESS_SLACK_AI_SALESFORCE_CSV_MAPPER,ACCESS_SLACK_AI_SUGGESTED_SECTIONS,ACCESS_ENTERPRISE_SEARCH,CAN_MANAGE_XWS_CHANNELS (1) 
[02/03/26, 09:44:44:177] info: [API-Q] (T06AU05DL0L) 2daffbe9-1770079484.177 slackAi.permissions.getForUser called with reason: fetch-slack-ai-permissions 
[02/03/26, 09:44:44:177] info: [API-Q] (T06AU05DL0L) 2daffbe9-1770079484.177 slackAi.permissions.getForUser is ENQUEUED 
[02/03/26, 09:44:44:177] info: [API-Q] (T06AU05DL0L) noversion-1770079484.177 Flannel permissions/info called with reason: flannel-call:permissions/info 
[02/03/26, 09:44:44:177] info: [API-Q] (T06AU05DL0L) noversion-1770079484.177 Flannel permissions/info is ENQUEUED 
[02/03/26, 09:44:44:183] info: [API-Q] (T06AU05DL0L) 2daffbe9-1770079483.959 drafts.list is RESOLVED 
[02/03/26, 09:44:44:184] info: [API-Q] (T06AU05DL0L) noversion-1770079484.177 Flannel permissions/info is ACTIVE 
[02/03/26, 09:44:44:184] info: [API-Q] (T06AU05DL0L) 2daffbe9-1770079483.958 client.extras is RESOLVED 
[02/03/26, 09:44:44:185] info: [API-Q] (T06AU05DL0L) 2daffbe9-1770079483.965 teams.trials.info is ACTIVE 
[02/03/26, 09:44:44:185] info: [API-Q] (T06AU05DL0L) 2daffbe9-1770079483.962 workflows.triggers.listRecentlyRunForUser is RESOLVED 
[02/03/26, 09:44:44:186] info: [API-Q] (T06AU05DL0L) 2daffbe9-1770079483.967 users.priority.list is ACTIVE 
[02/03/26, 09:44:44:186] info: Store: REDUX_UPDATE_FROM_WEBAPP (T08KF7TD5AN) Changed keys [theme,notificationPrefs,connectivityPrefs,featureFlags,unreads,locale,version,frontendBuildType,userId] 
[02/03/26, 09:44:44:188] info: [API-Q] (T06AU05DL0L) 2daffbe9-1770079483.961 search.autocomplete.topEmojis is RESOLVED 
[02/03/26, 09:44:44:188] info: [API-Q] (T06AU05DL0L) 2daffbe9-1770079483.974 calendar.getInstalledCalendars is ACTIVE 
[02/03/26, 09:44:44:189] info: [API-Q] (T06AU05DL0L) 2daffbe9-1770079483.963 functions.workflows.list is RESOLVED 
[02/03/26, 09:44:44:189] info: [API-Q] (T06AU05DL0L) 2daffbe9-1770079484.096 dnd.info is ACTIVE 
[02/03/26, 09:44:44:189] info: [DRAFTS] (T06AU05DL0L) No active drafts 
[02/03/26, 09:44:44:190] info: [DRAFTS] (T06AU05DL0L) Successfully fetched all active and inactive drafts ✨ 
[02/03/26, 09:44:44:193] info: [API-Q] (T06AU05DL0L) 2daffbe9-1770079484.193 workflows.triggers.list called with reason: automations_gallery 
[02/03/26, 09:44:44:193] info: [API-Q] (T06AU05DL0L) 2daffbe9-1770079484.193 workflows.triggers.list is ENQUEUED 
[02/03/26, 09:44:44:213] info: [QUIP] SystemJS Fork initialized 1770079484213-0.4225817928444153 
[02/03/26, 09:44:44:234] info: [BOOT-QUEUE] T08KF7TD5AN noversion-1770079484.002 api.features is RESOLVED 
[02/03/26, 09:44:44:245] info: [BOOT-QUEUE] T08KF7TD5AN noversion-1770079484.001 features.access.policies.list is RESOLVED 
[02/03/26, 09:44:44:295] info: [API-Q] (T06AU05DL0L) 2daffbe9-1770079483.966 users.prefs.get is RESOLVED 
[02/03/26, 09:44:44:296] info: [API-Q] (T06AU05DL0L) 2daffbe9-1770079484.096 dnd.teamInfo is ACTIVE 
[02/03/26, 09:44:44:309] info: [API-Q] (T06AU05DL0L) 2daffbe9-1770079483.966 users.prefs.get is RESOLVED 
[02/03/26, 09:44:44:310] info: [API-Q] (T06AU05DL0L) 2daffbe9-1770079484.097 team.targetingCriteria is ACTIVE 
[02/03/26, 09:44:44:336] info: [BOOT-QUEUE] T08KF7TD5AN noversion-1770079484.002 experiments.getByUser is RESOLVED 
[02/03/26, 09:44:44:337] info: [BOOT] Feature flag config version: 1770079479; Experiments config version: 1770079479 
[02/03/26, 09:44:44:337] info: [BOOT] Current earliest config version: 1770079479; All config versions: {"T06AU05DL0L":1770079479,"T08KF7TD5AN":1770079479} 
[02/03/26, 09:44:44:395] info: [Diagnostics] Adding window recorder 7913ce6aed8d42adad4569326 
[02/03/26, 09:44:44:439] info: [QUIP] (T06AU05DL0L) {"type":"set_current_user_id","timestamp_ms":1770079484437,"user_id":"WKX9EAbBw35"} 
[02/03/26, 09:44:44:441] warn: TRACER (T06AU05DL0L) (canvas:collab-init) was forced closed and marked with the _flush=true tag. 
[02/03/26, 09:44:44:441] warn: TRACER (T06AU05DL0L) (canvas:await-callback) was forced closed and marked with the _flush=true tag. 
[02/03/26, 09:44:44:481] info: [SOCKET-MANAGER] (T06AU05DL0L) Changing from prov_connecting to prov_connected 
[02/03/26, 09:44:44:481] info: [SOCKET-MANAGER] (T06AU05DL0L) will stay in prov_connected state for up to 60000 ms 
[02/03/26, 09:44:44:484] info: [SOCKET-MANAGER] (T06AU05DL0L) Changing from prov_connected to prov_finalize 
[02/03/26, 09:44:44:484] info: [SOCKET-MANAGER] (T06AU05DL0L) will stay in prov_finalize state for up to 10000 ms 
[02/03/26, 09:44:44:484] info: [SOCKET-MANAGER] (T06AU05DL0L) Changing from prov_finalize to prov_finalizing 
[02/03/26, 09:44:44:484] info: [SOCKET-MANAGER] (T06AU05DL0L) will stay in prov_finalizing state for up to 10000 ms 
[02/03/26, 09:44:44:484] info: [SOCKET-MANAGER] (T06AU05DL0L) Changing from prov_finalizing to connected 
[02/03/26, 09:44:44:485] info: [SOCKET-MANAGER] (T06AU05DL0L) will stay in connected state for up to Infinity ms 
[02/03/26, 09:44:44:485] info: [SOCKET-MANAGER] (T06AU05DL0L) Connected to primary region 
[02/03/26, 09:44:44:486] info: [GS_REQUEST] (T06AU05DL0L) connected and trouble free! Continuing deferred user_subscribe_request call 
[02/03/26, 09:44:44:487] info: [EVENTLOG] (T06AU05DL0L) fr=false, lc=false, lt=1769963654.000800 
[02/03/26, 09:44:44:487] info: [EVENTLOG] (T06AU05DL0L) fetching events since 1769963654.000800 (115831 seconds ago) 
[02/03/26, 09:44:44:488] info: [API-Q] (T06AU05DL0L) 2daffbe9-1770079484.487 ublockworkaround.history called with reason: onSocketConnected 
[02/03/26, 09:44:44:488] info: [API-Q] (T06AU05DL0L) 2daffbe9-1770079484.487 ublockworkaround.history is ENQUEUED 
[02/03/26, 09:44:44:488] info: [MESSAGE-HISTORY] (T06AU05DL0L) Resetting reachedEnd 
[02/03/26, 09:44:44:489] info: [API-Q] (T06AU05DL0L) 2daffbe9-1770079484.488 users.customStatus.list called with reason: fetchCustomStatusOnReconnect 
[02/03/26, 09:44:44:489] info: [API-Q] (T06AU05DL0L) 2daffbe9-1770079484.488 users.customStatus.list is ENQUEUED 
[02/03/26, 09:44:44:490] info: [UNREAD-COUNTS] (T06AU05DL0L) Fetching counts 
[02/03/26, 09:44:44:490] info: [API-Q] (T06AU05DL0L) 2daffbe9-1770079484.490 client.counts called with reason: fetchClientCountsOnConnect 
[02/03/26, 09:44:44:491] info: [API-Q] (T06AU05DL0L) 2daffbe9-1770079484.490 client.counts is ENQUEUED 
[02/03/26, 09:44:44:493] info: [API-Q] (T06AU05DL0L) 2daffbe9-1770079484.492 sfdc.integration.listOrgs called with reason: fetch-orgs-and-sign-in-silently-v2 
[02/03/26, 09:44:44:493] info: [API-Q] (T06AU05DL0L) 2daffbe9-1770079484.492 sfdc.integration.listOrgs is ENQUEUED 
[02/03/26, 09:44:44:493] info: [PRESENCE_PROMPT] (T06AU05DL0L) ignoring prompt due to presence (active) 
[02/03/26, 09:44:44:494] info: [API-Q] (T06AU05DL0L) 2daffbe9-1770079483.964 megaphone.notifications.list is RESOLVED 
[02/03/26, 09:44:44:495] info: [API-Q] (T06AU05DL0L) 2daffbe9-1770079484.487 ublockworkaround.history is ACTIVE 
[02/03/26, 09:44:44:495] info: [API-Q] (T06AU05DL0L) 2daffbe9-1770079483.967 users.priority.list is RESOLVED 
[02/03/26, 09:44:44:495] info: [API-Q] (T06AU05DL0L) 2daffbe9-1770079484.098 saved.list is ACTIVE 
[02/03/26, 09:44:44:497] info: [API-Q] (T06AU05DL0L) 2daffbe9-1770079483.965 teams.trials.info is RESOLVED 
[02/03/26, 09:44:44:497] info: [API-Q] (T06AU05DL0L) 2daffbe9-1770079484.098 users.channelSections.list is ACTIVE 
[02/03/26, 09:44:44:497] info: [API-Q] (T06AU05DL0L) 2daffbe9-1770079483.974 calendar.getInstalledCalendars is RESOLVED 
[02/03/26, 09:44:44:498] info: [API-Q] (T06AU05DL0L) 2daffbe9-1770079484.099 files.info is ACTIVE 
[02/03/26, 09:44:44:498] info: [API-Q] (T06AU05DL0L) noversion-1770079484.177 Flannel permissions/info is RESOLVED 
[02/03/26, 09:44:44:498] info: [API-Q] (T06AU05DL0L) 2daffbe9-1770079484.099 help.issues.ticketStats is ACTIVE 
[02/03/26, 09:44:44:499] info: [API-Q] (T06AU05DL0L) 2daffbe9-1770079484.096 dnd.info is RESOLVED 
[02/03/26, 09:44:44:499] info: [API-Q] (T06AU05DL0L) 2daffbe9-1770079484.100 conversations.listPrefs is ACTIVE 
[02/03/26, 09:44:44:500] info: [API-Q] (T06AU05DL0L) 2daffbe9-1770079483.964 megaphone.notifications.list is RESOLVED 
[02/03/26, 09:44:44:500] info: [API-Q] (T06AU05DL0L) 2daffbe9-1770079484.101 quip.lookupThreadIds is ACTIVE 
[02/03/26, 09:44:44:503] info: [API-Q] (T06AU05DL0L) noversion-1770079484.097 Flannel users/counts is RESOLVED 
[02/03/26, 09:44:44:503] info: [API-Q] (T06AU05DL0L) 2daffbe9-1770079484.177 slackAi.permissions.getForUser is ACTIVE 
[02/03/26, 09:44:44:516] info: [BOOT-QUEUE] T08KF7TD5AN noversion-1770079484.167 client.userBoot is RESOLVED 
[02/03/26, 09:44:44:517] info: [BOOT] (T08KF7TD5AN) Dispatching API data 
[02/03/26, 09:44:44:517] info: [BOOT] (T08KF7TD5AN) Dispatching boot data 
[02/03/26, 09:44:44:529] info: [EMOJI_TRANSLATION] Emoji translations not needed for default locale, only adding keywords 
[02/03/26, 09:44:44:529] info: [API-Q] (T08KF7TD5AN) 2daffbe9-1770079484.529 users.prefs.get called with reason: fetch-frecency-prefs 
[02/03/26, 09:44:44:530] info: [API-Q] (T08KF7TD5AN) 2daffbe9-1770079484.529 users.prefs.get is ENQUEUED 
[02/03/26, 09:44:44:530] info: [API-Q] (T08KF7TD5AN) 2daffbe9-1770079484.530 links.getDomains called with reason: siws-get-domains 
[02/03/26, 09:44:44:530] info: [API-Q] (T08KF7TD5AN) 2daffbe9-1770079484.530 links.getDomains is ENQUEUED 
[02/03/26, 09:44:44:531] info: [API-Q] (T08KF7TD5AN) 2daffbe9-1770079484.529 users.prefs.get is ACTIVE 
[02/03/26, 09:44:44:532] info: [BOOT] (T08KF7TD5AN) Dispatching initial api data for initial view 
[02/03/26, 09:44:44:533] info: [BOOT] (T08KF7TD5AN) processing mutation timestamps for C08KF7TD62W 
[02/03/26, 09:44:44:534] info: [PLATFORM-CHANNEL-ACTI] (T08KF7TD5AN) Not updating count for channel C08KF7TD62W, as count was already set to 0 
[02/03/26, 09:44:44:536] info: [NAVIGATION-MIDDLEWARE] Starting a new navigation middleware execution {"context":"client-boot","nextViewSet":{"sidebar":{"id":"ChannelList","viewType":"ChannelList"},"primary":{"id":"C08KF7TD62W","viewType":"Channel"}},"middlewareCount":8} 
[02/03/26, 09:44:44:536] info: [BOOT] (T08KF7TD5AN) Boot complete 
[02/03/26, 09:44:44:537] info: [DESKTOP-SIDE-EFFECT] (T08KF7TD5AN) Reacting to  {"type":"[21] Set a value that represents whether we are currently in the boot phase","payload":false,"error":false} 
[02/03/26, 09:44:44:538] info: [SOCKET-MANAGER] (T08KF7TD5AN) Changing from never_connected to prov_connect 
[02/03/26, 09:44:44:538] info: [SOCKET-MANAGER] (T08KF7TD5AN) will stay in prov_connect state for up to 10000 ms 
[02/03/26, 09:44:44:539] info: [SOCKET-MANAGER] (T08KF7TD5AN) Connecting with token ending: 41fc 
[02/03/26, 09:44:44:539] info: [SOCKET-MANAGER] (T08KF7TD5AN) Changing from prov_connect to prov_connecting 
[02/03/26, 09:44:44:539] info: [SOCKET-MANAGER] (T08KF7TD5AN) will stay in prov_connecting state for up to 35000 ms 
[02/03/26, 09:44:44:539] info: [ENDPOINT-MANAGER] (T08KF7TD5AN) No stale versions to clear. 
[02/03/26, 09:44:44:539] info: [SOCKET-MANAGER-MIDDLE] (T08KF7TD5AN) Initialized Socket Manager instance 
[02/03/26, 09:44:44:539] info: [NAVIGATION-MIDDLEWARE] Async action execution is complete for a view {"nextView":{"id":"ChannelList","viewType":"ChannelList"},"results":[["EnsureChannelHasParentTabMiddleware",false],["EnsureMessagesTabHasTabIdMiddleware",false],["RedirectFileChannel",false],["RedirectChannelCanvasToCanvas",false],["AttemptToSetSolutionsGalleryPref",false],["EnsureAppViewType",false],["CanvasSetScrollParam",false],["EnsureActivityInboxMiddleware",false]],"shouldTerminateNavigation":false,"executionTime":3.199999999254942} 
[02/03/26, 09:44:44:540] info: [NAVIGATION-MIDDLEWARE] Finish middleware execution for sidebar container {"maybeTransformedViewSet":{"sidebar":{"id":"ChannelList","viewType":"ChannelList"},"primary":{"id":"C08KF7TD62W","viewType":"Channel"}},"terminateNavigation":false,"isViewTransformed":false,"iterationCount":0,"executionTime":4.100000001490116} 
[02/03/26, 09:44:44:549] info: [EMOJI_TRANSLATION] Emoji translations not needed for default locale, only adding keywords 
[02/03/26, 09:44:44:550] info: [NAVIGATION-MIDDLEWARE] Async action execution is complete for a view {"nextView":{"id":"C08KF7TD62W","viewType":"Channel"},"results":[["EnsureChannelHasParentTabMiddleware",false],["EnsureMessagesTabHasTabIdMiddleware",false],["RedirectFileChannel",false],["RedirectChannelCanvasToCanvas",false],["AttemptToSetSolutionsGalleryPref",false],["EnsureAppViewType",false],["CanvasSetScrollParam",false],["EnsureActivityInboxMiddleware",false]],"shouldTerminateNavigation":false,"executionTime":9.700000002980232} 
[02/03/26, 09:44:44:550] info: [NAVIGATION-MIDDLEWARE] Finish middleware execution for primary container {"maybeTransformedViewSet":{"sidebar":{"id":"ChannelList","viewType":"ChannelList"},"primary":{"id":"C08KF7TD62W","viewType":"Channel"}},"terminateNavigation":false,"isViewTransformed":false,"iterationCount":0,"executionTime":10} 
[02/03/26, 09:44:44:550] info: [NAVIGATION-MIDDLEWARE] Navigation middleware execution is complete {"maybeUpdatedViewSet":{"sidebar":{"id":"ChannelList","viewType":"ChannelList"},"primary":{"id":"C08KF7TD62W","viewType":"Channel"}},"terminateNavigation":false,"executionTime":14.400000002235174} 
[02/03/26, 09:44:44:551] info: [BOOT] Fetching client.extras {"extras":["salesforce_features","plan_info"]} 
[02/03/26, 09:44:44:551] info: [API-Q] (T08KF7TD5AN) 2daffbe9-1770079484.551 client.extras called with reason: fetch-client-extras 
[02/03/26, 09:44:44:551] info: [API-Q] (T08KF7TD5AN) 2daffbe9-1770079484.551 client.extras is ENQUEUED 
[02/03/26, 09:44:44:552] info: [API-Q] (T08KF7TD5AN) 2daffbe9-1770079484.551 drafts.list called with reason: client-v2-boot-team 
[02/03/26, 09:44:44:552] info: [API-Q] (T08KF7TD5AN) 2daffbe9-1770079484.551 drafts.list is ENQUEUED 
[02/03/26, 09:44:44:552] info: [DRAFTS] (T08KF7TD5AN) No local drafts - skipping fetch to purge inactive drafts 
[02/03/26, 09:44:44:554] info: [EMOJI_TRANSLATION] Emoji translations not needed for default locale, only adding keywords 
[02/03/26, 09:44:44:554] info: [API-Q] (T08KF7TD5AN) 2daffbe9-1770079484.554 workflows.triggers.listRecentlyRunForUser called with reason: fetch_and_upsert_recently_run_triggers 
[02/03/26, 09:44:44:554] info: [API-Q] (T08KF7TD5AN) 2daffbe9-1770079484.554 workflows.triggers.listRecentlyRunForUser is ENQUEUED 
[02/03/26, 09:44:44:554] info: [API-Q] (T08KF7TD5AN) 2daffbe9-1770079484.554 functions.workflows.list called with reason: automations_gallery 
[02/03/26, 09:44:44:555] info: [API-Q] (T08KF7TD5AN) 2daffbe9-1770079484.554 functions.workflows.list is ENQUEUED 
[02/03/26, 09:44:44:555] info: [API-Q] (T08KF7TD5AN) 2daffbe9-1770079484.555 teams.trials.info called with reason: client-v2-boot-team 
[02/03/26, 09:44:44:555] info: [API-Q] (T08KF7TD5AN) 2daffbe9-1770079484.555 teams.trials.info is ENQUEUED 
[02/03/26, 09:44:44:555] info: [API-Q] (T08KF7TD5AN) 2daffbe9-1770079484.555 users.prefs.get called with reason: fetch-user-expectation-last-triggered-pref 
[02/03/26, 09:44:44:555] info: [API-Q] (T08KF7TD5AN) 2daffbe9-1770079484.555 users.prefs.get is ENQUEUED 
[02/03/26, 09:44:44:556] info: [API-Q] (T08KF7TD5AN) 2daffbe9-1770079484.555 users.priority.list called with reason: fetch-priority-users-on-boot-render 
[02/03/26, 09:44:44:556] info: [API-Q] (T08KF7TD5AN) 2daffbe9-1770079484.555 users.priority.list is ENQUEUED 
[02/03/26, 09:44:44:557] info: [API-Q] (T08KF7TD5AN) 2daffbe9-1770079484.556 aiApps.list called with reason: fetch-deferred-messaging-client-data 
[02/03/26, 09:44:44:557] info: [API-Q] (T08KF7TD5AN) 2daffbe9-1770079484.556 aiApps.list is ENQUEUED 
[02/03/26, 09:44:44:557] info: [API-Q] (T08KF7TD5AN) 2daffbe9-1770079484.557 calendar.getInstalledCalendars called with reason: calendar-get-installed-calendars 
[02/03/26, 09:44:44:557] info: [API-Q] (T08KF7TD5AN) 2daffbe9-1770079484.557 calendar.getInstalledCalendars is ENQUEUED 
[02/03/26, 09:44:44:560] info: [NAVIGATE-LISTENERS] (T08KF7TD5AN) Starting navigation listeners for triggerType CLIENT_MOUNT 
[02/03/26, 09:44:44:562] info: [NAVIGATE-LISTENERS] (T08KF7TD5AN) Navigation listeners complete without errors 
[02/03/26, 09:44:44:562] info: [MIN-VERSION] Starting client min-version poll. 
[02/03/26, 09:44:44:565] info: [PERSIST] Purging persisted models, except for the following teamIds ["T06AU05DL0L","T08KF7TD5AN"] 
[02/03/26, 09:44:44:584] info: [HISTORY-FETCH] (T06AU05DL0L) Fetching history for message pane: C06ARGB5GCS oldest: 1768874893.393679 latest: null 
[02/03/26, 09:44:44:584] info: [API-Q] (T06AU05DL0L) 2daffbe9-1770079484.584 conversations.history called with reason: message-pane/requestHistory 
[02/03/26, 09:44:44:584] info: [API-Q] (T06AU05DL0L) 2daffbe9-1770079484.584 conversations.history is ENQUEUED 
[02/03/26, 09:44:44:585] info: [CHECK-UNREADS] (T06AU05DL0L) unreadLineVisible updated in main window container primary: true -> false 
[02/03/26, 09:44:44:587] info: [CHECK-UNREADS] (T06AU05DL0L) Checking unreads after workspace became focused 
[02/03/26, 09:44:44:587] info: [CHECK-UNREADS] (T06AU05DL0L) Not marking C06ARGB5GCS because last_read >= latest && channel is read 
[02/03/26, 09:44:44:590] info: [API-Q] (T06AU05DL0L) 2daffbe9-1770079484.096 dnd.teamInfo is RESOLVED 
[02/03/26, 09:44:44:590] info: [API-Q] (T06AU05DL0L) 2daffbe9-1770079484.193 workflows.triggers.list is ACTIVE 
[02/03/26, 09:44:44:598] info: [API-Q] (T06AU05DL0L) 2daffbe9-1770079484.598 calendar.user.info called with reason: calendar-get-user-info 
[02/03/26, 09:44:44:598] info: [API-Q] (T06AU05DL0L) 2daffbe9-1770079484.598 calendar.user.info is ENQUEUED 
[02/03/26, 09:44:44:598] info: [DND] (T06AU05DL0L) Fetched DND info for the following member: U07N70LR48G 
[02/03/26, 09:44:44:600] info: [DND_V2] (T06AU05DL0L) Not setting a timer as all schedules are stale 
[02/03/26, 09:44:44:617] info: [GS_REQUEST] (T08KF7TD5AN) received a user_subscribe_request call while we are not connected; deferring 
[02/03/26, 09:44:44:617] info: [API-Q] (T08KF7TD5AN) noversion-1770079484.617 Flannel users/info called with reason: flannel-call:users/info 
[02/03/26, 09:44:44:617] info: [API-Q] (T08KF7TD5AN) noversion-1770079484.617 Flannel users/info is ENQUEUED 
[02/03/26, 09:44:44:618] info: [API-Q] (T06AU05DL0L) 2daffbe9-1770079484.097 team.targetingCriteria is RESOLVED 
[02/03/26, 09:44:44:619] info: [API-Q] (T06AU05DL0L) 2daffbe9-1770079484.488 users.customStatus.list is ACTIVE 
[02/03/26, 09:44:44:619] info: Store: STORE_USER_WORKSPACES {
  "userTeamId": "T08KF7TD5AN",
  "workspaceIds": [
    "T08KF7TD5AN"
  ]
} 
[02/03/26, 09:44:44:619] info: [UFM-PERMISSIONS] (T08KF7TD5AN) requesting READ_AUDIT_LOGS,ARCHIVE_CHANNEL,CONVERT_MPDM_TO_PRIVATE,CREATE_PRIVATE_CHANNEL,CREATE_PUBLIC_CHANNEL,EDIT_CHANNEL_WORKSPACES,CAN_AT_CHANNEL,VIEW_OVERVIEW_ANALYTICS,VIEW_WORKSPACE_ANALYTICS,VIEW_MEMBER_ANALYTICS,VIEW_ORG_WIDE_CHANNEL_ANALYTICS,VIEW_HUDDLE_ANALYTICS,VIEW_CLIP_ANALYTICS,VIEW_APP_ANALYTICS,VIEW_CHANNEL_ANALYTICS,VIEW_AI_ANALYTICS,VIEW_CANVAS_ANALYTICS,VIEW_WORKFLOW_ANALYTICS,VIEW_LIST_ANALYTICS,VIEW_TOP_LEVEL_WORKFLOWS,ADD_COLLABORATOR_TO_ANY_WORKFLOW,UNPUBLISH_ANY_WORKFLOW,CREATE_WORKFLOWS,CREATE_CANVAS_TEMPLATES,PUBLISH_CANVAS_ORG_TEMPLATES,MANAGE_SALES_HOME,MANAGE_SALES_HOME_DATA_SOURCE,ADD_CUSTOM_EMOJI,DELETE_CUSTOM_EMOJI,EDIT_SLACKBOT_RESPONSES,UPDATE_NAME,UPDATE_DISPLAY_NAME,EDIT_PROFILE_PHOTO,ACCEPT_SLACK_CONNECT_INVITES,MANAGE_SLACK_CONNECT,CREATE_SLACK_CONNECT_DM,VIEW_APP_REQUESTS,MANAGE_AAA_AUTOMATION_RULES,MANAGE_SCOPE_RATINGS,VIEW_INSTALLED_APPS,MANAGE_ORG_LEVEL_APP_APPROVAL,VIEW_APPROVED_APPS,VIEW_RESTRICTED_APPS,ADD_ORG_APPS_TO_WORKSPACES,REMOVE_ORG_APPS_FROM_WORKSPACES,VIEW_DEPRECATIONS,MANAGE_WORKFLOW_CONNECTORS,MANAGE_WORKFLOW_TRIGGERS,CREATE_SOLUTION_TEMPLATE,PUBLISH_SOLUTION_TEMPLATE,MANAGE_SOLUTION_TEMPLATE,CREATE_LIST_TEMPLATE,CREATE_USER_GROUPS,EDIT_USER_GROUPS,DELETE_USER_GROUPS,ACCESS_SLACK_AI_CHANNEL_THREAD_SUMMARIES,ACCESS_SLACK_AI_ACTION_ITEMS,ACCESS_SLACK_AI_DETAILED_FEEDBACK,ACCESS_SLACK_AI_FILE_SUMMARIES,ACCESS_SLACK_AI_HUDDLE_SUMMARIES,ACCESS_SLACK_AI_RECAP,ACCESS_SLACK_AI_SEARCH,ACCESS_SLACK_AI_STEPS_IN_WORKFLOW,ACCESS_SLACK_AI_TRANSLATIONS,ACCESS_SLACK_AI_WORKFLOW_BUILDER,ACCESS_SLACK_AI_RECORD_CHANNEL_DIGEST,ACCESS_SLACK_AI_DEVELOPMENT,ACCESS_SLACK_AI_EXPLAIN,ACCESS_SLACK_AI_CANVAS,ACCESS_SLACK_AI_SLACKBOT,ACCESS_SLACK_AI_FILTERS,ACCESS_SLACK_AI_SALESFORCE_CSV_MAPPER,ACCESS_SLACK_AI_SUGGESTED_SECTIONS,ACCESS_ENTERPRISE_SEARCH,CAN_MANAGE_XWS_CHANNELS (1) 
[02/03/26, 09:44:44:620] info: [API-Q] (T08KF7TD5AN) 2daffbe9-1770079484.619 slackAi.permissions.getForUser called with reason: fetch-slack-ai-permissions 
[02/03/26, 09:44:44:620] info: [API-Q] (T08KF7TD5AN) 2daffbe9-1770079484.619 slackAi.permissions.getForUser is ENQUEUED 
[02/03/26, 09:44:44:621] info: [API-Q] (T08KF7TD5AN) noversion-1770079484.620 Flannel permissions/info called with reason: flannel-call:permissions/info 
[02/03/26, 09:44:44:621] info: [API-Q] (T08KF7TD5AN) noversion-1770079484.620 Flannel permissions/info is ENQUEUED 
[02/03/26, 09:44:44:622] info: [OBJECT-STORE] attempting to delete shards [] 
[02/03/26, 09:44:44:646] info: [MESSAGE-LIST] (T06AU05DL0L) componentWillReceiveProps isLoading: true isLoadingOlder: false timestamps: 28 
[02/03/26, 09:44:44:667] info: [DND] (T06AU05DL0L) Fetched DND info for the following members: U06AB0DEHV5 
[02/03/26, 09:44:44:667] info: [DND_V2] (T06AU05DL0L) Not setting a timer as all schedules are stale 
[02/03/26, 09:44:44:670] info: [API-Q] (T06AU05DL0L) noversion-1770079484.670 Flannel users/info called with reason: flannel-call:users/info 
[02/03/26, 09:44:44:671] info: [API-Q] (T06AU05DL0L) noversion-1770079484.670 Flannel users/info is ENQUEUED 
[02/03/26, 09:44:44:671] info: Store: SELECTION_CHANGED T06AU05DL0L 
[02/03/26, 09:44:44:671] info: [PERSIST] Purged persisted models [] 
[02/03/26, 09:44:44:673] info: [BOOT] Client boot completed 
[02/03/26, 09:44:44:678] info: [SIGNAL-TO-DESKTOP] (T06AU05DL0L) Attempted boot for all workspaces, signaling desktop 
[02/03/26, 09:44:44:687] info: [RTM-EVENT-METRICS] Metrics collection sampling has been reset. 
[02/03/26, 09:44:44:687] warn: SERVICE-WORKER Found existing value for https://slack.com/fake-url-for-service-worker-item-storage/locales; Will overwrite value. 
[02/03/26, 09:44:44:687] info: [SERVICE-WORKER] Writing (["en-US"]) to Service Worker with key https://slack.com/fake-url-for-service-worker-item-storage/locales. 
[02/03/26, 09:44:44:698] info: Store: SYNC Synced 2 workspaces with IDs [T06AU05DL0L,T08KF7TD5AN] 
[02/03/26, 09:44:44:828] info: [API-Q] (T06AU05DL0L) 2daffbe9-1770079484.099 help.issues.ticketStats is RESOLVED 
[02/03/26, 09:44:44:828] info: [API-Q] (T06AU05DL0L) noversion-1770079484.670 Flannel users/info is ACTIVE 
[02/03/26, 09:44:44:828] info: Store: UPSERT_WEB_CONTENTS {
  "id": 1,
  "state": "webapp-loaded"
} 
[02/03/26, 09:44:44:829] info: Store: RECORD_PERFORMANCE_TIMING {
  "phase": 3,
  "interval": 7269
} 
[02/03/26, 09:44:44:829] info: Store: UPSERT_WEB_CONTENTS {
  "id": 1,
  "state": "webapp-loaded"
} 
[02/03/26, 09:44:44:829] info: [API-Q] (T06AU05DL0L) 2daffbe9-1770079484.098 users.channelSections.list is RESOLVED 
[02/03/26, 09:44:44:830] info: [API-Q] (T06AU05DL0L) 2daffbe9-1770079484.490 client.counts is ACTIVE 
[02/03/26, 09:44:44:831] info: [API-Q] (T06AU05DL0L) 2daffbe9-1770079484.487 ublockworkaround.history is RESOLVED 
[02/03/26, 09:44:44:831] info: [API-Q] (T06AU05DL0L) 2daffbe9-1770079484.492 sfdc.integration.listOrgs is ACTIVE 
[02/03/26, 09:44:44:832] info: [API-Q] (T06AU05DL0L) 2daffbe9-1770079484.098 saved.list is RESOLVED 
[02/03/26, 09:44:44:832] info: [API-Q] (T06AU05DL0L) 2daffbe9-1770079484.584 conversations.history is ACTIVE 
[02/03/26, 09:44:44:832] info: [API-Q] (T06AU05DL0L) 2daffbe9-1770079484.101 quip.lookupThreadIds is RESOLVED 
[02/03/26, 09:44:44:832] info: [API-Q] (T06AU05DL0L) 2daffbe9-1770079484.598 calendar.user.info is ACTIVE 
[02/03/26, 09:44:44:833] info: [API-Q] (T06AU05DL0L) 2daffbe9-1770079484.099 files.info is RESOLVED 
[02/03/26, 09:44:44:833] info: [API-Q] (T06AU05DL0L) 2daffbe9-1770079484.100 conversations.listPrefs is RESOLVED 
[02/03/26, 09:44:44:834] info: [API-Q] (T06AU05DL0L) 2daffbe9-1770079484.193 workflows.triggers.list is RESOLVED 
[02/03/26, 09:44:44:835] info: [API-Q] (T08KF7TD5AN) 2daffbe9-1770079484.529 users.prefs.get is RESOLVED 
[02/03/26, 09:44:44:835] info: [API-Q] (T08KF7TD5AN) noversion-1770079484.620 Flannel permissions/info is ACTIVE 
[02/03/26, 09:44:44:841] info: [API-Q] (T06AU05DL0L) 2daffbe9-1770079484.488 users.customStatus.list is RESOLVED 
[02/03/26, 09:44:44:844] info: [EVENTLOG] (T06AU05DL0L) nothing to process 
[02/03/26, 09:44:44:844] info: [EVENTLOG] (T06AU05DL0L) fetched finish (aborted? false) 
[02/03/26, 09:44:44:844] info: [EVENTLOG] (T06AU05DL0L) dispatching signal and clearing timestamp 
[02/03/26, 09:44:44:845] info: [SERVICE-WORKER] registration success {} 
[02/03/26, 09:44:44:845] info: [SERVICE-WORKER-STATE] initial activated 
[02/03/26, 09:44:44:850] info: [CRDT] Automerge loaded. 
[02/03/26, 09:44:44:871] info: [API-Q] (T06AU05DL0L) noversion-1770079484.670 Flannel users/info is RESOLVED 
[02/03/26, 09:44:44:898] info: [API-Q] (T06AU05DL0L) noversion-1770079484.898 Flannel channels/membership called with reason: flannel-call:channels/membership 
[02/03/26, 09:44:44:898] info: [API-Q] (T06AU05DL0L) noversion-1770079484.898 Flannel channels/membership is ENQUEUED 
[02/03/26, 09:44:44:899] info: [API-Q] (T06AU05DL0L) noversion-1770079484.898 Flannel channels/membership is ACTIVE 
[02/03/26, 09:44:44:899] info: [API-Q] (T06AU05DL0L) 2daffbe9-1770079484.177 slackAi.permissions.getForUser is RESOLVED 
[02/03/26, 09:44:44:922] info: [UFM-PERMISSIONS] (T06AU05DL0L) received READ_AUDIT_LOGS,ARCHIVE_CHANNEL,CONVERT_MPDM_TO_PRIVATE,CREATE_PRIVATE_CHANNEL,CREATE_PUBLIC_CHANNEL,EDIT_CHANNEL_WORKSPACES,CAN_AT_CHANNEL,VIEW_OVERVIEW_ANALYTICS,VIEW_WORKSPACE_ANALYTICS,VIEW_MEMBER_ANALYTICS,VIEW_ORG_WIDE_CHANNEL_ANALYTICS,VIEW_HUDDLE_ANALYTICS,VIEW_CLIP_ANALYTICS,VIEW_APP_ANALYTICS,VIEW_CHANNEL_ANALYTICS,VIEW_AI_ANALYTICS,VIEW_CANVAS_ANALYTICS,VIEW_WORKFLOW_ANALYTICS,VIEW_LIST_ANALYTICS,VIEW_TOP_LEVEL_WORKFLOWS,ADD_COLLABORATOR_TO_ANY_WORKFLOW,UNPUBLISH_ANY_WORKFLOW,CREATE_WORKFLOWS,CREATE_CANVAS_TEMPLATES,PUBLISH_CANVAS_ORG_TEMPLATES,MANAGE_SALES_HOME,MANAGE_SALES_HOME_DATA_SOURCE,ADD_CUSTOM_EMOJI,DELETE_CUSTOM_EMOJI,EDIT_SLACKBOT_RESPONSES,UPDATE_NAME,UPDATE_DISPLAY_NAME,EDIT_PROFILE_PHOTO,ACCEPT_SLACK_CONNECT_INVITES,MANAGE_SLACK_CONNECT,CREATE_SLACK_CONNECT_DM,VIEW_APP_REQUESTS,MANAGE_AAA_AUTOMATION_RULES,MANAGE_SCOPE_RATINGS,VIEW_INSTALLED_APPS,MANAGE_ORG_LEVEL_APP_APPROVAL,VIEW_APPROVED_APPS,VIEW_RESTRICTED_APPS,ADD_ORG_APPS_TO_WORKSPACES,REMOVE_ORG_APPS_FROM_WORKSPACES,VIEW_DEPRECATIONS,MANAGE_WORKFLOW_CONNECTORS,MANAGE_WORKFLOW_TRIGGERS,CREATE_SOLUTION_TEMPLATE,PUBLISH_SOLUTION_TEMPLATE,MANAGE_SOLUTION_TEMPLATE,CREATE_LIST_TEMPLATE,CREATE_USER_GROUPS,EDIT_USER_GROUPS,DELETE_USER_GROUPS,ACCESS_SLACK_AI_CHANNEL_THREAD_SUMMARIES,ACCESS_SLACK_AI_ACTION_ITEMS,ACCESS_SLACK_AI_DETAILED_FEEDBACK,ACCESS_SLACK_AI_FILE_SUMMARIES,ACCESS_SLACK_AI_HUDDLE_SUMMARIES,ACCESS_SLACK_AI_RECAP,ACCESS_SLACK_AI_SEARCH,ACCESS_SLACK_AI_STEPS_IN_WORKFLOW,ACCESS_SLACK_AI_WORKFLOW_BUILDER,ACCESS_SLACK_AI_SLACKBOT,ACCESS_SLACK_AI_FILTERS,ACCESS_SLACK_AI_SALESFORCE_CSV_MAPPER,ACCESS_SLACK_AI_SUGGESTED_SECTIONS,ACCESS_ENTERPRISE_SEARCH,CAN_MANAGE_XWS_CHANNELS (1) 
[02/03/26, 09:44:44:945] info: [API-Q] (T06AU05DL0L) noversion-1770079484.898 Flannel channels/membership is RESOLVED 
[02/03/26, 09:44:45:007] info: [SOCKET-MANAGER] (T08KF7TD5AN) Changing from prov_connecting to prov_connected 
[02/03/26, 09:44:45:007] info: [SOCKET-MANAGER] (T08KF7TD5AN) will stay in prov_connected state for up to 60000 ms 
[02/03/26, 09:44:45:009] info: [SOCKET-MANAGER] (T08KF7TD5AN) Changing from prov_connected to prov_finalize 
[02/03/26, 09:44:45:009] info: [SOCKET-MANAGER] (T08KF7TD5AN) will stay in prov_finalize state for up to 10000 ms 
[02/03/26, 09:44:45:009] info: [SOCKET-MANAGER] (T08KF7TD5AN) Changing from prov_finalize to prov_finalizing 
[02/03/26, 09:44:45:009] info: [SOCKET-MANAGER] (T08KF7TD5AN) will stay in prov_finalizing state for up to 10000 ms 
[02/03/26, 09:44:45:009] info: [SOCKET-MANAGER] (T08KF7TD5AN) Changing from prov_finalizing to connected 
[02/03/26, 09:44:45:009] info: [SOCKET-MANAGER] (T08KF7TD5AN) will stay in connected state for up to Infinity ms 
[02/03/26, 09:44:45:009] info: [SOCKET-MANAGER] (T08KF7TD5AN) Connected to primary region 
[02/03/26, 09:44:45:010] info: [GS_REQUEST] (T08KF7TD5AN) connected and trouble free! Continuing deferred user_subscribe_request call 
[02/03/26, 09:44:45:011] info: [EVENTLOG] (T08KF7TD5AN) fr=false, lc=false, lt=1769963647.000600 
[02/03/26, 09:44:45:011] info: [EVENTLOG] (T08KF7TD5AN) fetching events since 1769963647.000600 (115839 seconds ago) 
[02/03/26, 09:44:45:011] info: [API-Q] (T08KF7TD5AN) 2daffbe9-1770079485.010 ublockworkaround.history called with reason: onSocketConnected 
[02/03/26, 09:44:45:011] info: [API-Q] (T08KF7TD5AN) 2daffbe9-1770079485.010 ublockworkaround.history is ENQUEUED 
[02/03/26, 09:44:45:011] info: [MESSAGE-HISTORY] (T08KF7TD5AN) Resetting reachedEnd 
[02/03/26, 09:44:45:012] info: [API-Q] (T08KF7TD5AN) 2daffbe9-1770079485.011 users.customStatus.list called with reason: fetchCustomStatusOnReconnect 
[02/03/26, 09:44:45:012] info: [API-Q] (T08KF7TD5AN) 2daffbe9-1770079485.011 users.customStatus.list is ENQUEUED 
[02/03/26, 09:44:45:012] info: [UNREAD-COUNTS] (T08KF7TD5AN) Fetching counts 
[02/03/26, 09:44:45:012] info: [API-Q] (T08KF7TD5AN) 2daffbe9-1770079485.012 client.counts called with reason: fetchClientCountsOnConnect 
[02/03/26, 09:44:45:012] info: [API-Q] (T08KF7TD5AN) 2daffbe9-1770079485.012 client.counts is ENQUEUED 
[02/03/26, 09:44:45:013] info: [API-Q] (T08KF7TD5AN) 2daffbe9-1770079485.012 sfdc.integration.listOrgs called with reason: fetch-orgs-and-sign-in-silently-v2 
[02/03/26, 09:44:45:013] info: [API-Q] (T08KF7TD5AN) 2daffbe9-1770079485.012 sfdc.integration.listOrgs is ENQUEUED 
[02/03/26, 09:44:45:013] info: [PRESENCE_PROMPT] (T08KF7TD5AN) ignoring prompt due to presence (active) 
[02/03/26, 09:44:45:035] info: [PERSIST] (T06AU05DL0L) Successfully persisted state 
[02/03/26, 09:44:45:036] info: [API-Q] (T06AU05DL0L) 2daffbe9-1770079484.492 sfdc.integration.listOrgs is RESOLVED 
[02/03/26, 09:44:45:037] info: [API-Q] (T06AU05DL0L) 2daffbe9-1770079484.598 calendar.user.info is RESOLVED 
[02/03/26, 09:44:45:041] info: [API-Q] (T08KF7TD5AN) noversion-1770079484.620 Flannel permissions/info is RESOLVED 
[02/03/26, 09:44:45:041] info: [API-Q] (T08KF7TD5AN) 2daffbe9-1770079485.010 ublockworkaround.history is ACTIVE 
[02/03/26, 09:44:45:046] info: [API-Q] (T06AU05DL0L) 2daffbe9-1770079484.490 client.counts is RESOLVED 
[02/03/26, 09:44:45:048] info: [COUNTS] (T06AU05DL0L) Applying counts to channels. wasLastConnectFast: false isConnected: true applying: 28 out of total: 28 
[02/03/26, 09:44:45:050] info: [COUNTS] (T06AU05DL0L) Threads has_unreads:false mention_count:0 
[02/03/26, 09:44:45:050] info: [DESKTOP-MIDDLEWARE] (T06AU05DL0L) Forwarding redux payload to desktop ["unreads"] 
[02/03/26, 09:44:45:052] info: [COUNTS] (T06AU05DL0L) Completed counts processing 
[02/03/26, 09:44:45:082] info: [COUNTS] (T06AU05DL0L) dmsBadgeCount: 1 
[02/03/26, 09:44:45:082] info: [COUNTS] (T06AU05DL0L) activityBadgeCount: 0 
[02/03/26, 09:44:45:085] info: Store: REDUX_UPDATE_FROM_WEBAPP (T06AU05DL0L) Changed keys [unreads] 
[02/03/26, 09:44:45:097] info: [API-Q] (T06AU05DL0L) 2daffbe9-1770079484.584 conversations.history is RESOLVED 
[02/03/26, 09:44:45:097] info: [PERSIST] (T08KF7TD5AN) Successfully persisted state 
[02/03/26, 09:44:45:104] info: [PLATFORM-CHANNEL-ACTI] (T06AU05DL0L) Not updating count for channel C06ARGB5GCS, as count was already set to 0 
[02/03/26, 09:44:45:105] info: [CHECK-UNREADS] (T06AU05DL0L) Not marking C06ARGB5GCS because last_read >= latest && channel is read 
[02/03/26, 09:44:45:116] info: [MESSAGE-LIST] (T06AU05DL0L) componentWillReceiveProps isLoading: false isLoadingOlder: false timestamps: 28 
[02/03/26, 09:44:45:128] info: [CHECK-UNREADS] (T06AU05DL0L) unreadLineVisible updated in main window container primary: false -> true 
[02/03/26, 09:44:45:336] info: [API-Q] (T08KF7TD5AN) 2daffbe9-1770079485.010 ublockworkaround.history is RESOLVED 
[02/03/26, 09:44:45:337] info: [API-Q] (T08KF7TD5AN) noversion-1770079484.617 Flannel users/info is ACTIVE 
[02/03/26, 09:44:45:337] info: [EVENTLOG] (T08KF7TD5AN) nothing to process 
[02/03/26, 09:44:45:337] info: [EVENTLOG] (T08KF7TD5AN) fetched finish (aborted? false) 
[02/03/26, 09:44:45:337] info: [EVENTLOG] (T08KF7TD5AN) dispatching signal and clearing timestamp 
[02/03/26, 09:44:45:483] info: [CHECK-UNREADS] (T06AU05DL0L) Checking unreads after unread line became visible 
[02/03/26, 09:44:45:483] info: [CHECK-UNREADS] (T06AU05DL0L) Not marking C06ARGB5GCS because last_read >= latest && channel is read 
[02/03/26, 09:44:45:535] info: [NAVIGATE-IN-MAIN-WIND] Starting a new navigation event {"id":"D07MJ421FB5","viewType":"Channel","options":{}} 
[02/03/26, 09:44:45:540] info: [APPLY-DETAIL-VIEW] ViewSet with detail view applied {"viewSet":{"primary":{"id":"D07MJ421FB5","viewType":"Channel","uiState":{"preventMoveFocus":false}}}} 
[02/03/26, 09:44:45:541] info: [APPLY-DETAIL-VIEW] ViewSet with channel canvas applied {"viewSet":{"primary":{"id":"D07MJ421FB5","viewType":"Channel","uiState":{"preventMoveFocus":false}}}} 
[02/03/26, 09:44:45:541] info: [NAVIGATE-IN-MAIN-WIND] Applying changes to the primary container {"viewSet":{"sidebar":{"id":"ChannelList","viewType":"ChannelList"},"primary":{"id":"D07MJ421FB5","viewType":"Channel","uiState":{"preventMoveFocus":false}}},"nextTab":"home"} 
[02/03/26, 09:44:45:541] info: [NAVIGATION-MIDDLEWARE] Starting a new navigation middleware execution {"context":"navigation","nextViewSet":{"sidebar":{"id":"ChannelList","viewType":"ChannelList"},"primary":{"id":"D07MJ421FB5","viewType":"Channel","uiState":{"preventMoveFocus":false}}},"middlewareCount":22,"nextTab":"home"} 
[02/03/26, 09:44:45:543] info: [NAVIGATION-MIDDLEWARE] Async action execution is complete for a view {"nextView":{"id":"ChannelList","viewType":"ChannelList"},"results":[["UserIdToDMIdMiddleware",false],["AttemptToStopEditingInChannel",false],["AttemptToStopEditingSalesforceForm",false],["PreventVideoRecorderModalClose",false],["OpenConversationWithIds",false],["EnsureChannel",false],["EnsureAppViewType",false],["RedirectFileChannel",false],["RedirectChannelCanvasToCanvas",false],["RedirectLegacyFileBrowsersToUnified",false],["RedirectFileChannel",false],["SyncSearchTab",false],["RedirectHuddleRecordChannel",false],["EnsureCannedCanvasTemplates",false],["EnsureChannelHasParentTabMiddleware",false],["EnsureMessagesTabHasTabIdMiddleware",false],["TriggerMegaphoneGalleryFlow",false],["MaybeCloseSecondaryViewAfterSplit",false],["CanvasSetScrollParam",false],["RedirectSlackbotHistory",false],["RedirectSlackbotBadge",false],["EnsureActivityInboxMiddleware",false]],"shouldTerminateNavigation":false,"executionTime":1.5,"nextTab":"home"} 
[02/03/26, 09:44:45:544] info: [NAVIGATION-MIDDLEWARE] Finish middleware execution for sidebar container {"maybeTransformedViewSet":{"sidebar":{"id":"ChannelList","viewType":"ChannelList"},"primary":{"id":"D07MJ421FB5","viewType":"Channel","uiState":{"preventMoveFocus":false}}},"terminateNavigation":false,"isViewTransformed":false,"iterationCount":0,"executionTime":2.699999999254942} 
[02/03/26, 09:44:45:545] info: [NAVIGATION-MIDDLEWARE] Async action execution is complete for a view {"nextView":{"id":"D07MJ421FB5","viewType":"Channel","uiState":{"preventMoveFocus":false}},"results":[["UserIdToDMIdMiddleware",false],["AttemptToStopEditingInChannel",false],["AttemptToStopEditingSalesforceForm",false],["PreventVideoRecorderModalClose",false],["OpenConversationWithIds",false],["EnsureChannel",false],["EnsureAppViewType",false],["RedirectFileChannel",false],["RedirectChannelCanvasToCanvas",false],["RedirectLegacyFileBrowsersToUnified",false],["RedirectFileChannel",false],["SyncSearchTab",false],["RedirectHuddleRecordChannel",false],["EnsureCannedCanvasTemplates",false],["EnsureChannelHasParentTabMiddleware",false],["EnsureMessagesTabHasTabIdMiddleware",false],["TriggerMegaphoneGalleryFlow",false],["MaybeCloseSecondaryViewAfterSplit",false],["CanvasSetScrollParam",false],["RedirectSlackbotHistory",false],["RedirectSlackbotBadge",false],["EnsureActivityInboxMiddleware",false]],"shouldTerminateNavigation":false,"executionTime":0.5,"nextTab":"home"} 
[02/03/26, 09:44:45:545] info: [APPLY-DETAIL-VIEW] ViewSet with detail view applied {"viewSet":{"sidebar":{"id":"ChannelList","viewType":"ChannelList"},"primary":{"id":"D07MJ421FB5","viewType":"Channel","params":{"parentTab":"D07MJ421FB5"},"uiState":{"preventMoveFocus":false}}}} 
[02/03/26, 09:44:45:545] info: [APPLY-DETAIL-VIEW] ViewSet with channel canvas applied {"viewSet":{"sidebar":{"id":"ChannelList","viewType":"ChannelList"},"primary":{"id":"D07MJ421FB5","viewType":"Channel","params":{"parentTab":"D07MJ421FB5"},"uiState":{"preventMoveFocus":false}}}} 
[02/03/26, 09:44:45:546] info: [NAVIGATION-MIDDLEWARE] View has been transformed {"container":"primary","initialView":{"id":"D07MJ421FB5","viewType":"Channel","uiState":{"preventMoveFocus":false}},"transformedView":{"id":"D07MJ421FB5","viewType":"Channel","params":{"parentTab":"D07MJ421FB5"},"uiState":{"preventMoveFocus":false}},"iterationCount":0} 
[02/03/26, 09:44:45:546] info: [NAVIGATION-MIDDLEWARE] Skipping middleware execution for sidebar container as we have cached value {"initialView":{"id":"ChannelList","viewType":"ChannelList"},"iterationCount":1} 
[02/03/26, 09:44:45:546] info: [NAVIGATION-MIDDLEWARE] Async action execution is complete for a view {"nextView":{"id":"D07MJ421FB5","viewType":"Channel","params":{"parentTab":"D07MJ421FB5"},"uiState":{"preventMoveFocus":false}},"results":[["UserIdToDMIdMiddleware",false],["AttemptToStopEditingInChannel",false],["AttemptToStopEditingSalesforceForm",false],["PreventVideoRecorderModalClose",false],["OpenConversationWithIds",false],["EnsureChannel",false],["EnsureAppViewType",false],["RedirectFileChannel",false],["RedirectChannelCanvasToCanvas",false],["RedirectLegacyFileBrowsersToUnified",false],["RedirectFileChannel",false],["SyncSearchTab",false],["RedirectHuddleRecordChannel",false],["EnsureCannedCanvasTemplates",false],["EnsureChannelHasParentTabMiddleware",false],["EnsureMessagesTabHasTabIdMiddleware",false],["TriggerMegaphoneGalleryFlow",false],["MaybeCloseSecondaryViewAfterSplit",false],["CanvasSetScrollParam",false],["RedirectSlackbotHistory",false],["RedirectSlackbotBadge",false],["EnsureActivityInboxMiddleware",false]],"shouldTerminateNavigation":false,"executionTime":0.20000000298023224,"nextTab":"home"} 
[02/03/26, 09:44:45:546] info: [NAVIGATION-MIDDLEWARE] Finish middleware execution for primary container {"maybeTransformedViewSet":{"sidebar":{"id":"ChannelList","viewType":"ChannelList"},"primary":{"id":"D07MJ421FB5","viewType":"Channel","params":{"parentTab":"D07MJ421FB5"},"uiState":{"preventMoveFocus":false}}},"terminateNavigation":false,"isViewTransformed":false,"iterationCount":1,"executionTime":0.5} 
[02/03/26, 09:44:45:547] info: [NAVIGATION-MIDDLEWARE] Finish middleware execution for primary container {"maybeTransformedViewSet":{"sidebar":{"id":"ChannelList","viewType":"ChannelList"},"primary":{"id":"D07MJ421FB5","viewType":"Channel","params":{"parentTab":"D07MJ421FB5"},"uiState":{"preventMoveFocus":false}}},"terminateNavigation":false,"isViewTransformed":true,"iterationCount":0,"executionTime":2.100000001490116} 
[02/03/26, 09:44:45:547] info: [NAVIGATION-MIDDLEWARE] Navigation middleware execution is complete {"maybeUpdatedViewSet":{"sidebar":{"id":"ChannelList","viewType":"ChannelList"},"primary":{"id":"D07MJ421FB5","viewType":"Channel","params":{"parentTab":"D07MJ421FB5"},"uiState":{"preventMoveFocus":false}}},"terminateNavigation":false,"executionTime":5,"nextTab":"home"} 
[02/03/26, 09:44:45:547] info: [NAVIGATE-IN-MAIN-WIND] Built view set after middleware {"viewSet":{"sidebar":{"id":"ChannelList","viewType":"ChannelList"},"primary":{"id":"D07MJ421FB5","viewType":"Channel","params":{"parentTab":"D07MJ421FB5"},"uiState":{"preventMoveFocus":false}}},"nextTab":"home"} 
[02/03/26, 09:44:45:556] info: [NAVIGATE-LISTENERS] (T06AU05DL0L) Starting navigation listeners for triggerType NAVIGATION 
[02/03/26, 09:44:45:559] info: [SET-LAST-READ] (T06AU05DL0L) markLastRead D07MJ421FB5:1770079466.617139, immediate: false 
[02/03/26, 09:44:45:561] info: [SET-LAST-READ] (T06AU05DL0L) delaying D07MJ421FB5:1770079466.617139 mark by 2773.877547484671ms 
[02/03/26, 09:44:45:566] info: [NAVIGATE-LISTENERS] (T06AU05DL0L) Navigation listeners complete without errors 
[02/03/26, 09:44:45:566] info: [NAVIGATE-IN-MAIN-WIND]  Navigation thunk execution complete {"id":"D07MJ421FB5","viewType":"Channel","options":{}} 
[02/03/26, 09:44:45:586] info: [UNREAD-COUNTS] (T06AU05DL0L) Counting unreads in D07MJ421FB5 because last_read changed to 1770079466.617139 
[02/03/26, 09:44:45:586] info: [UNREAD-COUNTS] (T06AU05DL0L) Fetching history for unread counting: D07MJ421FB5, waiting 0 ms 
[02/03/26, 09:44:45:586] info: Breadcrumb: ui.click: span.p-channel_sidebar__name  
[02/03/26, 09:44:45:623] info: [MESSAGE-LIST] (T06AU05DL0L) getScrollmark reason:channel_change channelId:C06ARGB5GCS at end 
[02/03/26, 09:44:45:626] info: [MESSAGE-LIST] (T06AU05DL0L) Switching channels: D07MJ421FB5 timestamps: 0 
[02/03/26, 09:44:45:626] info: [MESSAGE-LIST] (T06AU05DL0L) requestAround channelId: D07MJ421FB5 isLoading: false timestamps: 0 reachedStart: false reachedEnd: false 
[02/03/26, 09:44:45:627] info: [HISTORY-FETCH] (T06AU05DL0L) Fetching history for message pane: D07MJ421FB5 oldest: 1769574682.740079 latest: 1769574682.740079 
[02/03/26, 09:44:45:627] info: [API-Q] (T06AU05DL0L) 2daffbe9-1770079485.626 conversations.history called with reason: message-pane/requestHistory 
[02/03/26, 09:44:45:627] info: [API-Q] (T06AU05DL0L) 2daffbe9-1770079485.626 conversations.history is ENQUEUED 
[02/03/26, 09:44:45:627] info: [API-Q] (T06AU05DL0L) 2daffbe9-1770079485.627 conversations.history called with reason: message-pane/requestHistory 
[02/03/26, 09:44:45:628] info: [API-Q] (T06AU05DL0L) 2daffbe9-1770079485.627 conversations.history is ENQUEUED 
[02/03/26, 09:44:45:669] info: [MESSAGE-LIST] (T06AU05DL0L) requestAround channelId: D07MJ421FB5 isLoading: false timestamps: 0 reachedStart: false reachedEnd: false 
[02/03/26, 09:44:45:669] info: [MESSAGE-LIST] (T06AU05DL0L) requestAround channelId: D07MJ421FB5 isLoading: false timestamps: 0 reachedStart: false reachedEnd: false 
[02/03/26, 09:44:45:682] info: [API-Q] (T06AU05DL0L) noversion-1770079485.681 Flannel permissions/info called with reason: flannel-call:permissions/info 
[02/03/26, 09:44:45:682] info: [API-Q] (T06AU05DL0L) noversion-1770079485.681 Flannel permissions/info is ENQUEUED 
[02/03/26, 09:44:45:682] info: [API-Q] (T06AU05DL0L) 2daffbe9-1770079485.626 conversations.history is ACTIVE 
[02/03/26, 09:44:45:682] info: [API-Q] (T06AU05DL0L) 2daffbe9-1770079485.627 conversations.history is ACTIVE 
[02/03/26, 09:44:45:682] info: [API-Q] (T06AU05DL0L) noversion-1770079485.681 Flannel permissions/info is ACTIVE 
[02/03/26, 09:44:45:703] info: [HISTORY-FETCH] (T06AU05DL0L) Fetching history for unread counting: D07MJ421FB5 
[02/03/26, 09:44:45:703] info: [API-Q] (T06AU05DL0L) 2daffbe9-1770079485.703 conversations.history called with reason: unread-counts/onLastReadUpdated 
[02/03/26, 09:44:45:703] info: [API-Q] (T06AU05DL0L) 2daffbe9-1770079485.703 conversations.history is ENQUEUED 
[02/03/26, 09:44:45:704] info: [API-Q] (T06AU05DL0L) 2daffbe9-1770079485.703 conversations.history is ACTIVE 
[02/03/26, 09:44:45:704] info: Store: EXTEND_MENU T06AU05DL0L: menucategory-file,menucategory-view,menucategory-edit,menucategory-help,menucategory-history 
[02/03/26, 09:44:45:704] info: [API-Q] (T06AU05DL0L) 2daffbe9-1770079485.704 conversations.listPrefs called with reason: client_redux_store 
[02/03/26, 09:44:45:704] info: [API-Q] (T06AU05DL0L) 2daffbe9-1770079485.704 conversations.listPrefs is ENQUEUED 
[02/03/26, 09:44:45:705] info: [API-Q] (T06AU05DL0L) 2daffbe9-1770079485.704 conversations.listPrefs is ACTIVE 
[02/03/26, 09:44:45:705] info: [UFM] (T06AU05DL0L) requesting D07MJ421FB5 (1) 
[02/03/26, 09:44:45:705] info: [UFM] (T06AU05DL0L) received D07MJ421FB5 (1) 
[02/03/26, 09:44:45:705] info: [UFM-PERMISSIONS] (T06AU05DL0L) requesting CAN_AT_CHANNEL,CAN_AT_EVERYONE,ARCHIVE_CHANNEL (1) 
[02/03/26, 09:44:45:706] info: [API-Q] (T06AU05DL0L) noversion-1770079485.705 Flannel permissions/info called with reason: flannel-call:permissions/info 
[02/03/26, 09:44:45:706] info: [API-Q] (T06AU05DL0L) noversion-1770079485.705 Flannel permissions/info is ENQUEUED 
[02/03/26, 09:44:45:706] info: [API-Q] (T06AU05DL0L) noversion-1770079485.705 Flannel permissions/info is ACTIVE 
[02/03/26, 09:44:45:706] info: [API-Q] (T06AU05DL0L) noversion-1770079485.706 Flannel users/counts called with reason: flannel-call:users/counts 
[02/03/26, 09:44:45:706] info: [API-Q] (T06AU05DL0L) noversion-1770079485.706 Flannel users/counts is ENQUEUED 
[02/03/26, 09:44:45:707] info: [API-Q] (T06AU05DL0L) noversion-1770079485.706 Flannel users/counts is ACTIVE 
[02/03/26, 09:44:45:712] info: [API-Q] (T06AU05DL0L) 2daffbe9-1770079485.711 bookmarks.list called with reason: bookmarks-store/conditional-fetching 
[02/03/26, 09:44:45:712] info: [API-Q] (T06AU05DL0L) 2daffbe9-1770079485.711 bookmarks.list is ENQUEUED 
[02/03/26, 09:44:45:712] info: [API-Q] (T06AU05DL0L) 2daffbe9-1770079485.711 bookmarks.list is ACTIVE 
[02/03/26, 09:44:45:717] info: [MESSAGE-LIST] (T06AU05DL0L) componentWillReceiveProps isLoading: true isLoadingOlder: true timestamps: 0 
[02/03/26, 09:44:45:940] info: [DEVICE-PERMISSIONS-MA] Refreshing all permissions 
[02/03/26, 09:44:45:987] info: [API-Q] (T06AU05DL0L) 2daffbe9-1770079485.704 conversations.listPrefs is RESOLVED 
[02/03/26, 09:44:45:991] info: [API-Q] (T06AU05DL0L) 2daffbe9-1770079485.627 conversations.history is RESOLVED 
[02/03/26, 09:44:45:994] info: [API-Q] (T06AU05DL0L) 2daffbe9-1770079485.711 bookmarks.list is RESOLVED 
[02/03/26, 09:44:45:999] info: [API-Q] (T06AU05DL0L) 2daffbe9-1770079485.626 conversations.history is RESOLVED 
[02/03/26, 09:44:46:002] info: [PLATFORM-CHANNEL-ACTI] (T06AU05DL0L) setting count for channel D07MJ421FB5 to 0, and marking channel as stale. 
[02/03/26, 09:44:46:004] info: [API-Q] (T06AU05DL0L) 2daffbe9-1770079485.703 conversations.history is RESOLVED 
[02/03/26, 09:44:46:005] info: [API-Q] (T06AU05DL0L) noversion-1770079485.681 Flannel permissions/info is RESOLVED 
[02/03/26, 09:44:46:008] info: [API-Q] (T06AU05DL0L) noversion-1770079485.705 Flannel permissions/info is RESOLVED 
[02/03/26, 09:44:46:020] info: [PLATFORM-CHANNEL-ACTI] (T06AU05DL0L) Not updating count for channel D07MJ421FB5, as count was already set to 0 
[02/03/26, 09:44:46:022] info: [PINS] (T06AU05DL0L) Pins count updated for channel D07MJ421FB5: 0 
[02/03/26, 09:44:46:026] info: [API-Q] (T08KF7TD5AN) noversion-1770079484.617 Flannel users/info is RESOLVED 
[02/03/26, 09:44:46:027] info: [API-Q] (T08KF7TD5AN) 2daffbe9-1770079484.555 users.prefs.get is ACTIVE 
[02/03/26, 09:44:46:032] info: [PLATFORM-CHANNEL-ACTI] (T06AU05DL0L) Not updating count for channel D07MJ421FB5, as count was already set to 0 
[02/03/26, 09:44:46:034] info: [PINS] (T06AU05DL0L) Pins count updated for channel D07MJ421FB5: 0 
[02/03/26, 09:44:46:035] info: [UFM-PERMISSIONS] (T06AU05DL0L) received CAN_AT_CHANNEL,CAN_AT_EVERYONE,ARCHIVE_CHANNEL (1) 
[02/03/26, 09:44:46:047] info: [MESSAGE-LIST] (T06AU05DL0L) componentWillReceiveProps isLoading: false isLoadingOlder: false timestamps: 29 
[02/03/26, 09:44:46:160] info: [API-Q] (T06AU05DL0L) noversion-1770079485.706 Flannel users/counts is RESOLVED 
[02/03/26, 09:44:46:161] info: [COUNTS] (T06AU05DL0L) Updated unread_cnt for D07MJ421FB5: 0 
[02/03/26, 09:44:46:163] info: [CHECK-UNREADS] (T06AU05DL0L) Not marking D07MJ421FB5 because last_read >= latest && channel is read 
[02/03/26, 09:44:46:163] info: [CHECK-UNREADS] (T06AU05DL0L) Not marking D07MJ421FB5 because last_read >= latest && channel is read 
[02/03/26, 09:44:46:197] info: [CHECK-UNREADS] (T06AU05DL0L) unreadLineVisible updated in main window container primary: false -> true 
[02/03/26, 09:44:46:197] info: [DESKTOP-MIDDLEWARE] (T06AU05DL0L) Forwarding redux payload to desktop ["unreads"] 
[02/03/26, 09:44:46:199] info: [COUNTS] (T06AU05DL0L) dmsBadgeCount: 0 
[02/03/26, 09:44:46:199] info: [COUNTS] (T06AU05DL0L) activityBadgeCount: 0 
[02/03/26, 09:44:46:258] info: Store: REDUX_UPDATE_FROM_WEBAPP (T06AU05DL0L) Changed keys [unreads] 
[02/03/26, 09:44:46:281] info: [DEVICE-PERMISSIONS-MA] Received microphone access status for desktop app: [object Object] 
[02/03/26, 09:44:46:281] info: [DEVICE-PERMISSIONS-MA] permission state for microphone changed to [object Object] 
[02/03/26, 09:44:46:281] info: [DEVICE-PERMISSIONS-MA] Permissions changed {"microphone":{"status":"granted"},"camera":{"status":"granted"},"screen":{"status":"granted"}} 
[02/03/26, 09:44:46:281] info: [DEVICE-PREFS] Updating available devices (original flow) 
[02/03/26, 09:44:46:282] info: [DEVICE-PERMISSIONS-MA] Permissions saved to local storage: {"permissions":{"microphone":{"status":"granted"},"camera":{"status":"granted"},"screen":{"status":"granted"}},"timestamp":1770079486281} 
[02/03/26, 09:44:46:282] info: [DEVICE-PERMISSIONS-MA] Received camera access status for desktop app: [object Object] 
[02/03/26, 09:44:46:282] info: [DEVICE-PERMISSIONS-MA] permission state for camera changed to [object Object] 
[02/03/26, 09:44:46:282] info: [DEVICE-PERMISSIONS-MA] Permissions changed {"microphone":{"status":"granted"},"camera":{"status":"granted"},"screen":{"status":"granted"}} 
[02/03/26, 09:44:46:282] info: [(?)] Available devices update already in progress. Returning existing promise. 
[02/03/26, 09:44:46:282] info: [DEVICE-PERMISSIONS-MA] Permissions saved to local storage: {"permissions":{"microphone":{"status":"granted"},"camera":{"status":"granted"},"screen":{"status":"granted"}},"timestamp":1770079486281} 
[02/03/26, 09:44:46:282] info: [DEVICE-PERMISSIONS-MA] Received screen access status for desktop app: [object Object] 
[02/03/26, 09:44:46:282] info: [DEVICE-PERMISSIONS-MA] permission state for screen changed to [object Object] 
[02/03/26, 09:44:46:282] info: [DEVICE-PERMISSIONS-MA] Permissions changed {"microphone":{"status":"granted"},"camera":{"status":"granted"},"screen":{"status":"granted"}} 
[02/03/26, 09:44:46:282] info: [(?)] Available devices update already in progress. Returning existing promise. 
[02/03/26, 09:44:46:282] info: [DEVICE-PERMISSIONS-MA] Permissions saved to local storage: {"permissions":{"microphone":{"status":"granted"},"camera":{"status":"granted"},"screen":{"status":"granted"}},"timestamp":1770079486281} 
[02/03/26, 09:44:46:287] info: [DEVICE-PREFS] Device list validation result: true 
[02/03/26, 09:44:46:287] info: [DEVICE-PREFS] Device list updated [{},{},{},{},{},{},{},{}] 
[02/03/26, 09:44:46:287] info: [DEVICE-PREFS] Processing device list [{},{},{},{},{},{},{},{}] 
[02/03/26, 09:44:46:287] info: [DEVICE-PREFS] Amending label for OS default audioinput device: Default -> System Default (Default) 
[02/03/26, 09:44:46:288] info: [DEVICE-PREFS] Amending label for OS default audiooutput device: Default -> System Default (Default) 
[02/03/26, 09:44:46:288] info: [DEVICE-PREFS] Device list processing complete 
[02/03/26, 09:44:46:358] info: [API-Q] (T08KF7TD5AN) 2daffbe9-1770079484.555 users.prefs.get is RESOLVED 
[02/03/26, 09:44:46:358] info: [API-Q] (T08KF7TD5AN) 2daffbe9-1770079484.530 links.getDomains is ACTIVE 
[02/03/26, 09:44:46:561] info: [CHECK-UNREADS] (T06AU05DL0L) Checking unreads after unread line became visible 
[02/03/26, 09:44:46:561] info: [CHECK-UNREADS] (T06AU05DL0L) Not marking D07MJ421FB5 because last_read >= latest && channel is read 
[02/03/26, 09:44:46:589] info: [DEVICE-PREFS] Propagating device selection history update 
[02/03/26, 09:44:46:590] info: [DEVICE-PREFS] Setting preferred audioinput device in huddle default 
[02/03/26, 09:44:46:591] info: [DEVICE-PREFS] Setting preferred audiooutput device in huddle default 
[02/03/26, 09:44:46:708] info: [API-Q] (T08KF7TD5AN) 2daffbe9-1770079484.530 links.getDomains is RESOLVED 
[02/03/26, 09:44:46:709] info: [API-Q] (T08KF7TD5AN) 2daffbe9-1770079484.551 client.extras is ACTIVE 
[02/03/26, 09:44:47:120] info: [API-Q] (T08KF7TD5AN) 2daffbe9-1770079484.551 client.extras is RESOLVED 
[02/03/26, 09:44:47:122] info: [API-Q] (T08KF7TD5AN) 2daffbe9-1770079484.551 drafts.list is ACTIVE 
[02/03/26, 09:44:47:420] info: [API-Q] (T08KF7TD5AN) 2daffbe9-1770079484.551 drafts.list is RESOLVED 
[02/03/26, 09:44:47:420] info: [API-Q] (T08KF7TD5AN) 2daffbe9-1770079484.554 workflows.triggers.listRecentlyRunForUser is ACTIVE 
[02/03/26, 09:44:47:420] info: [DRAFTS] (T08KF7TD5AN) No active drafts 
[02/03/26, 09:44:47:420] info: [DRAFTS] (T08KF7TD5AN) Successfully fetched all active and inactive drafts ✨ 
[02/03/26, 09:44:47:734] info: [API-Q] (T08KF7TD5AN) 2daffbe9-1770079484.554 workflows.triggers.listRecentlyRunForUser is RESOLVED 
[02/03/26, 09:44:47:735] info: [API-Q] (T08KF7TD5AN) 2daffbe9-1770079484.554 functions.workflows.list is ACTIVE 
[02/03/26, 09:44:47:966] info: [API-Q] (T08KF7TD5AN) 2daffbe9-1770079484.554 functions.workflows.list is RESOLVED 
[02/03/26, 09:44:47:967] info: [API-Q] (T08KF7TD5AN) 2daffbe9-1770079484.555 teams.trials.info is ACTIVE 
[02/03/26, 09:44:47:969] info: [API-Q] (T08KF7TD5AN) 2daffbe9-1770079487.968 workflows.triggers.list called with reason: automations_gallery 
[02/03/26, 09:44:47:969] info: [API-Q] (T08KF7TD5AN) 2daffbe9-1770079487.968 workflows.triggers.list is ENQUEUED 
[02/03/26, 09:44:48:205] info: [API-Q] (T08KF7TD5AN) 2daffbe9-1770079484.555 teams.trials.info is RESOLVED 
[02/03/26, 09:44:48:206] info: [API-Q] (T08KF7TD5AN) 2daffbe9-1770079484.555 users.priority.list is ACTIVE 
[02/03/26, 09:44:48:334] info: [SET-LAST-READ] (T06AU05DL0L) delay resolved, marking D07MJ421FB5:1770079466.617139 with API 
[02/03/26, 09:44:48:335] info: [SET-LAST-READ] (T06AU05DL0L) dispatch conversations.mark with markWithAPI D07MJ421FB5:1770079466.617139 
[02/03/26, 09:44:48:336] info: [API-Q] (T06AU05DL0L) 2daffbe9-1770079488.335 conversations.mark called with reason: viewed 
[02/03/26, 09:44:48:336] info: [API-Q] (T06AU05DL0L) 2daffbe9-1770079488.335 conversations.mark is ENQUEUED 
[02/03/26, 09:44:48:337] info: [API-Q] (T06AU05DL0L) 2daffbe9-1770079488.335 conversations.mark is ACTIVE 
[02/03/26, 09:44:48:411] info: [API-Q] (T08KF7TD5AN) 2daffbe9-1770079484.555 users.priority.list is RESOLVED 
[02/03/26, 09:44:48:413] info: [API-Q] (T08KF7TD5AN) 2daffbe9-1770079484.556 aiApps.list is ACTIVE 
[02/03/26, 09:44:48:612] info: [API-Q] (T08KF7TD5AN) 2daffbe9-1770079484.556 aiApps.list is RESOLVED 
[02/03/26, 09:44:48:612] info: [API-Q] (T08KF7TD5AN) 2daffbe9-1770079484.557 calendar.getInstalledCalendars is ACTIVE 
[02/03/26, 09:44:48:647] info: [API-Q] (T06AU05DL0L) 2daffbe9-1770079488.335 conversations.mark is RESOLVED 
[02/03/26, 09:44:48:687] info: [RTM-BADGE-COUNTS-UPDA] (T06AU05DL0L) badge_counts_updated 
[02/03/26, 09:44:48:695] info: [RTM-ACTIVITY] (T06AU05DL0L) RTM-ACTIVITY activity_updated 
[02/03/26, 09:44:48:695] info: [RTM-ACTIVITY] (T06AU05DL0L) received invalid activity_updated event with entryType dm 
[02/03/26, 09:44:48:835] info: [API-Q] (T08KF7TD5AN) 2daffbe9-1770079484.557 calendar.getInstalledCalendars is RESOLVED 
[02/03/26, 09:44:48:835] info: [API-Q] (T08KF7TD5AN) 2daffbe9-1770079484.619 slackAi.permissions.getForUser is ACTIVE 
[02/03/26, 09:44:49:192] info: [API-Q] (T08KF7TD5AN) 2daffbe9-1770079484.619 slackAi.permissions.getForUser is RESOLVED 
[02/03/26, 09:44:49:193] info: [API-Q] (T08KF7TD5AN) 2daffbe9-1770079485.011 users.customStatus.list is ACTIVE 
[02/03/26, 09:44:49:194] info: [UFM-PERMISSIONS] (T08KF7TD5AN) received READ_AUDIT_LOGS,ARCHIVE_CHANNEL,CONVERT_MPDM_TO_PRIVATE,CREATE_PRIVATE_CHANNEL,CREATE_PUBLIC_CHANNEL,EDIT_CHANNEL_WORKSPACES,CAN_AT_CHANNEL,VIEW_OVERVIEW_ANALYTICS,VIEW_WORKSPACE_ANALYTICS,VIEW_MEMBER_ANALYTICS,VIEW_ORG_WIDE_CHANNEL_ANALYTICS,VIEW_HUDDLE_ANALYTICS,VIEW_CLIP_ANALYTICS,VIEW_APP_ANALYTICS,VIEW_CHANNEL_ANALYTICS,VIEW_AI_ANALYTICS,VIEW_CANVAS_ANALYTICS,VIEW_WORKFLOW_ANALYTICS,VIEW_LIST_ANALYTICS,VIEW_TOP_LEVEL_WORKFLOWS,ADD_COLLABORATOR_TO_ANY_WORKFLOW,UNPUBLISH_ANY_WORKFLOW,CREATE_WORKFLOWS,CREATE_CANVAS_TEMPLATES,PUBLISH_CANVAS_ORG_TEMPLATES,MANAGE_SALES_HOME,MANAGE_SALES_HOME_DATA_SOURCE,ADD_CUSTOM_EMOJI,DELETE_CUSTOM_EMOJI,EDIT_SLACKBOT_RESPONSES,UPDATE_NAME,UPDATE_DISPLAY_NAME,EDIT_PROFILE_PHOTO,ACCEPT_SLACK_CONNECT_INVITES,MANAGE_SLACK_CONNECT,CREATE_SLACK_CONNECT_DM,VIEW_APP_REQUESTS,MANAGE_AAA_AUTOMATION_RULES,MANAGE_SCOPE_RATINGS,VIEW_INSTALLED_APPS,MANAGE_ORG_LEVEL_APP_APPROVAL,VIEW_APPROVED_APPS,VIEW_RESTRICTED_APPS,ADD_ORG_APPS_TO_WORKSPACES,REMOVE_ORG_APPS_FROM_WORKSPACES,VIEW_DEPRECATIONS,MANAGE_WORKFLOW_CONNECTORS,MANAGE_WORKFLOW_TRIGGERS,CREATE_SOLUTION_TEMPLATE,PUBLISH_SOLUTION_TEMPLATE,MANAGE_SOLUTION_TEMPLATE,CREATE_LIST_TEMPLATE,CREATE_USER_GROUPS,EDIT_USER_GROUPS,DELETE_USER_GROUPS,ACCESS_SLACK_AI_CHANNEL_THREAD_SUMMARIES,ACCESS_SLACK_AI_ACTION_ITEMS,ACCESS_SLACK_AI_DETAILED_FEEDBACK,ACCESS_SLACK_AI_FILE_SUMMARIES,ACCESS_SLACK_AI_HUDDLE_SUMMARIES,ACCESS_SLACK_AI_RECAP,ACCESS_SLACK_AI_SEARCH,ACCESS_SLACK_AI_STEPS_IN_WORKFLOW,ACCESS_SLACK_AI_TRANSLATIONS,ACCESS_SLACK_AI_WORKFLOW_BUILDER,ACCESS_SLACK_AI_RECORD_CHANNEL_DIGEST,ACCESS_SLACK_AI_DEVELOPMENT,ACCESS_SLACK_AI_EXPLAIN,ACCESS_SLACK_AI_CANVAS,ACCESS_SLACK_AI_SLACKBOT,ACCESS_SLACK_AI_FILTERS,ACCESS_SLACK_AI_SALESFORCE_CSV_MAPPER,ACCESS_SLACK_AI_SUGGESTED_SECTIONS,ACCESS_ENTERPRISE_SEARCH,CAN_MANAGE_XWS_CHANNELS (1) 
[02/03/26, 09:44:49:498] info: [API-Q] (T08KF7TD5AN) 2daffbe9-1770079485.011 users.customStatus.list is RESOLVED 
[02/03/26, 09:44:49:499] info: [API-Q] (T08KF7TD5AN) 2daffbe9-1770079485.012 client.counts is ACTIVE 
[02/03/26, 09:44:49:728] info: [API-Q] (T08KF7TD5AN) 2daffbe9-1770079485.012 client.counts is RESOLVED 
[02/03/26, 09:44:49:729] info: [API-Q] (T08KF7TD5AN) 2daffbe9-1770079485.012 sfdc.integration.listOrgs is ACTIVE 
[02/03/26, 09:44:49:733] info: [COUNTS] (T08KF7TD5AN) Applying counts to channels. wasLastConnectFast: false isConnected: true applying: 13 out of total: 13 
[02/03/26, 09:44:49:738] info: [COUNTS] (T08KF7TD5AN) Threads has_unreads:false mention_count:0 
[02/03/26, 09:44:49:740] info: [COUNTS] (T08KF7TD5AN) Completed counts processing 
[02/03/26, 09:44:49:935] info: [API-Q] (T08KF7TD5AN) 2daffbe9-1770079485.012 sfdc.integration.listOrgs is RESOLVED 
[02/03/26, 09:44:49:937] info: [API-Q] (T08KF7TD5AN) 2daffbe9-1770079487.968 workflows.triggers.list is ACTIVE 
[02/03/26, 09:44:50:136] info: [API-Q] (T08KF7TD5AN) 2daffbe9-1770079487.968 workflows.triggers.list is RESOLVED 
[02/03/26, 09:45:17:437] info: Store: SET_SYSTEM_IDLE idle 
[02/03/26, 09:45:17:441] info: [DESKTOP-SIDE-EFFECT] Update from desktop for keys  ["app"] 
[02/03/26, 09:45:52:216] info: [API-Q] (T06AU05DL0L) 2daffbe9-1770079552.213 client.counts called with reason: pollClientCountsAfterTimeout 
[02/03/26, 09:45:52:217] info: [API-Q] (T06AU05DL0L) 2daffbe9-1770079552.213 client.counts is ENQUEUED 
[02/03/26, 09:45:52:217] info: [API-Q] (T06AU05DL0L) 2daffbe9-1770079552.213 client.counts is ACTIVE 
[02/03/26, 09:45:52:865] info: [API-Q] (T06AU05DL0L) 2daffbe9-1770079552.213 client.counts is RESOLVED 
[02/03/26, 09:45:52:868] info: [COUNTS] (T06AU05DL0L) Applying counts to channels. wasLastConnectFast: false isConnected: true applying: 28 out of total: 28 
[02/03/26, 09:45:52:871] info: [COUNTS] (T06AU05DL0L) Threads has_unreads:false mention_count:0 
[02/03/26, 09:45:52:872] info: [COUNTS] (T06AU05DL0L) Completed counts processing 
[02/03/26, 09:45:52:903] info: [API-Q] (T06AU05DL0L) 2daffbe9-1770079552.901 conversations.suggestions called with reason: trigger-channel-suggestions 
[02/03/26, 09:45:52:903] info: [API-Q] (T06AU05DL0L) 2daffbe9-1770079552.901 conversations.suggestions is ENQUEUED 
[02/03/26, 09:45:52:904] info: [API-Q] (T06AU05DL0L) 2daffbe9-1770079552.901 conversations.suggestions is ACTIVE 
[02/03/26, 09:45:53:401] info: [API-Q] (T06AU05DL0L) 2daffbe9-1770079552.901 conversations.suggestions is RESOLVED 
[02/03/26, 09:46:01:023] info: [API-Q] (T08KF7TD5AN) 2daffbe9-1770079561.021 client.counts called with reason: pollClientCountsAfterTimeout 
[02/03/26, 09:46:01:024] info: [API-Q] (T08KF7TD5AN) 2daffbe9-1770079561.021 client.counts is ENQUEUED 
[02/03/26, 09:46:01:025] info: [API-Q] (T08KF7TD5AN) 2daffbe9-1770079561.021 client.counts is ACTIVE 
[02/03/26, 09:46:01:445] info: [API-Q] (T08KF7TD5AN) 2daffbe9-1770079561.021 client.counts is RESOLVED 
[02/03/26, 09:46:01:449] info: [COUNTS] (T08KF7TD5AN) Applying counts to channels. wasLastConnectFast: false isConnected: true applying: 13 out of total: 13 
[02/03/26, 09:46:01:452] info: [COUNTS] (T08KF7TD5AN) Threads has_unreads:false mention_count:0 
[02/03/26, 09:46:01:453] info: [COUNTS] (T08KF7TD5AN) Completed counts processing 
[02/03/26, 09:46:44:497] info: [CHECK-FOR-OLD-CHANNEL] (T06AU05DL0L) Start cleaning up DMs/MPDMs — starting with 11 entries. 
[02/03/26, 09:46:44:498] info: [CHECK-FOR-OLD-CHANNEL] (T06AU05DL0L) Eligible DMs/MPDMs for cleanup — [external DMs]:0, [internal DMs]: 11, [app DMs]: 0 
[02/03/26, 09:46:44:498] info: [CHECK-FOR-OLD-CHANNEL] (T06AU05DL0L) Identified 0 DMs/MPDMs of externalDMs type for closure 
[02/03/26, 09:46:44:498] info: [CHECK-FOR-OLD-CHANNEL] (T06AU05DL0L) Not eligible D07MBHNNPGE: Slackbot 
[02/03/26, 09:46:44:498] info: [CHECK-FOR-OLD-CHANNEL] (T06AU05DL0L) Not eligible D07MJ421FB5: Not idle 
[02/03/26, 09:46:44:498] info: [CHECK-FOR-OLD-CHANNEL] (T06AU05DL0L) Not eligible D07MJ6RJF98: Self DM 
[02/03/26, 09:46:44:499] info: [CHECK-FOR-OLD-CHANNEL] (T06AU05DL0L) Identified 0 DMs/MPDMs of internalDMs type for closure 
[02/03/26, 09:46:44:500] info: [CHECK-FOR-OLD-CHANNEL] (T06AU05DL0L) Identified 0 DMs/MPDMs of appDMs type for closure 
[02/03/26, 09:46:45:017] info: [CHECK-FOR-OLD-CHANNEL] (T08KF7TD5AN) Start cleaning up DMs/MPDMs — starting with 6 entries. 
[02/03/26, 09:46:45:018] info: [CHECK-FOR-OLD-CHANNEL] (T08KF7TD5AN) Eligible DMs/MPDMs for cleanup — [external DMs]:0, [internal DMs]: 6, [app DMs]: 0 
[02/03/26, 09:46:45:018] info: [CHECK-FOR-OLD-CHANNEL] (T08KF7TD5AN) Identified 0 DMs/MPDMs of externalDMs type for closure 
[02/03/26, 09:46:45:019] info: [CHECK-FOR-OLD-CHANNEL] (T08KF7TD5AN) Not eligible D08KAB9CCVB: Not idle 
[02/03/26, 09:46:45:019] info: [CHECK-FOR-OLD-CHANNEL] (T08KF7TD5AN) Not eligible D08KG48JDNG: Slackbot 
[02/03/26, 09:46:45:019] info: [CHECK-FOR-OLD-CHANNEL] (T08KF7TD5AN) Not eligible D08KG48KFLL: Self DM 
[02/03/26, 09:46:45:019] info: [CHECK-FOR-OLD-CHANNEL] (T08KF7TD5AN) Not eligible D08KG4AU4J0: Not idle 
[02/03/26, 09:46:45:019] info: [CHECK-FOR-OLD-CHANNEL] (T08KF7TD5AN) Identified 0 DMs/MPDMs of internalDMs type for closure 
[02/03/26, 09:46:45:019] info: [CHECK-FOR-OLD-CHANNEL] (T08KF7TD5AN) Identified 0 DMs/MPDMs of appDMs type for closure 
[02/03/26, 09:46:45:020] info: [API-Q] (T08KF7TD5AN) 2daffbe9-1770079605.019 users.channelSections.list called with reason: conditional-fetch-manager 
[02/03/26, 09:46:45:021] info: [API-Q] (T08KF7TD5AN) 2daffbe9-1770079605.019 users.channelSections.list is ENQUEUED 
[02/03/26, 09:46:45:021] info: [API-Q] (T08KF7TD5AN) 2daffbe9-1770079605.019 users.channelSections.list is ACTIVE 
[02/03/26, 09:46:45:023] info: [API-Q] (T08KF7TD5AN) noversion-1770079605.022 Flannel users/info called with reason: flannel-call:users/info 
[02/03/26, 09:46:45:024] info: [API-Q] (T08KF7TD5AN) noversion-1770079605.022 Flannel users/info is ENQUEUED 
[02/03/26, 09:46:45:379] info: [API-Q] (T08KF7TD5AN) 2daffbe9-1770079605.019 users.channelSections.list is RESOLVED 
[02/03/26, 09:46:45:380] info: [API-Q] (T08KF7TD5AN) noversion-1770079605.022 Flannel users/info is ACTIVE 
[02/03/26, 09:46:45:688] info: [API-Q] (T08KF7TD5AN) noversion-1770079605.022 Flannel users/info is RESOLVED 
[02/03/26, 09:49:44:497] info: [SIDEBAR-NOISE-METRICS] (T06AU05DL0L) Logging sidebar noise metrics 
[02/03/26, 09:49:44:498] info: [SIDEBAR-STATS] (T06AU05DL0L) Begin gathering sidebar stats 
[02/03/26, 09:49:44:500] info: [SIDEBAR-NOISE-METRICS] (T06AU05DL0L) Stored first sidebar metrics (no previous data) 
[02/03/26, 09:49:45:015] info: [SIDEBAR-NOISE-METRICS] (T08KF7TD5AN) Logging sidebar noise metrics 
[02/03/26, 09:49:45:016] info: [SIDEBAR-STATS] (T08KF7TD5AN) Begin gathering sidebar stats 
[02/03/26, 09:49:45:017] info: [SIDEBAR-NOISE-METRICS] (T08KF7TD5AN) Updated sidebar metrics for today 
[02/03/26, 09:49:45:019] info: [API-Q] (T08KF7TD5AN) noversion-1770079785.018 Flannel users/info called with reason: flannel-call:users/info 
[02/03/26, 09:49:45:020] info: [API-Q] (T08KF7TD5AN) noversion-1770079785.018 Flannel users/info is ENQUEUED 
[02/03/26, 09:49:45:020] info: [API-Q] (T08KF7TD5AN) noversion-1770079785.018 Flannel users/info is ACTIVE 
[02/03/26, 09:49:45:228] info: [API-Q] (T08KF7TD5AN) noversion-1770079785.018 Flannel users/info is RESOLVED 
[02/03/26, 09:49:45:234] info: [API-Q] (T06AU05DL0L) 2daffbe9-1770079785.233 team.info called with reason: conditional-fetching 
[02/03/26, 09:49:45:235] info: [API-Q] (T06AU05DL0L) 2daffbe9-1770079785.233 team.info is ENQUEUED 
[02/03/26, 09:49:45:235] info: [API-Q] (T06AU05DL0L) 2daffbe9-1770079785.233 team.info is ACTIVE 
[02/03/26, 09:49:45:598] info: [API-Q] (T06AU05DL0L) 2daffbe9-1770079785.233 team.info is RESOLVED 
[02/03/26, 09:49:48:287] info: [FOCUS-EVENT] (T06AU05DL0L) Main window blurred 
[02/03/26, 09:54:39:710] info: Store: DISPLAY_METRICS_CHANGED  
[02/03/26, 09:54:39:715] info: Store: DISPLAY_METRICS_CHANGED  
[02/03/26, 09:54:39:725] info: Store: DISPLAY_METRICS_CHANGED  
[02/03/26, 09:54:39:739] info: Store: DISPLAY_METRICS_CHANGED  
[02/03/26, 09:54:39:745] info: Store: DISPLAY_METRICS_CHANGED  
[02/03/26, 09:54:39:749] info: Store: DISPLAY_METRICS_CHANGED  
[02/03/26, 09:54:39:756] info: Store: DISPLAY_METRICS_CHANGED  
[02/03/26, 09:54:39:765] info: Store: DISPLAY_METRICS_CHANGED  
[02/03/26, 09:54:39:773] info: Store: DISPLAY_METRICS_CHANGED  
[02/03/26, 09:54:39:782] info: Store: DISPLAY_METRICS_CHANGED  
[02/03/26, 09:54:39:790] info: Store: DISPLAY_METRICS_CHANGED  
[02/03/26, 09:54:39:798] info: Store: DISPLAY_METRICS_CHANGED  
[02/03/26, 09:54:39:806] info: Store: DISPLAY_METRICS_CHANGED  
[02/03/26, 09:54:39:816] info: Store: DISPLAY_METRICS_CHANGED  
[02/03/26, 09:54:39:823] info: Store: DISPLAY_METRICS_CHANGED  
[02/03/26, 09:54:39:831] info: Store: DISPLAY_METRICS_CHANGED  
[02/03/26, 09:54:42:941] info: [FOCUS-EVENT] (T06AU05DL0L) Main window focused 
[02/03/26, 09:54:43:018] info: [CHECK-UNREADS] (T06AU05DL0L) Checking unreads after window became focused 
[02/03/26, 09:54:43:018] info: [CHECK-UNREADS] (T06AU05DL0L) Not marking D07MJ421FB5 because last_read >= latest && channel is read 
[02/03/26, 09:54:44:686] info: [RTM-EVENT-METRICS] Metrics collection sampling has been reset. 
[02/03/26, 09:54:45:535] info: [FOCUS-EVENT] (T06AU05DL0L) Main window blurred 
[02/03/26, 09:54:47:806] info: Store: SET_SYSTEM_IDLE active 
[02/03/26, 09:54:47:811] info: [DESKTOP-SIDE-EFFECT] Update from desktop for keys  ["app"] 
[02/03/26, 09:59:48:014] info: Store: SET_SYSTEM_IDLE idle 
[02/03/26, 09:59:48:016] info: [DESKTOP-SIDE-EFFECT] Update from desktop for keys  ["app"] 
[02/03/26, 10:01:08:077] info: Store: SET_SYSTEM_IDLE active 
[02/03/26, 10:01:08:083] info: [DESKTOP-SIDE-EFFECT] Update from desktop for keys  ["app"] 
[02/03/26, 10:01:28:085] info: Store: SET_SYSTEM_IDLE idle 
[02/03/26, 10:01:28:090] info: [DESKTOP-SIDE-EFFECT] Update from desktop for keys  ["app"] 
[02/03/26, 10:01:44:503] info: [CHECK-FOR-OLD-CHANNEL] (T06AU05DL0L) Start cleaning up DMs/MPDMs — starting with 11 entries. 
[02/03/26, 10:01:44:504] info: [CHECK-FOR-OLD-CHANNEL] (T06AU05DL0L) Eligible DMs/MPDMs for cleanup — [external DMs]:0, [internal DMs]: 11, [app DMs]: 0 
[02/03/26, 10:01:44:504] info: [CHECK-FOR-OLD-CHANNEL] (T06AU05DL0L) Identified 0 DMs/MPDMs of externalDMs type for closure 
[02/03/26, 10:01:44:504] info: [CHECK-FOR-OLD-CHANNEL] (T06AU05DL0L) Not eligible D07MBHNNPGE: Slackbot 
[02/03/26, 10:01:44:504] info: [CHECK-FOR-OLD-CHANNEL] (T06AU05DL0L) Not eligible D07MJ421FB5: Not idle 
[02/03/26, 10:01:44:505] info: [CHECK-FOR-OLD-CHANNEL] (T06AU05DL0L) Not eligible D07MJ6RJF98: Self DM 
[02/03/26, 10:01:44:505] info: [CHECK-FOR-OLD-CHANNEL] (T06AU05DL0L) Identified 0 DMs/MPDMs of internalDMs type for closure 
[02/03/26, 10:01:44:505] info: [CHECK-FOR-OLD-CHANNEL] (T06AU05DL0L) Identified 0 DMs/MPDMs of appDMs type for closure 
[02/03/26, 10:01:45:020] info: [CHECK-FOR-OLD-CHANNEL] (T08KF7TD5AN) Start cleaning up DMs/MPDMs — starting with 6 entries. 
[02/03/26, 10:01:45:020] info: [CHECK-FOR-OLD-CHANNEL] (T08KF7TD5AN) Eligible DMs/MPDMs for cleanup — [external DMs]:0, [internal DMs]: 6, [app DMs]: 0 
[02/03/26, 10:01:45:020] info: [CHECK-FOR-OLD-CHANNEL] (T08KF7TD5AN) Identified 0 DMs/MPDMs of externalDMs type for closure 
[02/03/26, 10:01:45:020] info: [CHECK-FOR-OLD-CHANNEL] (T08KF7TD5AN) Not eligible D08KAB9CCVB: Not idle 
[02/03/26, 10:01:45:020] info: [CHECK-FOR-OLD-CHANNEL] (T08KF7TD5AN) Not eligible D08KG48JDNG: Slackbot 
[02/03/26, 10:01:45:021] info: [CHECK-FOR-OLD-CHANNEL] (T08KF7TD5AN) Not eligible D08KG48KFLL: Self DM 
[02/03/26, 10:01:45:021] info: [CHECK-FOR-OLD-CHANNEL] (T08KF7TD5AN) Not eligible D08KG4AU4J0: Not idle 
[02/03/26, 10:01:45:021] info: [CHECK-FOR-OLD-CHANNEL] (T08KF7TD5AN) Identified 0 DMs/MPDMs of internalDMs type for closure 
[02/03/26, 10:01:45:021] info: [CHECK-FOR-OLD-CHANNEL] (T08KF7TD5AN) Identified 0 DMs/MPDMs of appDMs type for closure 
[02/03/26, 10:02:48:138] info: Store: SET_SYSTEM_IDLE active 
[02/03/26, 10:02:48:142] info: [DESKTOP-SIDE-EFFECT] Update from desktop for keys  ["app"] 
[02/03/26, 10:03:28:155] info: Store: SET_SYSTEM_IDLE idle 
[02/03/26, 10:03:28:159] info: [DESKTOP-SIDE-EFFECT] Update from desktop for keys  ["app"] 
[02/03/26, 10:04:44:686] info: [RTM-EVENT-METRICS] Metrics collection sampling has been reset. 
[02/03/26, 10:05:01:290] info: Store: DISPLAY_METRICS_CHANGED  
[02/03/26, 10:05:01:298] info: Store: DISPLAY_METRICS_CHANGED  
[02/03/26, 10:05:01:302] info: Store: DISPLAY_METRICS_CHANGED  
[02/03/26, 10:05:01:311] info: Store: DISPLAY_METRICS_CHANGED  
[02/03/26, 10:05:01:317] info: Store: DISPLAY_METRICS_CHANGED  
[02/03/26, 10:05:01:328] info: Store: DISPLAY_METRICS_CHANGED  
[02/03/26, 10:05:01:337] info: Store: DISPLAY_METRICS_CHANGED  
[02/03/26, 10:05:01:346] info: Store: DISPLAY_METRICS_CHANGED  
[02/03/26, 10:05:01:355] info: Store: DISPLAY_METRICS_CHANGED  
[02/03/26, 10:05:01:364] info: Store: DISPLAY_METRICS_CHANGED  
[02/03/26, 10:05:01:371] info: Store: DISPLAY_METRICS_CHANGED  
[02/03/26, 10:05:01:381] info: Store: DISPLAY_METRICS_CHANGED  
[02/03/26, 10:05:01:389] info: Store: DISPLAY_METRICS_CHANGED  
[02/03/26, 10:05:01:399] info: Store: DISPLAY_METRICS_CHANGED  
[02/03/26, 10:05:01:405] info: Store: DISPLAY_METRICS_CHANGED  
[02/03/26, 10:05:01:413] info: Store: DISPLAY_METRICS_CHANGED  
[02/03/26, 10:05:03:472] info: Store: DISPLAY_METRICS_CHANGED  
[02/03/26, 10:05:03:484] info: Store: DISPLAY_METRICS_CHANGED  
[02/03/26, 10:05:03:490] info: Store: DISPLAY_METRICS_CHANGED  
[02/03/26, 10:05:03:496] info: Store: DISPLAY_METRICS_CHANGED  
[02/03/26, 10:05:03:505] info: Store: DISPLAY_METRICS_CHANGED  
[02/03/26, 10:05:03:511] info: Store: DISPLAY_METRICS_CHANGED  
[02/03/26, 10:05:03:519] info: Store: DISPLAY_METRICS_CHANGED  
[02/03/26, 10:05:03:523] info: Store: DISPLAY_METRICS_CHANGED  
[02/03/26, 10:05:03:531] info: Store: DISPLAY_METRICS_CHANGED  
[02/03/26, 10:05:03:539] info: Store: DISPLAY_METRICS_CHANGED  
[02/03/26, 10:05:03:548] info: Store: DISPLAY_METRICS_CHANGED  
[02/03/26, 10:05:03:556] info: Store: DISPLAY_METRICS_CHANGED  
[02/03/26, 10:05:03:564] info: Store: DISPLAY_METRICS_CHANGED  
[02/03/26, 10:05:03:573] info: Store: DISPLAY_METRICS_CHANGED  
[02/03/26, 10:05:03:581] info: Store: DISPLAY_METRICS_CHANGED  
[02/03/26, 10:05:03:589] info: Store: DISPLAY_METRICS_CHANGED  
[02/03/26, 10:05:08:225] info: Store: SET_SYSTEM_IDLE active 
[02/03/26, 10:05:08:226] info: [DESKTOP-SIDE-EFFECT] Update from desktop for keys  ["app"] 
[02/03/26, 10:05:38:236] info: Store: SET_SYSTEM_IDLE idle 
[02/03/26, 10:05:38:238] info: [DESKTOP-SIDE-EFFECT] Update from desktop for keys  ["app"] 
[02/03/26, 10:07:05:299] info: Store: DISPLAY_METRICS_CHANGED  
[02/03/26, 10:07:05:315] info: Store: DISPLAY_METRICS_CHANGED  
[02/03/26, 10:07:05:330] info: Store: DISPLAY_METRICS_CHANGED  
[02/03/26, 10:07:05:346] info: Store: DISPLAY_METRICS_CHANGED  
[02/03/26, 10:07:05:364] info: Store: DISPLAY_METRICS_CHANGED  
[02/03/26, 10:07:05:379] info: Store: DISPLAY_METRICS_CHANGED  
[02/03/26, 10:07:05:397] info: Store: DISPLAY_METRICS_CHANGED  
[02/03/26, 10:07:05:412] info: Store: DISPLAY_METRICS_CHANGED  
[02/03/26, 10:08:50:649] info: Store: DISPLAY_METRICS_CHANGED  
[02/03/26, 10:08:50:657] info: Store: DISPLAY_METRICS_CHANGED  
[02/03/26, 10:08:50:666] info: Store: DISPLAY_METRICS_CHANGED  
[02/03/26, 10:08:50:680] info: Store: DISPLAY_METRICS_CHANGED  
[02/03/26, 10:08:50:688] info: Store: DISPLAY_METRICS_CHANGED  
[02/03/26, 10:08:50:695] info: Store: DISPLAY_METRICS_CHANGED  
[02/03/26, 10:08:50:702] info: Store: DISPLAY_METRICS_CHANGED  
[02/03/26, 10:08:50:709] info: Store: DISPLAY_METRICS_CHANGED  
[02/03/26, 10:08:50:717] info: Store: DISPLAY_METRICS_CHANGED  
[02/03/26, 10:08:50:723] info: Store: DISPLAY_METRICS_CHANGED  
[02/03/26, 10:08:50:730] info: Store: DISPLAY_METRICS_CHANGED  
[02/03/26, 10:08:50:738] info: Store: DISPLAY_METRICS_CHANGED  
[02/03/26, 10:08:50:746] info: Store: DISPLAY_METRICS_CHANGED  
[02/03/26, 10:08:50:755] info: Store: DISPLAY_METRICS_CHANGED  
[02/03/26, 10:08:50:762] info: Store: DISPLAY_METRICS_CHANGED  
[02/03/26, 10:08:58:378] info: Store: SET_SYSTEM_IDLE active 
[02/03/26, 10:08:58:379] info: [DESKTOP-SIDE-EFFECT] Update from desktop for keys  ["app"] 
[02/03/26, 10:10:08:424] info: Store: SET_SYSTEM_IDLE idle 
[02/03/26, 10:10:08:428] info: [DESKTOP-SIDE-EFFECT] Update from desktop for keys  ["app"] 
[02/03/26, 10:11:40:301] info: Store: DISPLAY_METRICS_CHANGED  
[02/03/26, 10:11:40:309] info: Store: DISPLAY_METRICS_CHANGED  
[02/03/26, 10:11:40:321] info: Store: DISPLAY_METRICS_CHANGED  
[02/03/26, 10:11:40:361] info: Store: DISPLAY_METRICS_CHANGED  
[02/03/26, 10:11:40:373] info: Store: DISPLAY_METRICS_CHANGED  
[02/03/26, 10:11:40:396] info: Store: DISPLAY_METRICS_CHANGED  
[02/03/26, 10:11:40:409] info: Store: DISPLAY_METRICS_CHANGED  
[02/03/26, 10:11:40:421] info: Store: DISPLAY_METRICS_CHANGED  
[02/03/26, 10:11:40:425] info: Store: DISPLAY_METRICS_CHANGED  
[02/03/26, 10:11:40:432] info: Store: DISPLAY_METRICS_CHANGED  
[02/03/26, 10:11:40:440] info: Store: DISPLAY_METRICS_CHANGED  
[02/03/26, 10:11:40:447] info: Store: DISPLAY_METRICS_CHANGED  
[02/03/26, 10:11:42:638] info: Store: DISPLAY_METRICS_CHANGED  
[02/03/26, 10:11:42:662] info: Store: DISPLAY_METRICS_CHANGED  
[02/03/26, 10:11:42:677] info: Store: DISPLAY_METRICS_CHANGED  
[02/03/26, 10:11:42:692] info: Store: DISPLAY_METRICS_CHANGED  
[02/03/26, 10:11:42:709] info: Store: DISPLAY_METRICS_CHANGED  
[02/03/26, 10:11:42:724] info: Store: DISPLAY_METRICS_CHANGED  
[02/03/26, 10:11:42:737] info: Store: DISPLAY_METRICS_CHANGED  
[02/03/26, 10:11:42:750] info: Store: DISPLAY_METRICS_CHANGED  
[02/03/26, 10:11:42:756] info: Store: DISPLAY_METRICS_CHANGED  
[02/03/26, 10:11:42:765] info: Store: DISPLAY_METRICS_CHANGED  
[02/03/26, 10:11:42:772] info: Store: DISPLAY_METRICS_CHANGED  
[02/03/26, 10:11:48:487] info: Store: SET_SYSTEM_IDLE active 
[02/03/26, 10:11:48:490] info: [DESKTOP-SIDE-EFFECT] Update from desktop for keys  ["app"] 
[02/03/26, 10:12:18:497] info: Store: SET_SYSTEM_IDLE idle 
[02/03/26, 10:12:18:501] info: [DESKTOP-SIDE-EFFECT] Update from desktop for keys  ["app"] 
[02/03/26, 10:13:43:301] info: Store: DISPLAY_METRICS_CHANGED  
[02/03/26, 10:13:43:330] info: Store: DISPLAY_METRICS_CHANGED  
[02/03/26, 10:13:43:344] info: Store: DISPLAY_METRICS_CHANGED  
[02/03/26, 10:13:43:365] info: Store: DISPLAY_METRICS_CHANGED  
[02/03/26, 10:13:43:377] info: Store: DISPLAY_METRICS_CHANGED  
[02/03/26, 10:13:43:399] info: Store: DISPLAY_METRICS_CHANGED  
[02/03/26, 10:13:43:410] info: Store: DISPLAY_METRICS_CHANGED  
[02/03/26, 10:13:43:423] info: Store: DISPLAY_METRICS_CHANGED  
[02/03/26, 10:13:43:432] info: Store: DISPLAY_METRICS_CHANGED  
[02/03/26, 10:13:43:434] info: Store: DISPLAY_METRICS_CHANGED  
[02/03/26, 10:13:46:420] info: Store: DISPLAY_METRICS_CHANGED  
[02/03/26, 10:13:46:446] info: Store: DISPLAY_METRICS_CHANGED  
[02/03/26, 10:13:46:463] info: Store: DISPLAY_METRICS_CHANGED  
[02/03/26, 10:13:46:482] info: Store: DISPLAY_METRICS_CHANGED  
[02/03/26, 10:13:46:495] info: Store: DISPLAY_METRICS_CHANGED  
[02/03/26, 10:13:46:508] info: Store: DISPLAY_METRICS_CHANGED  
[02/03/26, 10:13:46:516] info: Store: DISPLAY_METRICS_CHANGED  
[02/03/26, 10:13:46:523] info: Store: DISPLAY_METRICS_CHANGED  
[02/03/26, 10:13:46:532] info: Store: DISPLAY_METRICS_CHANGED  
[02/03/26, 10:13:46:540] info: Store: DISPLAY_METRICS_CHANGED  
[02/03/26, 10:13:46:549] info: Store: DISPLAY_METRICS_CHANGED  
[02/03/26, 10:13:48:559] info: Store: SET_SYSTEM_IDLE active 
[02/03/26, 10:13:48:562] info: [DESKTOP-SIDE-EFFECT] Update from desktop for keys  ["app"] 
[02/03/26, 10:14:18:569] info: Store: SET_SYSTEM_IDLE idle 
[02/03/26, 10:14:18:573] info: [DESKTOP-SIDE-EFFECT] Update from desktop for keys  ["app"] 
[02/03/26, 10:14:44:684] info: [RTM-EVENT-METRICS] Metrics collection sampling has been reset. 
[02/03/26, 10:15:14:188] warn: SOCKET-MANAGER (T06AU05DL0L) Socket was closed because #1006: generic error 
[02/03/26, 10:15:14:189] info: [SOCKET-MANAGER] (T06AU05DL0L) Changing from connected to error 
[02/03/26, 10:15:14:190] info: [SOCKET-MANAGER] (T06AU05DL0L) will stay in error state for up to 10000 ms 
[02/03/26, 10:15:14:191] info: [SOCKET-MANAGER] (T06AU05DL0L) Changing from error to wait_for_rate_limit 
[02/03/26, 10:15:14:191] info: [SOCKET-MANAGER] (T06AU05DL0L) will stay in wait_for_rate_limit state for up to 120000 ms 
[02/03/26, 10:15:14:192] info: [SOCKET-MANAGER] (T06AU05DL0L) backing off: will wait for 296 ms 
[02/03/26, 10:15:14:193] info: [EVENTLOG] (T06AU05DL0L) socket was closed while we were fetching history; cancelling our request 
[02/03/26, 10:15:14:490] info: [SOCKET-MANAGER] (T06AU05DL0L) Changing from wait_for_rate_limit to connect 
[02/03/26, 10:15:14:491] info: [SOCKET-MANAGER] (T06AU05DL0L) will stay in connect state for up to 10000 ms 
[02/03/26, 10:15:14:492] info: [SOCKET-MANAGER] (T06AU05DL0L) Changing from connect to checking_fast_reconnect 
[02/03/26, 10:15:14:493] info: [SOCKET-MANAGER] (T06AU05DL0L) will stay in checking_fast_reconnect state for up to 60000 ms 
[02/03/26, 10:15:14:493] info: [SOCKET-MANAGER] (T06AU05DL0L) Attempting to connect to primary region 
[02/03/26, 10:15:14:494] info: [SOCKET-MANAGER] (T06AU05DL0L) Changing from checking_fast_reconnect to fast_reconnecting 
[02/03/26, 10:15:14:494] info: [SOCKET-MANAGER] (T06AU05DL0L) will stay in fast_reconnecting state for up to 20000 ms 
[02/03/26, 10:15:14:904] warn: SOCKET-MANAGER (T08KF7TD5AN) Socket was closed because #1006: generic error 
[02/03/26, 10:15:14:905] info: [SOCKET-MANAGER] (T08KF7TD5AN) Changing from connected to error 
[02/03/26, 10:15:14:906] info: [SOCKET-MANAGER] (T08KF7TD5AN) will stay in error state for up to 10000 ms 
[02/03/26, 10:15:14:907] info: [SOCKET-MANAGER] (T08KF7TD5AN) Changing from error to wait_for_rate_limit 
[02/03/26, 10:15:14:907] info: [SOCKET-MANAGER] (T08KF7TD5AN) will stay in wait_for_rate_limit state for up to 120000 ms 
[02/03/26, 10:15:14:907] info: [SOCKET-MANAGER] (T08KF7TD5AN) backing off: will wait for 822 ms 
[02/03/26, 10:15:14:908] info: [EVENTLOG] (T08KF7TD5AN) socket was closed while we were fetching history; cancelling our request 
[02/03/26, 10:15:14:911] info: [SOCKET-MANAGER] (T06AU05DL0L) Changing from fast_reconnecting to connected 
[02/03/26, 10:15:14:912] info: [SOCKET-MANAGER] (T06AU05DL0L) will stay in connected state for up to Infinity ms 
[02/03/26, 10:15:14:912] info: [SOCKET-MANAGER] (T06AU05DL0L) Connected to primary region 
[02/03/26, 10:15:14:916] info: [EVENTLOG] (T06AU05DL0L) fr=true, lc=false, lt=1770079483.000500 
[02/03/26, 10:15:14:919] info: [API-Q] (T06AU05DL0L) 2daffbe9-1770081314.918 sfdc.integration.listOrgs called with reason: fetch-orgs-and-sign-in-silently-v2 
[02/03/26, 10:15:14:919] info: [API-Q] (T06AU05DL0L) 2daffbe9-1770081314.918 sfdc.integration.listOrgs is ENQUEUED 
[02/03/26, 10:15:14:924] info: [API-Q] (T06AU05DL0L) noversion-1770081314.922 Flannel users/info called with reason: flannel-call:users/info 
[02/03/26, 10:15:14:924] info: [API-Q] (T06AU05DL0L) noversion-1770081314.922 Flannel users/info is ENQUEUED 
[02/03/26, 10:15:14:926] info: [API-Q] (T06AU05DL0L) 2daffbe9-1770081314.918 sfdc.integration.listOrgs is ACTIVE 
[02/03/26, 10:15:14:926] info: [API-Q] (T06AU05DL0L) noversion-1770081314.922 Flannel users/info is ACTIVE 
[02/03/26, 10:15:15:123] info: [API-Q] (T06AU05DL0L) noversion-1770081314.922 Flannel users/info is RESOLVED 
[02/03/26, 10:15:15:454] info: [API-Q] (T06AU05DL0L) 2daffbe9-1770081314.918 sfdc.integration.listOrgs is RESOLVED 
[02/03/26, 10:15:15:730] info: [SOCKET-MANAGER] (T08KF7TD5AN) Changing from wait_for_rate_limit to connect 
[02/03/26, 10:15:15:732] info: [SOCKET-MANAGER] (T08KF7TD5AN) will stay in connect state for up to 10000 ms 
[02/03/26, 10:15:15:733] info: [SOCKET-MANAGER] (T08KF7TD5AN) Changing from connect to checking_fast_reconnect 
[02/03/26, 10:15:15:733] info: [SOCKET-MANAGER] (T08KF7TD5AN) will stay in checking_fast_reconnect state for up to 60000 ms 
[02/03/26, 10:15:15:733] info: [SOCKET-MANAGER] (T08KF7TD5AN) Attempting to connect to primary region 
[02/03/26, 10:15:15:734] info: [SOCKET-MANAGER] (T08KF7TD5AN) Changing from checking_fast_reconnect to fast_reconnecting 
[02/03/26, 10:15:15:734] info: [SOCKET-MANAGER] (T08KF7TD5AN) will stay in fast_reconnecting state for up to 20000 ms 
[02/03/26, 10:15:35:735] warn: SOCKET-MANAGER (T08KF7TD5AN) Closing socket because we spent 20000 ms in fast_reconnecting state; giving up 
[02/03/26, 10:15:35:735] info: [SOCKET-MANAGER] (T08KF7TD5AN) Closing socket because #4107: client state machine got stuck 
[02/03/26, 10:15:35:736] info: [SLACK-SOCKET] socket.close() has been initiated with statusCode 4107 and description client state machine got stuck 
[02/03/26, 10:15:35:736] info: [SOCKET-MANAGER] (T08KF7TD5AN) Changing from fast_reconnecting to error 
[02/03/26, 10:15:35:736] info: [SOCKET-MANAGER] (T08KF7TD5AN) will stay in error state for up to 10000 ms 
[02/03/26, 10:15:35:736] info: [SOCKET-MANAGER] (T08KF7TD5AN) Changing from error to wait_for_rate_limit 
[02/03/26, 10:15:35:736] info: [SOCKET-MANAGER] (T08KF7TD5AN) will stay in wait_for_rate_limit state for up to 120000 ms 
[02/03/26, 10:15:35:738] info: [SOCKET-MANAGER] (T08KF7TD5AN) backing off: will wait for 1422 ms 
[02/03/26, 10:15:37:161] info: [SOCKET-MANAGER] (T08KF7TD5AN) Changing from wait_for_rate_limit to connect 
[02/03/26, 10:15:37:162] info: [SOCKET-MANAGER] (T08KF7TD5AN) will stay in connect state for up to 10000 ms 
[02/03/26, 10:15:37:162] info: [SOCKET-MANAGER] (T08KF7TD5AN) Changing from connect to checking_fast_reconnect 
[02/03/26, 10:15:37:162] info: [SOCKET-MANAGER] (T08KF7TD5AN) will stay in checking_fast_reconnect state for up to 60000 ms 
[02/03/26, 10:15:37:163] info: [SOCKET-MANAGER] (T08KF7TD5AN) Attempting to connect to primary region 
[02/03/26, 10:15:37:163] info: [SOCKET-MANAGER] (T08KF7TD5AN) Changing from checking_fast_reconnect to fast_reconnecting 
[02/03/26, 10:15:37:163] info: [SOCKET-MANAGER] (T08KF7TD5AN) will stay in fast_reconnecting state for up to 20000 ms 
[02/03/26, 10:15:37:346] info: [SOCKET-MANAGER] (T08KF7TD5AN) Changing from fast_reconnecting to connected 
[02/03/26, 10:15:37:346] info: [SOCKET-MANAGER] (T08KF7TD5AN) will stay in connected state for up to Infinity ms 
[02/03/26, 10:15:37:347] info: [SOCKET-MANAGER] (T08KF7TD5AN) Connected to primary region 
[02/03/26, 10:15:37:350] info: [EVENTLOG] (T08KF7TD5AN) fr=true, lc=false, lt=1770079485.010000 
[02/03/26, 10:15:37:352] info: [API-Q] (T08KF7TD5AN) 2daffbe9-1770081337.351 sfdc.integration.listOrgs called with reason: fetch-orgs-and-sign-in-silently-v2 
[02/03/26, 10:15:37:353] info: [API-Q] (T08KF7TD5AN) 2daffbe9-1770081337.351 sfdc.integration.listOrgs is ENQUEUED 
[02/03/26, 10:15:37:354] info: [API-Q] (T08KF7TD5AN) 2daffbe9-1770081337.351 sfdc.integration.listOrgs is ACTIVE 
[02/03/26, 10:15:37:745] info: [API-Q] (T08KF7TD5AN) 2daffbe9-1770081337.351 sfdc.integration.listOrgs is RESOLVED 
[02/03/26, 10:15:46:297] info: Store: DISPLAY_METRICS_CHANGED  
[02/03/26, 10:15:46:324] info: Store: DISPLAY_METRICS_CHANGED  
[02/03/26, 10:15:46:343] info: Store: DISPLAY_METRICS_CHANGED  
[02/03/26, 10:15:46:358] info: Store: DISPLAY_METRICS_CHANGED  
[02/03/26, 10:15:46:372] info: Store: DISPLAY_METRICS_CHANGED  
[02/03/26, 10:15:46:384] info: Store: DISPLAY_METRICS_CHANGED  
[02/03/26, 10:15:46:405] info: Store: DISPLAY_METRICS_CHANGED  
[02/03/26, 10:15:46:406] info: Store: DISPLAY_METRICS_CHANGED  
[02/03/26, 10:15:46:412] info: Store: DISPLAY_METRICS_CHANGED  
[02/03/26, 10:15:46:422] info: Store: DISPLAY_METRICS_CHANGED  
[02/03/26, 10:15:49:380] info: Store: DISPLAY_METRICS_CHANGED  
[02/03/26, 10:15:49:405] info: Store: DISPLAY_METRICS_CHANGED  
[02/03/26, 10:15:49:420] info: Store: DISPLAY_METRICS_CHANGED  
[02/03/26, 10:15:49:436] info: Store: DISPLAY_METRICS_CHANGED  
[02/03/26, 10:15:49:452] info: Store: DISPLAY_METRICS_CHANGED  
[02/03/26, 10:15:49:461] info: Store: DISPLAY_METRICS_CHANGED  
[02/03/26, 10:15:49:466] info: Store: DISPLAY_METRICS_CHANGED  
[02/03/26, 10:15:49:471] info: Store: DISPLAY_METRICS_CHANGED  
[02/03/26, 10:15:49:480] info: Store: DISPLAY_METRICS_CHANGED  
[02/03/26, 10:15:49:489] info: Store: DISPLAY_METRICS_CHANGED  
[02/03/26, 10:15:49:498] info: Store: DISPLAY_METRICS_CHANGED  
[02/03/26, 10:15:49:504] info: Store: DISPLAY_METRICS_CHANGED  
[02/03/26, 10:15:58:603] info: [API-Q] (T08KF7TD5AN) noversion-1770081358.602 Flannel users/info called with reason: flannel-call:users/info 
[02/03/26, 10:15:58:603] info: [API-Q] (T08KF7TD5AN) noversion-1770081358.602 Flannel users/info is ENQUEUED 
[02/03/26, 10:15:58:603] info: [API-Q] (T08KF7TD5AN) noversion-1770081358.602 Flannel users/info is ACTIVE 
[02/03/26, 10:15:58:605] info: Store: SET_SYSTEM_IDLE active 
[02/03/26, 10:15:58:607] info: [DESKTOP-SIDE-EFFECT] Update from desktop for keys  ["app"] 
[02/03/26, 10:15:58:655] info: [API-Q] (T08KF7TD5AN) noversion-1770081358.602 Flannel users/info is RESOLVED 
[02/03/26, 10:16:18:611] info: Store: SET_SYSTEM_IDLE idle 
[02/03/26, 10:16:18:615] info: [DESKTOP-SIDE-EFFECT] Update from desktop for keys  ["app"] 
[02/03/26, 10:16:28:617] info: Store: SET_SYSTEM_IDLE active 
[02/03/26, 10:16:28:619] info: [DESKTOP-SIDE-EFFECT] Update from desktop for keys  ["app"] 
[02/03/26, 10:16:44:911] info: [SLACK-SOCKET] socket.close() has been initiated with statusCode 4998 and description Too long since we received a pong 
[02/03/26, 10:16:48:620] warn: SLACK-SOCKET SLACK-SOCKET Tried to send tickle. but our socket is closed; readyState = 2 
[02/03/26, 10:16:48:622] warn: TICKLE-MS (T06AU05DL0L) Sending tickle event failed; will try again the next time we get reconnected 
[02/03/26, 10:16:48:623] info: [TICKLE-MS] (T06AU05DL0L) Retrying tickle event that failed earlier 
[02/03/26, 10:16:48:623] warn: SLACK-SOCKET SLACK-SOCKET Tried to send tickle. but our socket is closed; readyState = 2 
[02/03/26, 10:16:48:624] warn: TICKLE-MS (T06AU05DL0L) Tickle retry failed with error: Error: socket_closed 
[02/03/26, 10:17:08:641] warn: SLACK-SOCKET SLACK-SOCKET Tried to send tickle. but our socket is closed; readyState = 2 
[02/03/26, 10:17:08:642] warn: TICKLE-MS (T06AU05DL0L) Sending tickle event failed; will try again the next time we get reconnected 
[02/03/26, 10:17:08:642] info: [TICKLE-MS] (T06AU05DL0L) Retrying tickle event that failed earlier 
[02/03/26, 10:17:08:643] warn: SLACK-SOCKET SLACK-SOCKET Tried to send tickle. but our socket is closed; readyState = 2 
[02/03/26, 10:17:08:643] warn: TICKLE-MS (T06AU05DL0L) Tickle retry failed with error: Error: socket_closed 
[02/03/26, 10:17:14:923] info: [CHECK-FOR-OLD-CHANNEL] (T06AU05DL0L) Start cleaning up DMs/MPDMs — starting with 11 entries. 
[02/03/26, 10:17:14:923] info: [CHECK-FOR-OLD-CHANNEL] (T06AU05DL0L) Eligible DMs/MPDMs for cleanup — [external DMs]:0, [internal DMs]: 11, [app DMs]: 0 
[02/03/26, 10:17:14:924] info: [CHECK-FOR-OLD-CHANNEL] (T06AU05DL0L) Identified 0 DMs/MPDMs of externalDMs type for closure 
[02/03/26, 10:17:14:924] info: [CHECK-FOR-OLD-CHANNEL] (T06AU05DL0L) Not eligible D07MBHNNPGE: Slackbot 
[02/03/26, 10:17:14:924] info: [CHECK-FOR-OLD-CHANNEL] (T06AU05DL0L) Not eligible D07MJ421FB5: Not idle 
[02/03/26, 10:17:14:925] info: [CHECK-FOR-OLD-CHANNEL] (T06AU05DL0L) Not eligible D07MJ6RJF98: Self DM 
[02/03/26, 10:17:14:925] info: [CHECK-FOR-OLD-CHANNEL] (T06AU05DL0L) Identified 0 DMs/MPDMs of internalDMs type for closure 
[02/03/26, 10:17:14:925] info: [CHECK-FOR-OLD-CHANNEL] (T06AU05DL0L) Identified 0 DMs/MPDMs of appDMs type for closure 
[02/03/26, 10:17:28:655] warn: SLACK-SOCKET SLACK-SOCKET Tried to send tickle. but our socket is closed; readyState = 2 
[02/03/26, 10:17:28:656] warn: TICKLE-MS (T06AU05DL0L) Sending tickle event failed; will try again the next time we get reconnected 
[02/03/26, 10:17:28:656] info: [TICKLE-MS] (T06AU05DL0L) Retrying tickle event that failed earlier 
[02/03/26, 10:17:28:657] warn: SLACK-SOCKET SLACK-SOCKET Tried to send tickle. but our socket is closed; readyState = 2 
[02/03/26, 10:17:28:657] warn: TICKLE-MS (T06AU05DL0L) Tickle retry failed with error: Error: socket_closed 
[02/03/26, 10:17:37:354] info: [CHECK-FOR-OLD-CHANNEL] (T08KF7TD5AN) Start cleaning up DMs/MPDMs — starting with 6 entries. 
[02/03/26, 10:17:37:354] info: [CHECK-FOR-OLD-CHANNEL] (T08KF7TD5AN) Eligible DMs/MPDMs for cleanup — [external DMs]:0, [internal DMs]: 6, [app DMs]: 0 
[02/03/26, 10:17:37:354] info: [CHECK-FOR-OLD-CHANNEL] (T08KF7TD5AN) Identified 0 DMs/MPDMs of externalDMs type for closure 
[02/03/26, 10:17:37:354] info: [CHECK-FOR-OLD-CHANNEL] (T08KF7TD5AN) Not eligible D08KAB9CCVB: Not idle 
[02/03/26, 10:17:37:354] info: [CHECK-FOR-OLD-CHANNEL] (T08KF7TD5AN) Not eligible D08KG48JDNG: Slackbot 
[02/03/26, 10:17:37:355] info: [CHECK-FOR-OLD-CHANNEL] (T08KF7TD5AN) Not eligible D08KG48KFLL: Self DM 
[02/03/26, 10:17:37:355] info: [CHECK-FOR-OLD-CHANNEL] (T08KF7TD5AN) Not eligible D08KG4AU4J0: Not idle 
[02/03/26, 10:17:37:355] info: [CHECK-FOR-OLD-CHANNEL] (T08KF7TD5AN) Identified 0 DMs/MPDMs of internalDMs type for closure 
[02/03/26, 10:17:37:355] info: [CHECK-FOR-OLD-CHANNEL] (T08KF7TD5AN) Identified 0 DMs/MPDMs of appDMs type for closure 
[02/03/26, 10:17:44:920] warn: SOCKET-MANAGER (T06AU05DL0L) Socket was closed because #1006: generic error 
[02/03/26, 10:17:44:922] info: [SOCKET-MANAGER] (T06AU05DL0L) Changing from connected to error 
[02/03/26, 10:17:44:923] info: [SOCKET-MANAGER] (T06AU05DL0L) will stay in error state for up to 10000 ms 
[02/03/26, 10:17:44:923] info: [SOCKET-MANAGER] (T06AU05DL0L) Changing from error to wait_for_rate_limit 
[02/03/26, 10:17:44:924] info: [SOCKET-MANAGER] (T06AU05DL0L) will stay in wait_for_rate_limit state for up to 120000 ms 
[02/03/26, 10:17:44:924] info: [SOCKET-MANAGER] (T06AU05DL0L) backing off: will wait for 930 ms 
[02/03/26, 10:17:45:854] info: [SOCKET-MANAGER] (T06AU05DL0L) Changing from wait_for_rate_limit to connect 
[02/03/26, 10:17:45:855] info: [SOCKET-MANAGER] (T06AU05DL0L) will stay in connect state for up to 10000 ms 
[02/03/26, 10:17:45:855] info: [SOCKET-MANAGER] (T06AU05DL0L) Changing from connect to checking_fast_reconnect 
[02/03/26, 10:17:45:855] info: [SOCKET-MANAGER] (T06AU05DL0L) will stay in checking_fast_reconnect state for up to 60000 ms 
[02/03/26, 10:17:45:856] info: [SOCKET-MANAGER] (T06AU05DL0L) Attempting to connect to primary region 
[02/03/26, 10:17:45:856] info: [SOCKET-MANAGER] (T06AU05DL0L) Changing from checking_fast_reconnect to fast_reconnecting 
[02/03/26, 10:17:45:856] info: [SOCKET-MANAGER] (T06AU05DL0L) will stay in fast_reconnecting state for up to 20000 ms 
[02/03/26, 10:17:46:755] info: [SOCKET-MANAGER] (T06AU05DL0L) Changing from fast_reconnecting to connected 
[02/03/26, 10:17:46:755] info: [SOCKET-MANAGER] (T06AU05DL0L) will stay in connected state for up to Infinity ms 
[02/03/26, 10:17:46:755] info: [SOCKET-MANAGER] (T06AU05DL0L) Connected to primary region 
[02/03/26, 10:17:46:758] info: [EVENTLOG] (T06AU05DL0L) fr=true, lc=false, lt=1770079483.000500 
[02/03/26, 10:17:46:759] info: [API-Q] (T06AU05DL0L) 2daffbe9-1770081466.758 sfdc.integration.listOrgs called with reason: fetch-orgs-and-sign-in-silently-v2 
[02/03/26, 10:17:46:759] info: [API-Q] (T06AU05DL0L) 2daffbe9-1770081466.758 sfdc.integration.listOrgs is ENQUEUED 
[02/03/26, 10:17:46:761] info: [API-Q] (T06AU05DL0L) noversion-1770081466.760 Flannel users/info called with reason: flannel-call:users/info 
[02/03/26, 10:17:46:761] info: [API-Q] (T06AU05DL0L) noversion-1770081466.760 Flannel users/info is ENQUEUED 
[02/03/26, 10:17:46:762] info: [API-Q] (T06AU05DL0L) 2daffbe9-1770081466.758 sfdc.integration.listOrgs is ACTIVE 
[02/03/26, 10:17:46:763] info: [API-Q] (T06AU05DL0L) noversion-1770081466.760 Flannel users/info is ACTIVE 
[02/03/26, 10:17:47:503] info: [API-Q] (T06AU05DL0L) noversion-1770081466.760 Flannel users/info is RESOLVED 
[02/03/26, 10:17:47:603] info: [API-Q] (T06AU05DL0L) 2daffbe9-1770081466.758 sfdc.integration.listOrgs is RESOLVED 
[02/03/26, 10:17:48:656] info: Store: SET_SYSTEM_IDLE idle 
[02/03/26, 10:17:48:660] info: [DESKTOP-SIDE-EFFECT] Update from desktop for keys  ["app"] 
[02/03/26, 10:18:08:674] info: Store: SET_SYSTEM_IDLE active 
[02/03/26, 10:18:08:677] info: [DESKTOP-SIDE-EFFECT] Update from desktop for keys  ["app"] 
[02/03/26, 10:19:08:699] info: Store: SET_SYSTEM_IDLE idle 
[02/03/26, 10:19:08:702] info: [DESKTOP-SIDE-EFFECT] Update from desktop for keys  ["app"] 
[02/03/26, 10:19:46:761] info: [CHECK-FOR-OLD-CHANNEL] (T06AU05DL0L) Start cleaning up DMs/MPDMs — starting with 11 entries. 
[02/03/26, 10:19:46:761] info: [CHECK-FOR-OLD-CHANNEL] (T06AU05DL0L) Eligible DMs/MPDMs for cleanup — [external DMs]:0, [internal DMs]: 11, [app DMs]: 0 
[02/03/26, 10:19:46:761] info: [CHECK-FOR-OLD-CHANNEL] (T06AU05DL0L) Identified 0 DMs/MPDMs of externalDMs type for closure 
[02/03/26, 10:19:46:762] info: [CHECK-FOR-OLD-CHANNEL] (T06AU05DL0L) Not eligible D07MBHNNPGE: Slackbot 
[02/03/26, 10:19:46:762] info: [CHECK-FOR-OLD-CHANNEL] (T06AU05DL0L) Not eligible D07MJ421FB5: Not idle 
[02/03/26, 10:19:46:762] info: [CHECK-FOR-OLD-CHANNEL] (T06AU05DL0L) Not eligible D07MJ6RJF98: Self DM 
[02/03/26, 10:19:46:762] info: [CHECK-FOR-OLD-CHANNEL] (T06AU05DL0L) Identified 0 DMs/MPDMs of internalDMs type for closure 
[02/03/26, 10:19:46:763] info: [CHECK-FOR-OLD-CHANNEL] (T06AU05DL0L) Identified 0 DMs/MPDMs of appDMs type for closure 
[02/03/26, 10:20:08:741] info: Store: SET_SYSTEM_IDLE active 
[02/03/26, 10:20:08:744] info: [DESKTOP-SIDE-EFFECT] Update from desktop for keys  ["app"] 
[02/03/26, 10:20:37:354] info: [SIDEBAR-NOISE-METRICS] (T08KF7TD5AN) Logging sidebar noise metrics 
[02/03/26, 10:20:37:355] info: [SIDEBAR-STATS] (T08KF7TD5AN) Begin gathering sidebar stats 
[02/03/26, 10:20:37:356] info: [SIDEBAR-NOISE-METRICS] (T08KF7TD5AN) Updated sidebar metrics for today 
[02/03/26, 10:21:32:004] info: [FOCUS-EVENT] (T06AU05DL0L) Main window focused 
[02/03/26, 10:21:32:134] info: [CHECK-UNREADS] (T06AU05DL0L) Checking unreads after window became focused 
[02/03/26, 10:21:32:134] info: [CHECK-UNREADS] (T06AU05DL0L) Not marking D07MJ421FB5 because last_read >= latest && channel is read 
[02/03/26, 10:21:39:801] info: Breadcrumb: ui.click: ul.p-rich_text_list.p-rich_text_list__bullet.p-rich_text_list--nested > li  
[02/03/26, 10:21:43:149] info: Breadcrumb: ui.click: ul.p-rich_text_list.p-rich_text_list__bullet.p-rich_text_list--nested > li  
[02/03/26, 10:21:44:198] info: Breadcrumb: ui.click: ul.p-rich_text_list.p-rich_text_list__bullet.p-rich_text_list--nested > li  
[02/03/26, 10:21:46:233] info: Breadcrumb: ui.click: ul.p-rich_text_list.p-rich_text_list__bullet.p-rich_text_list--nested > li  
[02/03/26, 10:21:48:992] info: Breadcrumb: ui.click: ul.p-rich_text_list.p-rich_text_list__bullet.p-rich_text_list--nested > li  
[02/03/26, 10:21:58:024] info: [FOCUS-EVENT] (T06AU05DL0L) Main window blurred 
[02/03/26, 10:22:18:352] info: [FOCUS-EVENT] (T06AU05DL0L) Main window focused 
[02/03/26, 10:22:18:495] info: [CHECK-UNREADS] (T06AU05DL0L) Checking unreads after window became focused 
[02/03/26, 10:22:18:496] info: [CHECK-UNREADS] (T06AU05DL0L) Not marking D07MJ421FB5 because last_read >= latest && channel is read 
[02/03/26, 10:22:20:679] info: [FOCUS-EVENT] (T06AU05DL0L) Main window blurred 
[02/03/26, 10:22:46:761] info: [SIDEBAR-NOISE-METRICS] (T06AU05DL0L) Logging sidebar noise metrics 
[02/03/26, 10:22:46:761] info: [SIDEBAR-STATS] (T06AU05DL0L) Begin gathering sidebar stats 
[02/03/26, 10:22:46:763] info: [SIDEBAR-NOISE-METRICS] (T06AU05DL0L) Updated sidebar metrics for today 
[02/03/26, 10:24:44:686] info: [RTM-EVENT-METRICS] Metrics collection sampling has been reset. 
[02/03/26, 10:28:19:074] info: Store: SET_SYSTEM_IDLE idle 
[02/03/26, 10:28:19:077] info: [DESKTOP-SIDE-EFFECT] Update from desktop for keys  ["app"] 
[02/03/26, 10:29:52:305] info: Store: DISPLAY_METRICS_CHANGED  
[02/03/26, 10:29:52:336] info: Store: DISPLAY_METRICS_CHANGED  
[02/03/26, 10:29:52:363] info: Store: DISPLAY_METRICS_CHANGED  
[02/03/26, 10:29:52:388] info: Store: DISPLAY_METRICS_CHANGED  
[02/03/26, 10:29:52:406] info: Store: DISPLAY_METRICS_CHANGED  
[02/03/26, 10:29:52:420] info: Store: DISPLAY_METRICS_CHANGED  
[02/03/26, 10:29:52:441] info: Store: DISPLAY_METRICS_CHANGED  
[02/03/26, 10:29:52:451] info: Store: DISPLAY_METRICS_CHANGED  
[02/03/26, 10:29:52:456] info: Store: DISPLAY_METRICS_CHANGED  
[02/03/26, 10:29:52:464] info: Store: DISPLAY_METRICS_CHANGED  
[02/03/26, 10:29:52:471] info: Store: DISPLAY_METRICS_CHANGED  
[02/03/26, 10:29:55:267] info: Store: DISPLAY_METRICS_CHANGED  
[02/03/26, 10:29:55:298] info: Store: DISPLAY_METRICS_CHANGED  
[02/03/26, 10:29:55:325] info: Store: DISPLAY_METRICS_CHANGED  
[02/03/26, 10:29:55:340] info: Store: DISPLAY_METRICS_CHANGED  
[02/03/26, 10:29:55:350] info: Store: DISPLAY_METRICS_CHANGED  
[02/03/26, 10:29:55:371] info: Store: DISPLAY_METRICS_CHANGED  
[02/03/26, 10:29:55:382] info: Store: DISPLAY_METRICS_CHANGED  
[02/03/26, 10:29:55:401] info: Store: DISPLAY_METRICS_CHANGED  
[02/03/26, 10:29:55:422] info: Store: DISPLAY_METRICS_CHANGED  
[02/03/26, 10:29:59:147] info: Store: SET_SYSTEM_IDLE active 
[02/03/26, 10:29:59:150] info: [DESKTOP-SIDE-EFFECT] Update from desktop for keys  ["app"] 
[02/03/26, 10:30:29:160] info: Store: SET_SYSTEM_IDLE idle 
[02/03/26, 10:30:29:163] info: [DESKTOP-SIDE-EFFECT] Update from desktop for keys  ["app"] 
[02/03/26, 10:31:55:294] info: Store: DISPLAY_METRICS_CHANGED  
[02/03/26, 10:31:55:321] info: Store: DISPLAY_METRICS_CHANGED  
[02/03/26, 10:31:55:339] info: Store: DISPLAY_METRICS_CHANGED  
[02/03/26, 10:31:55:352] info: Store: DISPLAY_METRICS_CHANGED  
[02/03/26, 10:31:55:396] info: Store: DISPLAY_METRICS_CHANGED  
[02/03/26, 10:31:55:422] info: Store: DISPLAY_METRICS_CHANGED  
[02/03/26, 10:31:55:422] info: Store: DISPLAY_METRICS_CHANGED  
[02/03/26, 10:31:55:426] info: Store: DISPLAY_METRICS_CHANGED  
[02/03/26, 10:31:55:429] info: Store: DISPLAY_METRICS_CHANGED  
[02/03/26, 10:31:55:437] info: Store: DISPLAY_METRICS_CHANGED  
[02/03/26, 10:32:37:355] info: [CHECK-FOR-OLD-CHANNEL] (T08KF7TD5AN) Start cleaning up DMs/MPDMs — starting with 6 entries. 
[02/03/26, 10:32:37:355] info: [CHECK-FOR-OLD-CHANNEL] (T08KF7TD5AN) Eligible DMs/MPDMs for cleanup — [external DMs]:0, [internal DMs]: 6, [app DMs]: 0 
[02/03/26, 10:32:37:355] info: [CHECK-FOR-OLD-CHANNEL] (T08KF7TD5AN) Identified 0 DMs/MPDMs of externalDMs type for closure 
[02/03/26, 10:32:37:355] info: [CHECK-FOR-OLD-CHANNEL] (T08KF7TD5AN) Not eligible D08KAB9CCVB: Not idle 
[02/03/26, 10:32:37:355] info: [CHECK-FOR-OLD-CHANNEL] (T08KF7TD5AN) Not eligible D08KG48JDNG: Slackbot 
[02/03/26, 10:32:37:356] info: [CHECK-FOR-OLD-CHANNEL] (T08KF7TD5AN) Not eligible D08KG48KFLL: Self DM 
[02/03/26, 10:32:37:356] info: [CHECK-FOR-OLD-CHANNEL] (T08KF7TD5AN) Not eligible D08KG4AU4J0: Not idle 
[02/03/26, 10:32:37:356] info: [CHECK-FOR-OLD-CHANNEL] (T08KF7TD5AN) Identified 0 DMs/MPDMs of internalDMs type for closure 
[02/03/26, 10:32:37:356] info: [CHECK-FOR-OLD-CHANNEL] (T08KF7TD5AN) Identified 0 DMs/MPDMs of appDMs type for closure 
[02/03/26, 10:33:11:687] info: Store: DISPLAY_METRICS_CHANGED  
[02/03/26, 10:33:11:715] info: Store: DISPLAY_METRICS_CHANGED  
[02/03/26, 10:33:11:733] info: Store: DISPLAY_METRICS_CHANGED  
[02/03/26, 10:33:11:749] info: Store: DISPLAY_METRICS_CHANGED  
[02/03/26, 10:33:11:766] info: Store: DISPLAY_METRICS_CHANGED  
[02/03/26, 10:33:11:771] info: Store: DISPLAY_METRICS_CHANGED  
[02/03/26, 10:33:11:779] info: Store: DISPLAY_METRICS_CHANGED  
[02/03/26, 10:33:11:787] info: Store: DISPLAY_METRICS_CHANGED  
[02/03/26, 10:33:11:795] info: Store: DISPLAY_METRICS_CHANGED  
[02/03/26, 10:33:11:803] info: Store: DISPLAY_METRICS_CHANGED  
[02/03/26, 10:33:11:812] info: Store: DISPLAY_METRICS_CHANGED  
[02/03/26, 10:33:11:820] info: Store: DISPLAY_METRICS_CHANGED  
[02/03/26, 10:33:19:287] info: Store: SET_SYSTEM_IDLE active 
[02/03/26, 10:33:19:290] info: [DESKTOP-SIDE-EFFECT] Update from desktop for keys  ["app"] 
[02/03/26, 10:33:39:288] info: Store: SET_SYSTEM_IDLE idle 
[02/03/26, 10:33:39:292] info: [DESKTOP-SIDE-EFFECT] Update from desktop for keys  ["app"] 
[02/03/26, 10:34:19:321] info: Store: SET_SYSTEM_IDLE active 
[02/03/26, 10:34:19:322] info: [DESKTOP-SIDE-EFFECT] Update from desktop for keys  ["app"] 
[02/03/26, 10:34:44:684] info: [RTM-EVENT-METRICS] Metrics collection sampling has been reset. 
[02/03/26, 10:34:46:762] info: [CHECK-FOR-OLD-CHANNEL] (T06AU05DL0L) Start cleaning up DMs/MPDMs — starting with 11 entries. 
[02/03/26, 10:34:46:763] info: [CHECK-FOR-OLD-CHANNEL] (T06AU05DL0L) Eligible DMs/MPDMs for cleanup — [external DMs]:0, [internal DMs]: 11, [app DMs]: 0 
[02/03/26, 10:34:46:763] info: [CHECK-FOR-OLD-CHANNEL] (T06AU05DL0L) Identified 0 DMs/MPDMs of externalDMs type for closure 
[02/03/26, 10:34:46:763] info: [CHECK-FOR-OLD-CHANNEL] (T06AU05DL0L) Not eligible D07MBHNNPGE: Slackbot 
[02/03/26, 10:34:46:763] info: [CHECK-FOR-OLD-CHANNEL] (T06AU05DL0L) Not eligible D07MJ421FB5: Not idle 
[02/03/26, 10:34:46:764] info: [CHECK-FOR-OLD-CHANNEL] (T06AU05DL0L) Not eligible D07MJ6RJF98: Self DM 
[02/03/26, 10:34:46:764] info: [CHECK-FOR-OLD-CHANNEL] (T06AU05DL0L) Identified 0 DMs/MPDMs of internalDMs type for closure 
[02/03/26, 10:34:46:764] info: [CHECK-FOR-OLD-CHANNEL] (T06AU05DL0L) Identified 0 DMs/MPDMs of appDMs type for closure 
[02/03/26, 10:35:49:383] info: Store: SET_SYSTEM_IDLE idle 
[02/03/26, 10:35:49:386] info: [DESKTOP-SIDE-EFFECT] Update from desktop for keys  ["app"] 
[02/03/26, 10:35:49:392] info: [API-Q] (T06AU05DL0L) noversion-1770082549.391 Flannel users/info called with reason: flannel-call:users/info 
[02/03/26, 10:35:49:392] info: [API-Q] (T06AU05DL0L) noversion-1770082549.391 Flannel users/info is ENQUEUED 
[02/03/26, 10:35:49:393] info: [API-Q] (T06AU05DL0L) noversion-1770082549.391 Flannel users/info is ACTIVE 
[02/03/26, 10:35:49:998] info: [API-Q] (T06AU05DL0L) noversion-1770082549.391 Flannel users/info is RESOLVED 
[02/03/26, 10:37:20:296] info: Store: DISPLAY_METRICS_CHANGED  
[02/03/26, 10:37:20:321] info: Store: DISPLAY_METRICS_CHANGED  
[02/03/26, 10:37:20:345] info: Store: DISPLAY_METRICS_CHANGED  
[02/03/26, 10:37:20:365] info: Store: DISPLAY_METRICS_CHANGED  
[02/03/26, 10:37:20:385] info: Store: DISPLAY_METRICS_CHANGED  
[02/03/26, 10:37:20:400] info: Store: DISPLAY_METRICS_CHANGED  
[02/03/26, 10:37:20:415] info: Store: DISPLAY_METRICS_CHANGED  
[02/03/26, 10:37:20:426] info: Store: DISPLAY_METRICS_CHANGED  
[02/03/26, 10:37:20:447] info: Store: DISPLAY_METRICS_CHANGED  
[02/03/26, 10:39:04:227] info: Store: DISPLAY_METRICS_CHANGED  
[02/03/26, 10:39:04:253] info: Store: DISPLAY_METRICS_CHANGED  
[02/03/26, 10:39:04:267] info: Store: DISPLAY_METRICS_CHANGED  
[02/03/26, 10:39:04:275] info: Store: DISPLAY_METRICS_CHANGED  
[02/03/26, 10:39:04:284] info: Store: DISPLAY_METRICS_CHANGED  
[02/03/26, 10:39:04:292] info: Store: DISPLAY_METRICS_CHANGED  
[02/03/26, 10:39:04:300] info: Store: DISPLAY_METRICS_CHANGED  
[02/03/26, 10:39:04:309] info: Store: DISPLAY_METRICS_CHANGED  
[02/03/26, 10:39:04:316] info: Store: DISPLAY_METRICS_CHANGED  
[02/03/26, 10:39:04:325] info: Store: DISPLAY_METRICS_CHANGED  
[02/03/26, 10:39:04:335] info: Store: DISPLAY_METRICS_CHANGED  
[02/03/26, 10:39:04:344] info: Store: DISPLAY_METRICS_CHANGED  
[02/03/26, 10:39:04:354] info: Store: DISPLAY_METRICS_CHANGED  
[02/03/26, 10:39:04:364] info: Store: DISPLAY_METRICS_CHANGED  
[02/03/26, 10:39:04:372] info: Store: DISPLAY_METRICS_CHANGED  
[02/03/26, 10:39:09:538] info: Store: SET_SYSTEM_IDLE active 
[02/03/26, 10:39:09:540] info: [DESKTOP-SIDE-EFFECT] Update from desktop for keys  ["app"] 
[02/03/26, 10:39:39:541] info: Store: SET_SYSTEM_IDLE idle 
[02/03/26, 10:39:39:544] info: [DESKTOP-SIDE-EFFECT] Update from desktop for keys  ["app"] 
[02/03/26, 10:41:12:293] info: Store: DISPLAY_METRICS_CHANGED  
[02/03/26, 10:41:12:323] info: Store: DISPLAY_METRICS_CHANGED  
[02/03/26, 10:41:12:337] info: Store: DISPLAY_METRICS_CHANGED  
[02/03/26, 10:41:12:361] info: Store: DISPLAY_METRICS_CHANGED  
[02/03/26, 10:41:12:374] info: Store: DISPLAY_METRICS_CHANGED  
[02/03/26, 10:41:12:390] info: Store: DISPLAY_METRICS_CHANGED  
[02/03/26, 10:41:12:393] info: Store: DISPLAY_METRICS_CHANGED  
[02/03/26, 10:41:12:402] info: Store: DISPLAY_METRICS_CHANGED  
[02/03/26, 10:41:12:411] info: Store: DISPLAY_METRICS_CHANGED  
[02/03/26, 10:41:12:417] info: Store: DISPLAY_METRICS_CHANGED  
[02/03/26, 10:41:12:427] info: Store: DISPLAY_METRICS_CHANGED  
[02/03/26, 10:41:12:433] info: Store: DISPLAY_METRICS_CHANGED  
[02/03/26, 10:42:41:839] info: Store: DISPLAY_METRICS_CHANGED  
[02/03/26, 10:42:41:872] info: Store: DISPLAY_METRICS_CHANGED  
[02/03/26, 10:42:41:898] info: Store: DISPLAY_METRICS_CHANGED  
[02/03/26, 10:42:41:918] info: Store: DISPLAY_METRICS_CHANGED  
[02/03/26, 10:42:41:935] info: Store: DISPLAY_METRICS_CHANGED  
[02/03/26, 10:42:41:946] info: Store: DISPLAY_METRICS_CHANGED  
[02/03/26, 10:42:41:961] info: Store: DISPLAY_METRICS_CHANGED  
[02/03/26, 10:42:41:975] info: Store: DISPLAY_METRICS_CHANGED  
[02/03/26, 10:42:41:983] info: Store: DISPLAY_METRICS_CHANGED  
[02/03/26, 10:42:41:990] info: Store: DISPLAY_METRICS_CHANGED  
[02/03/26, 10:42:49:697] info: Store: SET_SYSTEM_IDLE active 
[02/03/26, 10:42:49:700] info: [DESKTOP-SIDE-EFFECT] Update from desktop for keys  ["app"] 
[02/03/26, 10:42:51:990] info: [FOCUS-EVENT] (T06AU05DL0L) Main window focused 
[02/03/26, 10:42:52:084] info: [CHECK-UNREADS] (T06AU05DL0L) Checking unreads after window became focused 
[02/03/26, 10:42:52:084] info: [CHECK-UNREADS] (T06AU05DL0L) Not marking D07MJ421FB5 because last_read >= latest && channel is read 
[02/03/26, 10:42:53:106] info: [API-Q] (T06AU05DL0L) noversion-1770082973.105 Flannel users/info called with reason: flannel-call:users/info 
[02/03/26, 10:42:53:106] info: [API-Q] (T06AU05DL0L) noversion-1770082973.105 Flannel users/info is ENQUEUED 
[02/03/26, 10:42:53:107] info: [API-Q] (T06AU05DL0L) noversion-1770082973.105 Flannel users/info is ACTIVE 
[02/03/26, 10:42:54:084] info: [API-Q] (T06AU05DL0L) noversion-1770082973.105 Flannel users/info is RESOLVED 
[02/03/26, 10:42:55:481] info: [FOCUS-EVENT] (T06AU05DL0L) Main window blurred 
[02/03/26, 10:43:00:969] info: [FOCUS-EVENT] (T06AU05DL0L) Main window focused 
[02/03/26, 10:43:01:071] info: [CHECK-UNREADS] (T06AU05DL0L) Checking unreads after window became focused 
[02/03/26, 10:43:01:072] info: [CHECK-UNREADS] (T06AU05DL0L) Not marking D07MJ421FB5 because last_read >= latest && channel is read 
[02/03/26, 10:43:01:142] info: [NAVIGATE-IN-MAIN-WIND] Starting a new navigation event {"id":"C06U9KZMPT8","viewType":"Channel","options":{}} 
[02/03/26, 10:43:01:150] info: [APPLY-DETAIL-VIEW] ViewSet with detail view applied {"viewSet":{"primary":{"id":"C06U9KZMPT8","viewType":"Channel","uiState":{"preventMoveFocus":false}}}} 
[02/03/26, 10:43:01:150] info: [APPLY-DETAIL-VIEW] ViewSet with channel canvas applied {"viewSet":{"primary":{"id":"C06U9KZMPT8","viewType":"Channel","uiState":{"preventMoveFocus":false}}}} 
[02/03/26, 10:43:01:151] info: [NAVIGATE-IN-MAIN-WIND] Applying changes to the primary container {"viewSet":{"sidebar":{"id":"ChannelList","viewType":"ChannelList","uiState":{"ghostLastRead":"1769574682.740079"}},"primary":{"id":"C06U9KZMPT8","viewType":"Channel","uiState":{"preventMoveFocus":false}}},"nextTab":"home"} 
[02/03/26, 10:43:01:153] info: [NAVIGATION-MIDDLEWARE] Starting a new navigation middleware execution {"context":"navigation","nextViewSet":{"sidebar":{"id":"ChannelList","viewType":"ChannelList","uiState":{"ghostLastRead":"1769574682.740079"}},"primary":{"id":"C06U9KZMPT8","viewType":"Channel","uiState":{"preventMoveFocus":false}}},"middlewareCount":22,"nextTab":"home"} 
[02/03/26, 10:43:01:155] info: [NAVIGATION-MIDDLEWARE] Async action execution is complete for a view {"nextView":{"id":"ChannelList","viewType":"ChannelList","uiState":{"ghostLastRead":"1769574682.740079"}},"results":[["UserIdToDMIdMiddleware",false],["AttemptToStopEditingInChannel",false],["AttemptToStopEditingSalesforceForm",false],["PreventVideoRecorderModalClose",false],["OpenConversationWithIds",false],["EnsureChannel",false],["EnsureAppViewType",false],["RedirectFileChannel",false],["RedirectChannelCanvasToCanvas",false],["RedirectLegacyFileBrowsersToUnified",false],["RedirectFileChannel",false],["SyncSearchTab",false],["RedirectHuddleRecordChannel",false],["EnsureCannedCanvasTemplates",false],["EnsureChannelHasParentTabMiddleware",false],["EnsureMessagesTabHasTabIdMiddleware",false],["TriggerMegaphoneGalleryFlow",false],["MaybeCloseSecondaryViewAfterSplit",false],["CanvasSetScrollParam",false],["RedirectSlackbotHistory",false],["RedirectSlackbotBadge",false],["EnsureActivityInboxMiddleware",false]],"shouldTerminateNavigation":false,"executionTime":1.699999999254942,"nextTab":"home"} 
[02/03/26, 10:43:01:157] info: [NAVIGATION-MIDDLEWARE] Finish middleware execution for sidebar container {"maybeTransformedViewSet":{"sidebar":{"id":"ChannelList","viewType":"ChannelList","uiState":{"ghostLastRead":"1769574682.740079"}},"primary":{"id":"C06U9KZMPT8","viewType":"Channel","uiState":{"preventMoveFocus":false}}},"terminateNavigation":false,"isViewTransformed":false,"iterationCount":0,"executionTime":4.399999998509884} 
[02/03/26, 10:43:01:158] info: [NAVIGATION-MIDDLEWARE] Async action execution is complete for a view {"nextView":{"id":"C06U9KZMPT8","viewType":"Channel","uiState":{"preventMoveFocus":false}},"results":[["UserIdToDMIdMiddleware",false],["AttemptToStopEditingInChannel",false],["AttemptToStopEditingSalesforceForm",false],["PreventVideoRecorderModalClose",false],["OpenConversationWithIds",false],["EnsureChannel",false],["EnsureAppViewType",false],["RedirectFileChannel",false],["RedirectChannelCanvasToCanvas",false],["RedirectLegacyFileBrowsersToUnified",false],["RedirectFileChannel",false],["SyncSearchTab",false],["RedirectHuddleRecordChannel",false],["EnsureCannedCanvasTemplates",false],["EnsureChannelHasParentTabMiddleware",false],["EnsureMessagesTabHasTabIdMiddleware",false],["TriggerMegaphoneGalleryFlow",false],["MaybeCloseSecondaryViewAfterSplit",false],["CanvasSetScrollParam",false],["RedirectSlackbotHistory",false],["RedirectSlackbotBadge",false],["EnsureActivityInboxMiddleware",false]],"shouldTerminateNavigation":false,"executionTime":0.6999999992549419,"nextTab":"home"} 
[02/03/26, 10:43:01:159] info: [APPLY-DETAIL-VIEW] ViewSet with detail view applied {"viewSet":{"sidebar":{"id":"ChannelList","viewType":"ChannelList","uiState":{"ghostLastRead":"1769574682.740079"}},"primary":{"id":"C06U9KZMPT8","viewType":"Channel","params":{"parentTab":"C06U9KZMPT8"},"uiState":{"preventMoveFocus":false}}}} 
[02/03/26, 10:43:01:159] info: [APPLY-DETAIL-VIEW] ViewSet with channel canvas applied {"viewSet":{"sidebar":{"id":"ChannelList","viewType":"ChannelList","uiState":{"ghostLastRead":"1769574682.740079"}},"primary":{"id":"C06U9KZMPT8","viewType":"Channel","params":{"parentTab":"C06U9KZMPT8"},"uiState":{"preventMoveFocus":false}}}} 
[02/03/26, 10:43:01:160] info: [NAVIGATION-MIDDLEWARE] View has been transformed {"container":"primary","initialView":{"id":"C06U9KZMPT8","viewType":"Channel","uiState":{"preventMoveFocus":false}},"transformedView":{"id":"C06U9KZMPT8","viewType":"Channel","params":{"parentTab":"C06U9KZMPT8"},"uiState":{"preventMoveFocus":false}},"iterationCount":0} 
[02/03/26, 10:43:01:160] info: [NAVIGATION-MIDDLEWARE] Skipping middleware execution for sidebar container as we have cached value {"initialView":{"id":"ChannelList","viewType":"ChannelList","uiState":{"ghostLastRead":"1769574682.740079"}},"iterationCount":1} 
[02/03/26, 10:43:01:160] info: [NAVIGATION-MIDDLEWARE] Async action execution is complete for a view {"nextView":{"id":"C06U9KZMPT8","viewType":"Channel","params":{"parentTab":"C06U9KZMPT8"},"uiState":{"preventMoveFocus":false}},"results":[["UserIdToDMIdMiddleware",false],["AttemptToStopEditingInChannel",false],["AttemptToStopEditingSalesforceForm",false],["PreventVideoRecorderModalClose",false],["OpenConversationWithIds",false],["EnsureChannel",false],["EnsureAppViewType",false],["RedirectFileChannel",false],["RedirectChannelCanvasToCanvas",false],["RedirectLegacyFileBrowsersToUnified",false],["RedirectFileChannel",false],["SyncSearchTab",false],["RedirectHuddleRecordChannel",false],["EnsureCannedCanvasTemplates",false],["EnsureChannelHasParentTabMiddleware",false],["EnsureMessagesTabHasTabIdMiddleware",false],["TriggerMegaphoneGalleryFlow",false],["MaybeCloseSecondaryViewAfterSplit",false],["CanvasSetScrollParam",false],["RedirectSlackbotHistory",false],["RedirectSlackbotBadge",false],["EnsureActivityInboxMiddleware",false]],"shouldTerminateNavigation":false,"executionTime":0.30000000074505806,"nextTab":"home"} 
[02/03/26, 10:43:01:161] info: [NAVIGATION-MIDDLEWARE] Finish middleware execution for primary container {"maybeTransformedViewSet":{"sidebar":{"id":"ChannelList","viewType":"ChannelList","uiState":{"ghostLastRead":"1769574682.740079"}},"primary":{"id":"C06U9KZMPT8","viewType":"Channel","params":{"parentTab":"C06U9KZMPT8"},"uiState":{"preventMoveFocus":false}}},"terminateNavigation":false,"isViewTransformed":false,"iterationCount":1,"executionTime":0.8999999985098839} 
[02/03/26, 10:43:01:161] info: [NAVIGATION-MIDDLEWARE] Finish middleware execution for primary container {"maybeTransformedViewSet":{"sidebar":{"id":"ChannelList","viewType":"ChannelList","uiState":{"ghostLastRead":"1769574682.740079"}},"primary":{"id":"C06U9KZMPT8","viewType":"Channel","params":{"parentTab":"C06U9KZMPT8"},"uiState":{"preventMoveFocus":false}}},"terminateNavigation":false,"isViewTransformed":true,"iterationCount":0,"executionTime":3.599999997764826} 
[02/03/26, 10:43:01:162] info: [NAVIGATION-MIDDLEWARE] Navigation middleware execution is complete {"maybeUpdatedViewSet":{"sidebar":{"id":"ChannelList","viewType":"ChannelList","uiState":{"ghostLastRead":"1769574682.740079"}},"primary":{"id":"C06U9KZMPT8","viewType":"Channel","params":{"parentTab":"C06U9KZMPT8"},"uiState":{"preventMoveFocus":false}}},"terminateNavigation":false,"executionTime":8.399999998509884,"nextTab":"home"} 
[02/03/26, 10:43:01:162] info: [NAVIGATE-IN-MAIN-WIND] Built view set after middleware {"viewSet":{"sidebar":{"id":"ChannelList","viewType":"ChannelList","uiState":{"ghostLastRead":"1769574682.740079"}},"primary":{"id":"C06U9KZMPT8","viewType":"Channel","params":{"parentTab":"C06U9KZMPT8"},"uiState":{"preventMoveFocus":false}}},"nextTab":"home"} 
[02/03/26, 10:43:01:173] info: [NAVIGATE-LISTENERS] (T06AU05DL0L) Starting navigation listeners for triggerType NAVIGATION 
[02/03/26, 10:43:01:184] info: [NAVIGATE-LISTENERS] (T06AU05DL0L) Navigation listeners complete without errors 
[02/03/26, 10:43:01:184] info: [NAVIGATE-IN-MAIN-WIND]  Navigation thunk execution complete {"id":"C06U9KZMPT8","viewType":"Channel","options":{}} 
[02/03/26, 10:43:01:215] info: Breadcrumb: ui.click: div.p-channel_sidebar__channel.p-channel_sidebar__channel--sidebar-section-header-update  
[02/03/26, 10:43:01:251] info: [MESSAGE-LIST] (T06AU05DL0L) getScrollmark reason:channel_change channelId:D07MJ421FB5 state.hasKeyboardFocus:false props.hasKeyboardFocus:false initialActiveItem:1770079466.617139 mark:1770079466.617139 offset:363 
[02/03/26, 10:43:01:254] info: [MESSAGE-LIST] (T06AU05DL0L) Switching channels: C06U9KZMPT8 timestamps: 0 
[02/03/26, 10:43:01:255] info: [MESSAGE-LIST] (T06AU05DL0L) requestAround channelId: C06U9KZMPT8 isLoading: false timestamps: 0 reachedStart: false reachedEnd: false 
[02/03/26, 10:43:01:255] info: [HISTORY-FETCH] (T06AU05DL0L) Fetching history for message pane: C06U9KZMPT8 oldest: null latest: null 
[02/03/26, 10:43:01:256] info: [API-Q] (T06AU05DL0L) 2daffbe9-1770082981.255 conversations.history called with reason: message-pane/requestHistory 
[02/03/26, 10:43:01:256] info: [API-Q] (T06AU05DL0L) 2daffbe9-1770082981.255 conversations.history is ENQUEUED 
[02/03/26, 10:43:01:291] info: [MESSAGE-LIST] (T06AU05DL0L) requestAround channelId: C06U9KZMPT8 isLoading: false timestamps: 0 reachedStart: false reachedEnd: false 
[02/03/26, 10:43:01:292] info: [MESSAGE-LIST] (T06AU05DL0L) requestAround channelId: C06U9KZMPT8 isLoading: false timestamps: 0 reachedStart: false reachedEnd: false 
[02/03/26, 10:43:01:303] info: [API-Q] (T06AU05DL0L) noversion-1770082981.302 Flannel users/list called with reason: flannel-call:users/list 
[02/03/26, 10:43:01:303] info: [API-Q] (T06AU05DL0L) noversion-1770082981.302 Flannel users/list is ENQUEUED 
[02/03/26, 10:43:01:303] info: [API-Q] (T06AU05DL0L) noversion-1770082981.302 Flannel permissions/info called with reason: flannel-call:permissions/info 
[02/03/26, 10:43:01:303] info: [API-Q] (T06AU05DL0L) noversion-1770082981.302 Flannel permissions/info is ENQUEUED 
[02/03/26, 10:43:01:303] info: [API-Q] (T06AU05DL0L) 2daffbe9-1770082981.255 conversations.history is ACTIVE 
[02/03/26, 10:43:01:303] info: [API-Q] (T06AU05DL0L) noversion-1770082981.302 Flannel users/list is ACTIVE 
[02/03/26, 10:43:01:303] info: [API-Q] (T06AU05DL0L) noversion-1770082981.302 Flannel permissions/info is ACTIVE 
[02/03/26, 10:43:01:325] info: Store: EXTEND_MENU T06AU05DL0L: menucategory-file,menucategory-view,menucategory-edit,menucategory-help,menucategory-history 
[02/03/26, 10:43:01:326] info: [API-Q] (T06AU05DL0L) 2daffbe9-1770082981.325 conversations.listPrefs called with reason: client_redux_store 
[02/03/26, 10:43:01:326] info: [API-Q] (T06AU05DL0L) 2daffbe9-1770082981.325 conversations.listPrefs is ENQUEUED 
[02/03/26, 10:43:01:326] info: [API-Q] (T06AU05DL0L) 2daffbe9-1770082981.325 conversations.listPrefs is ACTIVE 
[02/03/26, 10:43:01:326] info: [API-Q] (T06AU05DL0L) noversion-1770082981.326 Flannel users/counts called with reason: flannel-call:users/counts 
[02/03/26, 10:43:01:326] info: [API-Q] (T06AU05DL0L) noversion-1770082981.326 Flannel users/counts is ENQUEUED 
[02/03/26, 10:43:01:327] info: [API-Q] (T06AU05DL0L) noversion-1770082981.326 Flannel users/counts is ACTIVE 
[02/03/26, 10:43:01:327] info: [UFM] (T06AU05DL0L) requesting C06U9KZMPT8 (1) 
[02/03/26, 10:43:01:327] info: [UFM] (T06AU05DL0L) received C06U9KZMPT8 (1) 
[02/03/26, 10:43:01:327] info: [UFM-PERMISSIONS] (T06AU05DL0L) requesting ASSIGN_CHANNEL_MANAGER,CAN_AT_CHANNEL,CAN_AT_EVERYONE,ARCHIVE_CHANNEL (1) 
[02/03/26, 10:43:01:328] info: [API-Q] (T06AU05DL0L) noversion-1770082981.327 Flannel permissions/info called with reason: flannel-call:permissions/info 
[02/03/26, 10:43:01:328] info: [API-Q] (T06AU05DL0L) noversion-1770082981.327 Flannel permissions/info is ENQUEUED 
[02/03/26, 10:43:01:328] info: [API-Q] (T06AU05DL0L) noversion-1770082981.327 Flannel permissions/info is ACTIVE 
[02/03/26, 10:43:01:328] info: [UFM] (T06AU05DL0L) requesting F06UHBJK8SK (1) 
[02/03/26, 10:43:01:328] info: [API-Q] (T06AU05DL0L) 2daffbe9-1770082981.328 quip.lookupThreadIds called with reason: fetch-quip-ids 
[02/03/26, 10:43:01:328] info: [API-Q] (T06AU05DL0L) 2daffbe9-1770082981.328 quip.lookupThreadIds is ENQUEUED 
[02/03/26, 10:43:01:328] info: [API-Q] (T06AU05DL0L) 2daffbe9-1770082981.328 quip.lookupThreadIds is ACTIVE 
[02/03/26, 10:43:01:329] info: [UFM-FILES] (T06AU05DL0L) requesting F06UHBJK8SK (1) 
[02/03/26, 10:43:01:329] info: [API-Q] (T06AU05DL0L) 2daffbe9-1770082981.329 files.info called with reason: files-store-unknown-fetch 
[02/03/26, 10:43:01:329] info: [API-Q] (T06AU05DL0L) 2daffbe9-1770082981.329 files.info is ENQUEUED 
[02/03/26, 10:43:01:329] info: [API-Q] (T06AU05DL0L) 2daffbe9-1770082981.329 files.info is ACTIVE 
[02/03/26, 10:43:01:335] info: [API-Q] (T06AU05DL0L) 2daffbe9-1770082981.335 bookmarks.list called with reason: bookmarks-store/conditional-fetching 
[02/03/26, 10:43:01:336] info: [API-Q] (T06AU05DL0L) 2daffbe9-1770082981.335 bookmarks.list is ENQUEUED 
[02/03/26, 10:43:01:336] info: [API-Q] (T06AU05DL0L) 2daffbe9-1770082981.335 bookmarks.list is ACTIVE 
[02/03/26, 10:43:01:341] info: [MESSAGE-LIST] (T06AU05DL0L) componentWillReceiveProps isLoading: true isLoadingOlder: false timestamps: 0 
[02/03/26, 10:43:01:353] info: [API-Q] (T06AU05DL0L) noversion-1770082981.302 Flannel users/list is RESOLVED 
[02/03/26, 10:43:01:356] info: [API-Q] (T06AU05DL0L) noversion-1770082981.302 Flannel permissions/info is RESOLVED 
[02/03/26, 10:43:01:357] info: [API-Q] (T06AU05DL0L) noversion-1770082981.326 Flannel users/counts is RESOLVED 
[02/03/26, 10:43:01:390] info: [API-Q] (T06AU05DL0L) noversion-1770082981.389 Flannel users/info called with reason: flannel-call:users/info 
[02/03/26, 10:43:01:390] info: [API-Q] (T06AU05DL0L) noversion-1770082981.389 Flannel users/info is ENQUEUED 
[02/03/26, 10:43:01:390] info: [API-Q] (T06AU05DL0L) noversion-1770082981.389 Flannel users/info is ACTIVE 
[02/03/26, 10:43:01:423] info: [API-Q] (T06AU05DL0L) noversion-1770082981.327 Flannel permissions/info is RESOLVED 
[02/03/26, 10:43:01:423] info: [UFM-PERMISSIONS] (T06AU05DL0L) received ASSIGN_CHANNEL_MANAGER,CAN_AT_CHANNEL,CAN_AT_EVERYONE,ARCHIVE_CHANNEL (1) 
[02/03/26, 10:43:01:447] info: [API-Q] (T06AU05DL0L) noversion-1770082981.389 Flannel users/info is RESOLVED 
[02/03/26, 10:43:01:564] info: [API-Q] (T06AU05DL0L) noversion-1770082981.563 Flannel channels/membership called with reason: flannel-call:channels/membership 
[02/03/26, 10:43:01:565] info: [API-Q] (T06AU05DL0L) noversion-1770082981.563 Flannel channels/membership is ENQUEUED 
[02/03/26, 10:43:01:565] info: [API-Q] (T06AU05DL0L) noversion-1770082981.563 Flannel channels/membership is ACTIVE 
[02/03/26, 10:43:01:600] info: [API-Q] (T06AU05DL0L) noversion-1770082981.563 Flannel channels/membership is RESOLVED 
[02/03/26, 10:43:01:632] info: [API-Q] (T06AU05DL0L) 2daffbe9-1770082981.325 conversations.listPrefs is RESOLVED 
[02/03/26, 10:43:01:641] info: [API-Q] (T06AU05DL0L) 2daffbe9-1770082981.335 bookmarks.list is RESOLVED 
[02/03/26, 10:43:01:652] info: [API-Q] (T06AU05DL0L) 2daffbe9-1770082981.328 quip.lookupThreadIds is RESOLVED 
[02/03/26, 10:43:01:656] info: [UFM] (T06AU05DL0L) received F06UHBJK8SK (1) 
[02/03/26, 10:43:01:722] info: [API-Q] (T06AU05DL0L) 2daffbe9-1770082981.329 files.info is RESOLVED 
[02/03/26, 10:43:01:723] info: [UFM-FILES] (T06AU05DL0L) received F06UHBJK8SK (1) 
[02/03/26, 10:43:01:792] info: [API-Q] (T06AU05DL0L) 2daffbe9-1770082981.255 conversations.history is RESOLVED 
[02/03/26, 10:43:01:809] info: [PLATFORM-CHANNEL-ACTI] (T06AU05DL0L) setting count for channel C06U9KZMPT8 to 0, and marking channel as stale. 
[02/03/26, 10:43:01:816] info: [PINS] (T06AU05DL0L) Pins count updated for channel C06U9KZMPT8: 2 
[02/03/26, 10:43:01:821] info: [CHECK-UNREADS] (T06AU05DL0L) Not marking C06U9KZMPT8 because last_read >= latest && channel is read 
[02/03/26, 10:43:01:848] info: [MESSAGE-LIST] (T06AU05DL0L) componentWillReceiveProps isLoading: false isLoadingOlder: false timestamps: 28 
[02/03/26, 10:43:01:915] info: [CHECK-UNREADS] (T06AU05DL0L) unreadLineVisible updated in main window container primary: false -> true 
[02/03/26, 10:43:02:286] info: [CHECK-UNREADS] (T06AU05DL0L) Checking unreads after unread line became visible 
[02/03/26, 10:43:02:286] info: [CHECK-UNREADS] (T06AU05DL0L) Not marking C06U9KZMPT8 because last_read >= latest && channel is read 
[02/03/26, 10:43:03:837] info: [NAVIGATE-IN-MAIN-WIND] Starting a new navigation event {"id":"C06ARGB5GCS","viewType":"Channel","options":{}} 
[02/03/26, 10:43:03:839] info: [APPLY-DETAIL-VIEW] ViewSet with detail view applied {"viewSet":{"primary":{"id":"C06ARGB5GCS","viewType":"Channel","uiState":{"preventMoveFocus":false}}}} 
[02/03/26, 10:43:03:839] info: [APPLY-DETAIL-VIEW] ViewSet with channel canvas applied {"viewSet":{"primary":{"id":"C06ARGB5GCS","viewType":"Channel","uiState":{"preventMoveFocus":false}}}} 
[02/03/26, 10:43:03:840] info: [NAVIGATE-IN-MAIN-WIND] Applying changes to the primary container {"viewSet":{"sidebar":{"id":"ChannelList","viewType":"ChannelList","uiState":{"ghostLastRead":"1769574682.740079"}},"primary":{"id":"C06ARGB5GCS","viewType":"Channel","uiState":{"preventMoveFocus":false}}},"nextTab":"home"} 
[02/03/26, 10:43:03:840] info: [NAVIGATION-MIDDLEWARE] Starting a new navigation middleware execution {"context":"navigation","nextViewSet":{"sidebar":{"id":"ChannelList","viewType":"ChannelList","uiState":{"ghostLastRead":"1769574682.740079"}},"primary":{"id":"C06ARGB5GCS","viewType":"Channel","uiState":{"preventMoveFocus":false}}},"middlewareCount":22,"nextTab":"home"} 
[02/03/26, 10:43:03:840] info: [NAVIGATION-MIDDLEWARE] Async action execution is complete for a view {"nextView":{"id":"ChannelList","viewType":"ChannelList","uiState":{"ghostLastRead":"1769574682.740079"}},"results":[["UserIdToDMIdMiddleware",false],["AttemptToStopEditingInChannel",false],["AttemptToStopEditingSalesforceForm",false],["PreventVideoRecorderModalClose",false],["OpenConversationWithIds",false],["EnsureChannel",false],["EnsureAppViewType",false],["RedirectFileChannel",false],["RedirectChannelCanvasToCanvas",false],["RedirectLegacyFileBrowsersToUnified",false],["RedirectFileChannel",false],["SyncSearchTab",false],["RedirectHuddleRecordChannel",false],["EnsureCannedCanvasTemplates",false],["EnsureChannelHasParentTabMiddleware",false],["EnsureMessagesTabHasTabIdMiddleware",false],["TriggerMegaphoneGalleryFlow",false],["MaybeCloseSecondaryViewAfterSplit",false],["CanvasSetScrollParam",false],["RedirectSlackbotHistory",false],["RedirectSlackbotBadge",false],["EnsureActivityInboxMiddleware",false]],"shouldTerminateNavigation":false,"executionTime":0.8000000007450581,"nextTab":"home"} 
[02/03/26, 10:43:03:841] info: [NAVIGATION-MIDDLEWARE] Finish middleware execution for sidebar container {"maybeTransformedViewSet":{"sidebar":{"id":"ChannelList","viewType":"ChannelList","uiState":{"ghostLastRead":"1769574682.740079"}},"primary":{"id":"C06ARGB5GCS","viewType":"Channel","uiState":{"preventMoveFocus":false}}},"terminateNavigation":false,"isViewTransformed":false,"iterationCount":0,"executionTime":1.1000000014901161} 
[02/03/26, 10:43:03:841] info: [NAVIGATION-MIDDLEWARE] Async action execution is complete for a view {"nextView":{"id":"C06ARGB5GCS","viewType":"Channel","uiState":{"preventMoveFocus":false}},"results":[["UserIdToDMIdMiddleware",false],["AttemptToStopEditingInChannel",false],["AttemptToStopEditingSalesforceForm",false],["PreventVideoRecorderModalClose",false],["OpenConversationWithIds",false],["EnsureChannel",false],["EnsureAppViewType",false],["RedirectFileChannel",false],["RedirectChannelCanvasToCanvas",false],["RedirectLegacyFileBrowsersToUnified",false],["RedirectFileChannel",false],["SyncSearchTab",false],["RedirectHuddleRecordChannel",false],["EnsureCannedCanvasTemplates",false],["EnsureChannelHasParentTabMiddleware",false],["EnsureMessagesTabHasTabIdMiddleware",false],["TriggerMegaphoneGalleryFlow",false],["MaybeCloseSecondaryViewAfterSplit",false],["CanvasSetScrollParam",false],["RedirectSlackbotHistory",false],["RedirectSlackbotBadge",false],["EnsureActivityInboxMiddleware",false]],"shouldTerminateNavigation":false,"executionTime":0.20000000298023224,"nextTab":"home"} 
[02/03/26, 10:43:03:841] info: [APPLY-DETAIL-VIEW] ViewSet with detail view applied {"viewSet":{"sidebar":{"id":"ChannelList","viewType":"ChannelList","uiState":{"ghostLastRead":"1769574682.740079"}},"primary":{"id":"C06ARGB5GCS","viewType":"Channel","params":{"parentTab":"C06ARGB5GCS"},"uiState":{"preventMoveFocus":false}}}} 
[02/03/26, 10:43:03:842] info: [APPLY-DETAIL-VIEW] ViewSet with channel canvas applied {"viewSet":{"sidebar":{"id":"ChannelList","viewType":"ChannelList","uiState":{"ghostLastRead":"1769574682.740079"}},"primary":{"id":"C06ARGB5GCS","viewType":"Channel","params":{"parentTab":"C06ARGB5GCS"},"uiState":{"preventMoveFocus":false}}}} 
[02/03/26, 10:43:03:842] info: [NAVIGATION-MIDDLEWARE] View has been transformed {"container":"primary","initialView":{"id":"C06ARGB5GCS","viewType":"Channel","uiState":{"preventMoveFocus":false}},"transformedView":{"id":"C06ARGB5GCS","viewType":"Channel","params":{"parentTab":"C06ARGB5GCS"},"uiState":{"preventMoveFocus":false}},"iterationCount":0} 
[02/03/26, 10:43:03:842] info: [NAVIGATION-MIDDLEWARE] Skipping middleware execution for sidebar container as we have cached value {"initialView":{"id":"ChannelList","viewType":"ChannelList","uiState":{"ghostLastRead":"1769574682.740079"}},"iterationCount":1} 
[02/03/26, 10:43:03:842] info: [NAVIGATION-MIDDLEWARE] Async action execution is complete for a view {"nextView":{"id":"C06ARGB5GCS","viewType":"Channel","params":{"parentTab":"C06ARGB5GCS"},"uiState":{"preventMoveFocus":false}},"results":[["UserIdToDMIdMiddleware",false],["AttemptToStopEditingInChannel",false],["AttemptToStopEditingSalesforceForm",false],["PreventVideoRecorderModalClose",false],["OpenConversationWithIds",false],["EnsureChannel",false],["EnsureAppViewType",false],["RedirectFileChannel",false],["RedirectChannelCanvasToCanvas",false],["RedirectLegacyFileBrowsersToUnified",false],["RedirectFileChannel",false],["SyncSearchTab",false],["RedirectHuddleRecordChannel",false],["EnsureCannedCanvasTemplates",false],["EnsureChannelHasParentTabMiddleware",false],["EnsureMessagesTabHasTabIdMiddleware",false],["TriggerMegaphoneGalleryFlow",false],["MaybeCloseSecondaryViewAfterSplit",false],["CanvasSetScrollParam",false],["RedirectSlackbotHistory",false],["RedirectSlackbotBadge",false],["EnsureActivityInboxMiddleware",false]],"shouldTerminateNavigation":false,"executionTime":0.19999999925494194,"nextTab":"home"} 
[02/03/26, 10:43:03:843] info: [NAVIGATION-MIDDLEWARE] Finish middleware execution for primary container {"maybeTransformedViewSet":{"sidebar":{"id":"ChannelList","viewType":"ChannelList","uiState":{"ghostLastRead":"1769574682.740079"}},"primary":{"id":"C06ARGB5GCS","viewType":"Channel","params":{"parentTab":"C06ARGB5GCS"},"uiState":{"preventMoveFocus":false}}},"terminateNavigation":false,"isViewTransformed":false,"iterationCount":1,"executionTime":0.3999999985098839} 
[02/03/26, 10:43:03:843] info: [NAVIGATION-MIDDLEWARE] Finish middleware execution for primary container {"maybeTransformedViewSet":{"sidebar":{"id":"ChannelList","viewType":"ChannelList","uiState":{"ghostLastRead":"1769574682.740079"}},"primary":{"id":"C06ARGB5GCS","viewType":"Channel","params":{"parentTab":"C06ARGB5GCS"},"uiState":{"preventMoveFocus":false}}},"terminateNavigation":false,"isViewTransformed":true,"iterationCount":0,"executionTime":1.300000000745058} 
[02/03/26, 10:43:03:843] info: [NAVIGATION-MIDDLEWARE] Navigation middleware execution is complete {"maybeUpdatedViewSet":{"sidebar":{"id":"ChannelList","viewType":"ChannelList","uiState":{"ghostLastRead":"1769574682.740079"}},"primary":{"id":"C06ARGB5GCS","viewType":"Channel","params":{"parentTab":"C06ARGB5GCS"},"uiState":{"preventMoveFocus":false}}},"terminateNavigation":false,"executionTime":2.699999999254942,"nextTab":"home"} 
[02/03/26, 10:43:03:843] info: [NAVIGATE-IN-MAIN-WIND] Built view set after middleware {"viewSet":{"sidebar":{"id":"ChannelList","viewType":"ChannelList","uiState":{"ghostLastRead":"1769574682.740079"}},"primary":{"id":"C06ARGB5GCS","viewType":"Channel","params":{"parentTab":"C06ARGB5GCS"},"uiState":{"preventMoveFocus":false}}},"nextTab":"home"} 
[02/03/26, 10:43:03:849] info: [NAVIGATE-LISTENERS] (T06AU05DL0L) Starting navigation listeners for triggerType NAVIGATION 
[02/03/26, 10:43:03:851] info: [NAVIGATE-LISTENERS] (T06AU05DL0L) Navigation listeners complete without errors 
[02/03/26, 10:43:03:851] info: [NAVIGATE-IN-MAIN-WIND]  Navigation thunk execution complete {"id":"C06ARGB5GCS","viewType":"Channel","options":{}} 
[02/03/26, 10:43:03:869] info: Breadcrumb: ui.click: div.p-channel_sidebar__channel.p-channel_sidebar__channel--sidebar-section-header-update  
[02/03/26, 10:43:03:904] info: [MESSAGE-LIST] (T06AU05DL0L) getScrollmark reason:channel_change channelId:C06U9KZMPT8 at end 
[02/03/26, 10:43:03:906] info: [MESSAGE-LIST] (T06AU05DL0L) Switching channels: C06ARGB5GCS timestamps: 28 
[02/03/26, 10:43:03:949] info: [CHECK-UNREADS] (T06AU05DL0L) unreadLineVisible updated in main window container primary: false -> true 
[02/03/26, 10:43:03:957] info: [API-Q] (T06AU05DL0L) noversion-1770082983.956 Flannel permissions/info called with reason: flannel-call:permissions/info 
[02/03/26, 10:43:03:957] info: [API-Q] (T06AU05DL0L) noversion-1770082983.956 Flannel permissions/info is ENQUEUED 
[02/03/26, 10:43:03:958] info: [API-Q] (T06AU05DL0L) noversion-1770082983.956 Flannel permissions/info is ACTIVE 
[02/03/26, 10:43:03:980] info: Store: EXTEND_MENU T06AU05DL0L: menucategory-file,menucategory-view,menucategory-edit,menucategory-help,menucategory-history 
[02/03/26, 10:43:03:987] info: [API-Q] (T06AU05DL0L) 2daffbe9-1770082983.986 bookmarks.list called with reason: bookmarks-store/conditional-fetching 
[02/03/26, 10:43:03:987] info: [API-Q] (T06AU05DL0L) 2daffbe9-1770082983.986 bookmarks.list is ENQUEUED 
[02/03/26, 10:43:03:987] info: [API-Q] (T06AU05DL0L) 2daffbe9-1770082983.986 bookmarks.list is ACTIVE 
[02/03/26, 10:43:04:008] info: [API-Q] (T06AU05DL0L) noversion-1770082983.956 Flannel permissions/info is RESOLVED 
[02/03/26, 10:43:04:185] info: [API-Q] (T06AU05DL0L) 2daffbe9-1770082983.986 bookmarks.list is RESOLVED 
[02/03/26, 10:43:04:308] info: [CHECK-UNREADS] (T06AU05DL0L) Checking unreads after unread line became visible 
[02/03/26, 10:43:04:308] info: [CHECK-UNREADS] (T06AU05DL0L) Not marking C06ARGB5GCS because last_read >= latest && channel is read 
[02/03/26, 10:43:14:117] info: [FOCUS-EVENT] (T06AU05DL0L) Main window blurred 
[02/03/26, 10:43:16:639] info: [FOCUS-EVENT] (T06AU05DL0L) Main window focused 
[02/03/26, 10:43:16:742] info: [CHECK-UNREADS] (T06AU05DL0L) Checking unreads after window became focused 
[02/03/26, 10:43:16:742] info: [CHECK-UNREADS] (T06AU05DL0L) Not marking C06ARGB5GCS because last_read >= latest && channel is read 
[02/03/26, 10:43:16:808] info: Breadcrumb: ui.click: div.c-message_kit__gutter > div.c-message_kit__gutter__right  
[02/03/26, 10:43:19:311] info: [UFM-CHANNELS] (T06AU05DL0L) requesting C09DV7GHTDW (1) 
[02/03/26, 10:43:19:311] warn: TRACES You tried to get a team-specific tracer but didn’t provide enough context and are getting the generic tracer instead which is likely not what you want. 
[02/03/26, 10:43:19:312] info: [API-Q] (T06AU05DL0L) noversion-1770082999.312 Flannel channels/info called with reason: flannel-call:channels/info 
[02/03/26, 10:43:19:312] info: [API-Q] (T06AU05DL0L) noversion-1770082999.312 Flannel channels/info is ENQUEUED 
[02/03/26, 10:43:19:312] info: [API-Q] (T06AU05DL0L) noversion-1770082999.312 Flannel channels/info is ACTIVE 
[02/03/26, 10:43:19:364] info: [API-Q] (T06AU05DL0L) noversion-1770082999.312 Flannel channels/info is RESOLVED 
[02/03/26, 10:43:19:366] info: [UFM-CHANNELS] (T06AU05DL0L) received C09DV7GHTDW (1) 
[02/03/26, 10:43:19:630] info: [CHECK-UNREADS] (T06AU05DL0L) unreadLineVisible updated in main window container primary: true -> false 
[02/03/26, 10:43:34:503] info: [CHECK-UNREADS] (T06AU05DL0L) unreadLineVisible updated in main window container primary: false -> true 
[02/03/26, 10:43:34:857] info: [CHECK-UNREADS] (T06AU05DL0L) Checking unreads after unread line became visible 
[02/03/26, 10:43:34:857] info: [CHECK-UNREADS] (T06AU05DL0L) Not marking C06ARGB5GCS because last_read >= latest && channel is read 
[02/03/26, 10:43:36:929] info: [NAVIGATE-IN-MAIN-WIND] Starting a new navigation event {"id":"C06U9KZMPT8","viewType":"Channel","options":{}} 
[02/03/26, 10:43:36:931] info: [APPLY-DETAIL-VIEW] ViewSet with detail view applied {"viewSet":{"primary":{"id":"C06U9KZMPT8","viewType":"Channel","uiState":{"preventMoveFocus":false}}}} 
[02/03/26, 10:43:36:931] info: [APPLY-DETAIL-VIEW] ViewSet with channel canvas applied {"viewSet":{"primary":{"id":"C06U9KZMPT8","viewType":"Channel","uiState":{"preventMoveFocus":false}}}} 
[02/03/26, 10:43:36:932] info: [NAVIGATE-IN-MAIN-WIND] Applying changes to the primary container {"viewSet":{"sidebar":{"id":"ChannelList","viewType":"ChannelList","uiState":{"ghostLastRead":"1769574682.740079"}},"primary":{"id":"C06U9KZMPT8","viewType":"Channel","uiState":{"preventMoveFocus":false}}},"nextTab":"home"} 
[02/03/26, 10:43:36:932] info: [NAVIGATION-MIDDLEWARE] Starting a new navigation middleware execution {"context":"navigation","nextViewSet":{"sidebar":{"id":"ChannelList","viewType":"ChannelList","uiState":{"ghostLastRead":"1769574682.740079"}},"primary":{"id":"C06U9KZMPT8","viewType":"Channel","uiState":{"preventMoveFocus":false}}},"middlewareCount":22,"nextTab":"home"} 
[02/03/26, 10:43:36:932] info: [NAVIGATION-MIDDLEWARE] Async action execution is complete for a view {"nextView":{"id":"ChannelList","viewType":"ChannelList","uiState":{"ghostLastRead":"1769574682.740079"}},"results":[["UserIdToDMIdMiddleware",false],["AttemptToStopEditingInChannel",false],["AttemptToStopEditingSalesforceForm",false],["PreventVideoRecorderModalClose",false],["OpenConversationWithIds",false],["EnsureChannel",false],["EnsureAppViewType",false],["RedirectFileChannel",false],["RedirectChannelCanvasToCanvas",false],["RedirectLegacyFileBrowsersToUnified",false],["RedirectFileChannel",false],["SyncSearchTab",false],["RedirectHuddleRecordChannel",false],["EnsureCannedCanvasTemplates",false],["EnsureChannelHasParentTabMiddleware",false],["EnsureMessagesTabHasTabIdMiddleware",false],["TriggerMegaphoneGalleryFlow",false],["MaybeCloseSecondaryViewAfterSplit",false],["CanvasSetScrollParam",false],["RedirectSlackbotHistory",false],["RedirectSlackbotBadge",false],["EnsureActivityInboxMiddleware",false]],"shouldTerminateNavigation":false,"executionTime":0.6000000014901161,"nextTab":"home"} 
[02/03/26, 10:43:36:933] info: [NAVIGATION-MIDDLEWARE] Finish middleware execution for sidebar container {"maybeTransformedViewSet":{"sidebar":{"id":"ChannelList","viewType":"ChannelList","uiState":{"ghostLastRead":"1769574682.740079"}},"primary":{"id":"C06U9KZMPT8","viewType":"Channel","uiState":{"preventMoveFocus":false}}},"terminateNavigation":false,"isViewTransformed":false,"iterationCount":0,"executionTime":0.8999999985098839} 
[02/03/26, 10:43:36:933] info: [NAVIGATION-MIDDLEWARE] Async action execution is complete for a view {"nextView":{"id":"C06U9KZMPT8","viewType":"Channel","uiState":{"preventMoveFocus":false}},"results":[["UserIdToDMIdMiddleware",false],["AttemptToStopEditingInChannel",false],["AttemptToStopEditingSalesforceForm",false],["PreventVideoRecorderModalClose",false],["OpenConversationWithIds",false],["EnsureChannel",false],["EnsureAppViewType",false],["RedirectFileChannel",false],["RedirectChannelCanvasToCanvas",false],["RedirectLegacyFileBrowsersToUnified",false],["RedirectFileChannel",false],["SyncSearchTab",false],["RedirectHuddleRecordChannel",false],["EnsureCannedCanvasTemplates",false],["EnsureChannelHasParentTabMiddleware",false],["EnsureMessagesTabHasTabIdMiddleware",false],["TriggerMegaphoneGalleryFlow",false],["MaybeCloseSecondaryViewAfterSplit",false],["CanvasSetScrollParam",false],["RedirectSlackbotHistory",false],["RedirectSlackbotBadge",false],["EnsureActivityInboxMiddleware",false]],"shouldTerminateNavigation":false,"executionTime":0.10000000149011612,"nextTab":"home"} 
[02/03/26, 10:43:36:933] info: [APPLY-DETAIL-VIEW] ViewSet with detail view applied {"viewSet":{"sidebar":{"id":"ChannelList","viewType":"ChannelList","uiState":{"ghostLastRead":"1769574682.740079"}},"primary":{"id":"C06U9KZMPT8","viewType":"Channel","params":{"parentTab":"C06U9KZMPT8"},"uiState":{"preventMoveFocus":false}}}} 
[02/03/26, 10:43:36:933] info: [APPLY-DETAIL-VIEW] ViewSet with channel canvas applied {"viewSet":{"sidebar":{"id":"ChannelList","viewType":"ChannelList","uiState":{"ghostLastRead":"1769574682.740079"}},"primary":{"id":"C06U9KZMPT8","viewType":"Channel","params":{"parentTab":"C06U9KZMPT8"},"uiState":{"preventMoveFocus":false}}}} 
[02/03/26, 10:43:36:934] info: [NAVIGATION-MIDDLEWARE] View has been transformed {"container":"primary","initialView":{"id":"C06U9KZMPT8","viewType":"Channel","uiState":{"preventMoveFocus":false}},"transformedView":{"id":"C06U9KZMPT8","viewType":"Channel","params":{"parentTab":"C06U9KZMPT8"},"uiState":{"preventMoveFocus":false}},"iterationCount":0} 
[02/03/26, 10:43:36:934] info: [NAVIGATION-MIDDLEWARE] Skipping middleware execution for sidebar container as we have cached value {"initialView":{"id":"ChannelList","viewType":"ChannelList","uiState":{"ghostLastRead":"1769574682.740079"}},"iterationCount":1} 
[02/03/26, 10:43:36:934] info: [NAVIGATION-MIDDLEWARE] Async action execution is complete for a view {"nextView":{"id":"C06U9KZMPT8","viewType":"Channel","params":{"parentTab":"C06U9KZMPT8"},"uiState":{"preventMoveFocus":false}},"results":[["UserIdToDMIdMiddleware",false],["AttemptToStopEditingInChannel",false],["AttemptToStopEditingSalesforceForm",false],["PreventVideoRecorderModalClose",false],["OpenConversationWithIds",false],["EnsureChannel",false],["EnsureAppViewType",false],["RedirectFileChannel",false],["RedirectChannelCanvasToCanvas",false],["RedirectLegacyFileBrowsersToUnified",false],["RedirectFileChannel",false],["SyncSearchTab",false],["RedirectHuddleRecordChannel",false],["EnsureCannedCanvasTemplates",false],["EnsureChannelHasParentTabMiddleware",false],["EnsureMessagesTabHasTabIdMiddleware",false],["TriggerMegaphoneGalleryFlow",false],["MaybeCloseSecondaryViewAfterSplit",false],["CanvasSetScrollParam",false],["RedirectSlackbotHistory",false],["RedirectSlackbotBadge",false],["EnsureActivityInboxMiddleware",false]],"shouldTerminateNavigation":false,"executionTime":0.09999999776482582,"nextTab":"home"} 
[02/03/26, 10:43:36:934] info: [NAVIGATION-MIDDLEWARE] Finish middleware execution for primary container {"maybeTransformedViewSet":{"sidebar":{"id":"ChannelList","viewType":"ChannelList","uiState":{"ghostLastRead":"1769574682.740079"}},"primary":{"id":"C06U9KZMPT8","viewType":"Channel","params":{"parentTab":"C06U9KZMPT8"},"uiState":{"preventMoveFocus":false}}},"terminateNavigation":false,"isViewTransformed":false,"iterationCount":1,"executionTime":0.30000000074505806} 
[02/03/26, 10:43:36:935] info: [NAVIGATION-MIDDLEWARE] Finish middleware execution for primary container {"maybeTransformedViewSet":{"sidebar":{"id":"ChannelList","viewType":"ChannelList","uiState":{"ghostLastRead":"1769574682.740079"}},"primary":{"id":"C06U9KZMPT8","viewType":"Channel","params":{"parentTab":"C06U9KZMPT8"},"uiState":{"preventMoveFocus":false}}},"terminateNavigation":false,"isViewTransformed":true,"iterationCount":0,"executionTime":1.199999999254942} 
[02/03/26, 10:43:36:935] info: [NAVIGATION-MIDDLEWARE] Navigation middleware execution is complete {"maybeUpdatedViewSet":{"sidebar":{"id":"ChannelList","viewType":"ChannelList","uiState":{"ghostLastRead":"1769574682.740079"}},"primary":{"id":"C06U9KZMPT8","viewType":"Channel","params":{"parentTab":"C06U9KZMPT8"},"uiState":{"preventMoveFocus":false}}},"terminateNavigation":false,"executionTime":2.400000002235174,"nextTab":"home"} 
[02/03/26, 10:43:36:935] info: [NAVIGATE-IN-MAIN-WIND] Built view set after middleware {"viewSet":{"sidebar":{"id":"ChannelList","viewType":"ChannelList","uiState":{"ghostLastRead":"1769574682.740079"}},"primary":{"id":"C06U9KZMPT8","viewType":"Channel","params":{"parentTab":"C06U9KZMPT8"},"uiState":{"preventMoveFocus":false}}},"nextTab":"home"} 
[02/03/26, 10:43:36:941] info: [NAVIGATE-LISTENERS] (T06AU05DL0L) Starting navigation listeners for triggerType NAVIGATION 
[02/03/26, 10:43:36:943] info: [NAVIGATE-LISTENERS] (T06AU05DL0L) Navigation listeners complete without errors 
[02/03/26, 10:43:36:944] info: [NAVIGATE-IN-MAIN-WIND]  Navigation thunk execution complete {"id":"C06U9KZMPT8","viewType":"Channel","options":{}} 
[02/03/26, 10:43:36:962] info: Breadcrumb: ui.click: div.p-channel_sidebar__channel.p-channel_sidebar__channel--sidebar-section-header-update  
[02/03/26, 10:43:37:003] info: [MESSAGE-LIST] (T06AU05DL0L) getScrollmark reason:channel_change channelId:C06ARGB5GCS at end 
[02/03/26, 10:43:37:006] info: [MESSAGE-LIST] (T06AU05DL0L) Switching channels: C06U9KZMPT8 timestamps: 28 
[02/03/26, 10:43:37:073] info: [CHECK-UNREADS] (T06AU05DL0L) unreadLineVisible updated in main window container primary: false -> true 
[02/03/26, 10:43:37:089] info: [API-Q] (T06AU05DL0L) noversion-1770083017.088 Flannel permissions/info called with reason: flannel-call:permissions/info 
[02/03/26, 10:43:37:089] info: [API-Q] (T06AU05DL0L) noversion-1770083017.088 Flannel permissions/info is ENQUEUED 
[02/03/26, 10:43:37:089] info: [API-Q] (T06AU05DL0L) noversion-1770083017.088 Flannel permissions/info is ACTIVE 
[02/03/26, 10:43:37:111] info: Store: EXTEND_MENU T06AU05DL0L: menucategory-file,menucategory-view,menucategory-edit,menucategory-help,menucategory-history 
[02/03/26, 10:43:37:143] info: [API-Q] (T06AU05DL0L) noversion-1770083017.088 Flannel permissions/info is RESOLVED 
[02/03/26, 10:43:37:440] info: [CHECK-UNREADS] (T06AU05DL0L) Checking unreads after unread line became visible 
[02/03/26, 10:43:37:440] info: [CHECK-UNREADS] (T06AU05DL0L) Not marking C06U9KZMPT8 because last_read >= latest && channel is read 
[02/03/26, 10:43:37:666] info: [UFM-REACJITRIGGERS] (T06AU05DL0L) requesting C06U9KZMPT8 (1) 
[02/03/26, 10:43:37:668] info: [API-Q] (T06AU05DL0L) 2daffbe9-1770083017.666 conversations.bulkReacjiTriggers called with reason: reacji_triggers_ufm 
[02/03/26, 10:43:37:668] info: [API-Q] (T06AU05DL0L) 2daffbe9-1770083017.666 conversations.bulkReacjiTriggers is ENQUEUED 
[02/03/26, 10:43:37:669] info: [API-Q] (T06AU05DL0L) 2daffbe9-1770083017.666 conversations.bulkReacjiTriggers is ACTIVE 
[02/03/26, 10:43:37:874] info: [API-Q] (T06AU05DL0L) 2daffbe9-1770083017.666 conversations.bulkReacjiTriggers is RESOLVED 
[02/03/26, 10:43:37:875] info: [UFM-REACJITRIGGERS] (T06AU05DL0L) received C06U9KZMPT8 (1) 
[02/03/26, 10:43:39:786] info: [CHECK-UNREADS] (T06AU05DL0L) unreadLineVisible updated in main window container primary: true -> false 
[02/03/26, 10:43:41:615] info: [API-Q] (T06AU05DL0L) noversion-1770083021.614 Flannel users/info called with reason: flannel-call:users/info 
[02/03/26, 10:43:41:615] info: [API-Q] (T06AU05DL0L) noversion-1770083021.614 Flannel users/info is ENQUEUED 
[02/03/26, 10:43:41:615] info: [API-Q] (T06AU05DL0L) noversion-1770083021.614 Flannel users/info is ACTIVE 
[02/03/26, 10:43:41:992] info: [API-Q] (T06AU05DL0L) noversion-1770083021.614 Flannel users/info is RESOLVED 
[02/03/26, 10:43:52:451] info: [NAVIGATE-IN-MAIN-WIND] Starting a new navigation event {"id":"thread","viewType":"Thread","viewParams":{"threadId":"C06U9KZMPT8-1768225692.602019","replyTs":"1768780811.373659","highlightRoot":false,"dangerouslyOverrideRouting":false},"options":{"ignoreFocusHistory":false}} 
[02/03/26, 10:43:52:453] info: [APPLY-DETAIL-VIEW] ViewSet with detail view applied {"viewSet":{"primary":{"id":"C06U9KZMPT8","viewType":"Channel","params":{"parentTab":"C06U9KZMPT8"},"uiState":{"preventMoveFocus":false,"userSetUnreadPoint":false,"unreadLineVisible":false,"ghostLastRead":null}},"secondary":{"id":"thread","viewType":"Thread","params":{"threadId":"C06U9KZMPT8-1768225692.602019","replyTs":"1768780811.373659","highlightRoot":false,"dangerouslyOverrideRouting":false},"uiState":{"highlightTs":"1768780811.373659","preventMoveFocus":false}}}} 
[02/03/26, 10:43:52:454] info: [APPLY-DETAIL-VIEW] ViewSet with channel canvas applied {"viewSet":{"primary":{"id":"C06U9KZMPT8","viewType":"Channel","params":{"parentTab":"C06U9KZMPT8"},"uiState":{"preventMoveFocus":false,"userSetUnreadPoint":false,"unreadLineVisible":false,"ghostLastRead":null}},"secondary":{"id":"thread","viewType":"Thread","params":{"threadId":"C06U9KZMPT8-1768225692.602019","replyTs":"1768780811.373659","highlightRoot":false,"dangerouslyOverrideRouting":false},"uiState":{"highlightTs":"1768780811.373659","preventMoveFocus":false}}}} 
[02/03/26, 10:43:52:454] info: [NAVIGATE-IN-MAIN-WIND] Applying changes to the secondary container {"viewSet":{"sidebar":{"id":"ChannelList","viewType":"ChannelList","uiState":{"ghostLastRead":"1769574682.740079"}},"primary":{"id":"C06U9KZMPT8","viewType":"Channel","params":{"parentTab":"C06U9KZMPT8"},"uiState":{"preventMoveFocus":false,"userSetUnreadPoint":false,"unreadLineVisible":false,"ghostLastRead":null}},"secondary":{"id":"thread","viewType":"Thread","params":{"threadId":"C06U9KZMPT8-1768225692.602019","replyTs":"1768780811.373659","highlightRoot":false,"dangerouslyOverrideRouting":false},"uiState":{"highlightTs":"1768780811.373659","preventMoveFocus":false}}},"nextTab":"home"} 
[02/03/26, 10:43:52:454] info: [NAVIGATION-MIDDLEWARE] Starting a new navigation middleware execution {"context":"navigation","nextViewSet":{"sidebar":{"id":"ChannelList","viewType":"ChannelList","uiState":{"ghostLastRead":"1769574682.740079"}},"primary":{"id":"C06U9KZMPT8","viewType":"Channel","params":{"parentTab":"C06U9KZMPT8"},"uiState":{"preventMoveFocus":false,"userSetUnreadPoint":false,"unreadLineVisible":false,"ghostLastRead":null}},"secondary":{"id":"thread","viewType":"Thread","params":{"threadId":"C06U9KZMPT8-1768225692.602019","replyTs":"1768780811.373659","highlightRoot":false,"dangerouslyOverrideRouting":false},"uiState":{"highlightTs":"1768780811.373659","preventMoveFocus":false}}},"middlewareCount":22,"nextTab":"home"} 
[02/03/26, 10:43:52:454] info: [NAVIGATION-MIDDLEWARE] Async action execution is complete for a view {"nextView":{"id":"ChannelList","viewType":"ChannelList","uiState":{"ghostLastRead":"1769574682.740079"}},"results":[["UserIdToDMIdMiddleware",false],["AttemptToStopEditingInChannel",false],["AttemptToStopEditingSalesforceForm",false],["PreventVideoRecorderModalClose",false],["OpenConversationWithIds",false],["EnsureChannel",false],["EnsureAppViewType",false],["RedirectFileChannel",false],["RedirectChannelCanvasToCanvas",false],["RedirectLegacyFileBrowsersToUnified",false],["RedirectFileChannel",false],["SyncSearchTab",false],["RedirectHuddleRecordChannel",false],["EnsureCannedCanvasTemplates",false],["EnsureChannelHasParentTabMiddleware",false],["EnsureMessagesTabHasTabIdMiddleware",false],["TriggerMegaphoneGalleryFlow",false],["MaybeCloseSecondaryViewAfterSplit",false],["CanvasSetScrollParam",false],["RedirectSlackbotHistory",false],["RedirectSlackbotBadge",false],["EnsureActivityInboxMiddleware",false]],"shouldTerminateNavigation":false,"executionTime":0.19999999925494194,"nextTab":"home"} 
[02/03/26, 10:43:52:454] info: [NAVIGATION-MIDDLEWARE] Finish middleware execution for sidebar container {"maybeTransformedViewSet":{"sidebar":{"id":"ChannelList","viewType":"ChannelList","uiState":{"ghostLastRead":"1769574682.740079"}},"primary":{"id":"C06U9KZMPT8","viewType":"Channel","params":{"parentTab":"C06U9KZMPT8"},"uiState":{"preventMoveFocus":false,"userSetUnreadPoint":false,"unreadLineVisible":false,"ghostLastRead":null}},"secondary":{"id":"thread","viewType":"Thread","params":{"threadId":"C06U9KZMPT8-1768225692.602019","replyTs":"1768780811.373659","highlightRoot":false,"dangerouslyOverrideRouting":false},"uiState":{"highlightTs":"1768780811.373659","preventMoveFocus":false}}},"terminateNavigation":false,"isViewTransformed":false,"iterationCount":0,"executionTime":0.5999999977648258} 
[02/03/26, 10:43:52:455] info: [NAVIGATION-MIDDLEWARE] Async action execution is complete for a view {"nextView":{"id":"C06U9KZMPT8","viewType":"Channel","params":{"parentTab":"C06U9KZMPT8"},"uiState":{"preventMoveFocus":false,"userSetUnreadPoint":false,"unreadLineVisible":false,"ghostLastRead":null}},"results":[["UserIdToDMIdMiddleware",false],["AttemptToStopEditingInChannel",false],["AttemptToStopEditingSalesforceForm",false],["PreventVideoRecorderModalClose",false],["OpenConversationWithIds",false],["EnsureChannel",false],["EnsureAppViewType",false],["RedirectFileChannel",false],["RedirectChannelCanvasToCanvas",false],["RedirectLegacyFileBrowsersToUnified",false],["RedirectFileChannel",false],["SyncSearchTab",false],["RedirectHuddleRecordChannel",false],["EnsureCannedCanvasTemplates",false],["EnsureChannelHasParentTabMiddleware",false],["EnsureMessagesTabHasTabIdMiddleware",false],["TriggerMegaphoneGalleryFlow",false],["MaybeCloseSecondaryViewAfterSplit",false],["CanvasSetScrollParam",false],["RedirectSlackbotHistory",false],["RedirectSlackbotBadge",false],["EnsureActivityInboxMiddleware",false]],"shouldTerminateNavigation":false,"executionTime":0.19999999925494194,"nextTab":"home"} 
[02/03/26, 10:43:52:455] info: [NAVIGATION-MIDDLEWARE] Finish middleware execution for primary container {"maybeTransformedViewSet":{"sidebar":{"id":"ChannelList","viewType":"ChannelList","uiState":{"ghostLastRead":"1769574682.740079"}},"primary":{"id":"C06U9KZMPT8","viewType":"Channel","params":{"parentTab":"C06U9KZMPT8"},"uiState":{"preventMoveFocus":false,"userSetUnreadPoint":false,"unreadLineVisible":false,"ghostLastRead":null}},"secondary":{"id":"thread","viewType":"Thread","params":{"threadId":"C06U9KZMPT8-1768225692.602019","replyTs":"1768780811.373659","highlightRoot":false,"dangerouslyOverrideRouting":false},"uiState":{"highlightTs":"1768780811.373659","preventMoveFocus":false}}},"terminateNavigation":false,"isViewTransformed":false,"iterationCount":0,"executionTime":0.5} 
[02/03/26, 10:43:52:455] info: [NAVIGATION-MIDDLEWARE] Async action execution is complete for a view {"nextView":{"id":"thread","viewType":"Thread","params":{"threadId":"C06U9KZMPT8-1768225692.602019","replyTs":"1768780811.373659","highlightRoot":false,"dangerouslyOverrideRouting":false},"uiState":{"highlightTs":"1768780811.373659","preventMoveFocus":false}},"results":[["UserIdToDMIdMiddleware",false],["AttemptToStopEditingInChannel",false],["AttemptToStopEditingSalesforceForm",false],["PreventVideoRecorderModalClose",false],["OpenConversationWithIds",false],["EnsureChannel",false],["EnsureAppViewType",false],["RedirectFileChannel",false],["RedirectChannelCanvasToCanvas",false],["RedirectLegacyFileBrowsersToUnified",false],["RedirectFileChannel",false],["SyncSearchTab",false],["RedirectHuddleRecordChannel",false],["EnsureCannedCanvasTemplates",false],["EnsureChannelHasParentTabMiddleware",false],["EnsureMessagesTabHasTabIdMiddleware",false],["TriggerMegaphoneGalleryFlow",false],["MaybeCloseSecondaryViewAfterSplit",false],["CanvasSetScrollParam",false],["RedirectSlackbotHistory",false],["RedirectSlackbotBadge",false],["EnsureActivityInboxMiddleware",false]],"shouldTerminateNavigation":false,"executionTime":0,"nextTab":"home"} 
[02/03/26, 10:43:52:456] info: [APPLY-DETAIL-VIEW] ViewSet with detail view applied {"viewSet":{"sidebar":{"id":"ChannelList","viewType":"ChannelList","uiState":{"ghostLastRead":"1769574682.740079"}},"primary":{"id":"C06U9KZMPT8","viewType":"Channel","params":{"parentTab":"C06U9KZMPT8"},"uiState":{"preventMoveFocus":false,"userSetUnreadPoint":false,"unreadLineVisible":false,"ghostLastRead":null}},"secondary":{"id":"thread","viewType":"Thread","params":{"threadId":"C06U9KZMPT8-1768225692.602019","replyTs":"1768780811.373659","highlightRoot":false,"dangerouslyOverrideRouting":false,"parentTab":"C06U9KZMPT8"},"uiState":{"highlightTs":"1768780811.373659","preventMoveFocus":false}}}} 
[02/03/26, 10:43:52:457] info: [APPLY-DETAIL-VIEW] ViewSet with channel canvas applied {"viewSet":{"sidebar":{"id":"ChannelList","viewType":"ChannelList","uiState":{"ghostLastRead":"1769574682.740079"}},"primary":{"id":"C06U9KZMPT8","viewType":"Channel","params":{"parentTab":"C06U9KZMPT8"},"uiState":{"preventMoveFocus":false,"userSetUnreadPoint":false,"unreadLineVisible":false,"ghostLastRead":null}},"secondary":{"id":"thread","viewType":"Thread","params":{"threadId":"C06U9KZMPT8-1768225692.602019","replyTs":"1768780811.373659","highlightRoot":false,"dangerouslyOverrideRouting":false,"parentTab":"C06U9KZMPT8"},"uiState":{"highlightTs":"1768780811.373659","preventMoveFocus":false}}}} 
[02/03/26, 10:43:52:457] info: [NAVIGATION-MIDDLEWARE] View has been transformed {"container":"secondary","initialView":{"id":"thread","viewType":"Thread","params":{"threadId":"C06U9KZMPT8-1768225692.602019","replyTs":"1768780811.373659","highlightRoot":false,"dangerouslyOverrideRouting":false},"uiState":{"highlightTs":"1768780811.373659","preventMoveFocus":false}},"transformedView":{"id":"thread","viewType":"Thread","params":{"threadId":"C06U9KZMPT8-1768225692.602019","replyTs":"1768780811.373659","highlightRoot":false,"dangerouslyOverrideRouting":false,"parentTab":"C06U9KZMPT8"},"uiState":{"highlightTs":"1768780811.373659","preventMoveFocus":false}},"iterationCount":0} 
[02/03/26, 10:43:52:457] info: [NAVIGATION-MIDDLEWARE] Skipping middleware execution for sidebar container as we have cached value {"initialView":{"id":"ChannelList","viewType":"ChannelList","uiState":{"ghostLastRead":"1769574682.740079"}},"iterationCount":1} 
[02/03/26, 10:43:52:457] info: [NAVIGATION-MIDDLEWARE] Skipping middleware execution for primary container as we have cached value {"initialView":{"id":"C06U9KZMPT8","viewType":"Channel","params":{"parentTab":"C06U9KZMPT8"},"uiState":{"preventMoveFocus":false,"userSetUnreadPoint":false,"unreadLineVisible":false,"ghostLastRead":null}},"iterationCount":1} 
[02/03/26, 10:43:52:458] info: [NAVIGATION-MIDDLEWARE] Async action execution is complete for a view {"nextView":{"id":"thread","viewType":"Thread","params":{"threadId":"C06U9KZMPT8-1768225692.602019","replyTs":"1768780811.373659","highlightRoot":false,"dangerouslyOverrideRouting":false,"parentTab":"C06U9KZMPT8"},"uiState":{"highlightTs":"1768780811.373659","preventMoveFocus":false}},"results":[["UserIdToDMIdMiddleware",false],["AttemptToStopEditingInChannel",false],["AttemptToStopEditingSalesforceForm",false],["PreventVideoRecorderModalClose",false],["OpenConversationWithIds",false],["EnsureChannel",false],["EnsureAppViewType",false],["RedirectFileChannel",false],["RedirectChannelCanvasToCanvas",false],["RedirectLegacyFileBrowsersToUnified",false],["RedirectFileChannel",false],["SyncSearchTab",false],["RedirectHuddleRecordChannel",false],["EnsureCannedCanvasTemplates",false],["EnsureChannelHasParentTabMiddleware",false],["EnsureMessagesTabHasTabIdMiddleware",false],["TriggerMegaphoneGalleryFlow",false],["MaybeCloseSecondaryViewAfterSplit",false],["CanvasSetScrollParam",false],["RedirectSlackbotHistory",false],["RedirectSlackbotBadge",false],["EnsureActivityInboxMiddleware",false]],"shouldTerminateNavigation":false,"executionTime":0.10000000149011612,"nextTab":"home"} 
[02/03/26, 10:43:52:458] info: [NAVIGATION-MIDDLEWARE] Finish middleware execution for secondary container {"maybeTransformedViewSet":{"sidebar":{"id":"ChannelList","viewType":"ChannelList","uiState":{"ghostLastRead":"1769574682.740079"}},"primary":{"id":"C06U9KZMPT8","viewType":"Channel","params":{"parentTab":"C06U9KZMPT8"},"uiState":{"preventMoveFocus":false,"userSetUnreadPoint":false,"unreadLineVisible":false,"ghostLastRead":null}},"secondary":{"id":"thread","viewType":"Thread","params":{"threadId":"C06U9KZMPT8-1768225692.602019","replyTs":"1768780811.373659","highlightRoot":false,"dangerouslyOverrideRouting":false,"parentTab":"C06U9KZMPT8"},"uiState":{"highlightTs":"1768780811.373659","preventMoveFocus":false}}},"terminateNavigation":false,"isViewTransformed":false,"iterationCount":1,"executionTime":0.4000000022351742} 
[02/03/26, 10:43:52:458] info: [NAVIGATION-MIDDLEWARE] Finish middleware execution for secondary container {"maybeTransformedViewSet":{"sidebar":{"id":"ChannelList","viewType":"ChannelList","uiState":{"ghostLastRead":"1769574682.740079"}},"primary":{"id":"C06U9KZMPT8","viewType":"Channel","params":{"parentTab":"C06U9KZMPT8"},"uiState":{"preventMoveFocus":false,"userSetUnreadPoint":false,"unreadLineVisible":false,"ghostLastRead":null}},"secondary":{"id":"thread","viewType":"Thread","params":{"threadId":"C06U9KZMPT8-1768225692.602019","replyTs":"1768780811.373659","highlightRoot":false,"dangerouslyOverrideRouting":false,"parentTab":"C06U9KZMPT8"},"uiState":{"highlightTs":"1768780811.373659","preventMoveFocus":false}}},"terminateNavigation":false,"isViewTransformed":true,"iterationCount":0,"executionTime":2} 
[02/03/26, 10:43:52:458] info: [NAVIGATION-MIDDLEWARE] Navigation middleware execution is complete {"maybeUpdatedViewSet":{"sidebar":{"id":"ChannelList","viewType":"ChannelList","uiState":{"ghostLastRead":"1769574682.740079"}},"primary":{"id":"C06U9KZMPT8","viewType":"Channel","params":{"parentTab":"C06U9KZMPT8"},"uiState":{"preventMoveFocus":false,"userSetUnreadPoint":false,"unreadLineVisible":false,"ghostLastRead":null}},"secondary":{"id":"thread","viewType":"Thread","params":{"threadId":"C06U9KZMPT8-1768225692.602019","replyTs":"1768780811.373659","highlightRoot":false,"dangerouslyOverrideRouting":false,"parentTab":"C06U9KZMPT8"},"uiState":{"highlightTs":"1768780811.373659","preventMoveFocus":false}}},"terminateNavigation":false,"executionTime":3.5,"nextTab":"home"} 
[02/03/26, 10:43:52:458] info: [NAVIGATE-IN-MAIN-WIND] Built view set after middleware {"viewSet":{"sidebar":{"id":"ChannelList","viewType":"ChannelList","uiState":{"ghostLastRead":"1769574682.740079"}},"primary":{"id":"C06U9KZMPT8","viewType":"Channel","params":{"parentTab":"C06U9KZMPT8"},"uiState":{"preventMoveFocus":false,"userSetUnreadPoint":false,"unreadLineVisible":false,"ghostLastRead":null}},"secondary":{"id":"thread","viewType":"Thread","params":{"threadId":"C06U9KZMPT8-1768225692.602019","replyTs":"1768780811.373659","highlightRoot":false,"dangerouslyOverrideRouting":false,"parentTab":"C06U9KZMPT8"},"uiState":{"highlightTs":"1768780811.373659","preventMoveFocus":false}}},"nextTab":"home"} 
[02/03/26, 10:43:52:463] info: [NAVIGATE-LISTENERS] (T06AU05DL0L) Starting navigation listeners for triggerType NAVIGATION 
[02/03/26, 10:43:52:465] info: [NAVIGATE-LISTENERS] (T06AU05DL0L) Navigation listeners complete without errors 
[02/03/26, 10:43:52:465] info: [NAVIGATE-IN-MAIN-WIND]  Navigation thunk execution complete {"id":"thread","viewType":"Thread","viewParams":{"threadId":"C06U9KZMPT8-1768225692.602019","replyTs":"1768780811.373659","highlightRoot":false,"dangerouslyOverrideRouting":false},"options":{"ignoreFocusHistory":false}} 
[02/03/26, 10:43:52:467] info: Breadcrumb: ui.click: button.c-link--button.c-message__broadcast_footer.c-message_kit__broadcast_footer[type="button"]  
[02/03/26, 10:43:52:572] info: [WD] All assets have reported back; s: 19; f: 0 
[02/03/26, 10:43:52:734] info: [UFM-PERMISSIONS] (T06AU05DL0L) requesting REVIEW_FLAGGED_CONTENT,LOCK_THREADS (1) 
[02/03/26, 10:43:52:734] info: [API-Q] (T06AU05DL0L) noversion-1770083032.734 Flannel permissions/info called with reason: flannel-call:permissions/info 
[02/03/26, 10:43:52:734] info: [API-Q] (T06AU05DL0L) noversion-1770083032.734 Flannel permissions/info is ENQUEUED 
[02/03/26, 10:43:52:734] info: [API-Q] (T06AU05DL0L) noversion-1770083032.734 Flannel permissions/info is ACTIVE 
[02/03/26, 10:43:52:737] info: [API-Q] (T06AU05DL0L) 2daffbe9-1770083032.736 conversations.replies called with reason: history-api/fetchReplies 
[02/03/26, 10:43:52:737] info: [API-Q] (T06AU05DL0L) 2daffbe9-1770083032.736 conversations.replies is ENQUEUED 
[02/03/26, 10:43:52:737] info: [API-Q] (T06AU05DL0L) 2daffbe9-1770083032.737 conversations.replies called with reason: history-api/fetchReplies 
[02/03/26, 10:43:52:737] info: [API-Q] (T06AU05DL0L) 2daffbe9-1770083032.737 conversations.replies is ENQUEUED 
[02/03/26, 10:43:52:770] info: [API-Q] (T06AU05DL0L) 2daffbe9-1770083032.769 megaphone.notifications.list called with reason: load-megaphone-notification-data 
[02/03/26, 10:43:52:770] info: [API-Q] (T06AU05DL0L) 2daffbe9-1770083032.769 megaphone.notifications.list is ENQUEUED 
[02/03/26, 10:43:52:779] info: [API-Q] (T06AU05DL0L) 2daffbe9-1770083032.736 conversations.replies is ACTIVE 
[02/03/26, 10:43:52:779] info: [API-Q] (T06AU05DL0L) 2daffbe9-1770083032.737 conversations.replies is ACTIVE 
[02/03/26, 10:43:52:779] info: [API-Q] (T06AU05DL0L) 2daffbe9-1770083032.769 megaphone.notifications.list is ACTIVE 
[02/03/26, 10:43:52:781] info: [API-Q] (T06AU05DL0L) noversion-1770083032.734 Flannel permissions/info is RESOLVED 
[02/03/26, 10:43:52:783] info: [UFM-PERMISSIONS] (T06AU05DL0L) received REVIEW_FLAGGED_CONTENT,LOCK_THREADS (1) 
[02/03/26, 10:43:52:983] info: [API-Q] (T06AU05DL0L) 2daffbe9-1770083032.769 megaphone.notifications.list is RESOLVED 
[02/03/26, 10:43:53:015] info: [API-Q] (T06AU05DL0L) 2daffbe9-1770083032.736 conversations.replies is RESOLVED 
[02/03/26, 10:43:53:100] info: [API-Q] (T06AU05DL0L) 2daffbe9-1770083032.737 conversations.replies is RESOLVED 
[02/03/26, 10:44:29:735] info: Store: SET_SYSTEM_IDLE idle 
[02/03/26, 10:44:29:738] info: [DESKTOP-SIDE-EFFECT] Update from desktop for keys  ["app"] 
[02/03/26, 10:44:39:448] info: [NAVIGATE-IN-MAIN-WIND] Starting a new navigation event {"id":"C06AB0RTDE3","viewType":"Channel","options":{}} 
[02/03/26, 10:44:39:450] info: [APPLY-DETAIL-VIEW] ViewSet with detail view applied {"viewSet":{"primary":{"id":"C06AB0RTDE3","viewType":"Channel","uiState":{"preventMoveFocus":false}}}} 
[02/03/26, 10:44:39:451] info: [APPLY-DETAIL-VIEW] ViewSet with channel canvas applied {"viewSet":{"primary":{"id":"C06AB0RTDE3","viewType":"Channel","uiState":{"preventMoveFocus":false}}}} 
[02/03/26, 10:44:39:451] info: [NAVIGATE-IN-MAIN-WIND] Applying changes to the primary container {"viewSet":{"sidebar":{"id":"ChannelList","viewType":"ChannelList","uiState":{"ghostLastRead":"1769574682.740079"}},"primary":{"id":"C06AB0RTDE3","viewType":"Channel","uiState":{"preventMoveFocus":false}}},"nextTab":"home"} 
[02/03/26, 10:44:39:451] info: [NAVIGATION-MIDDLEWARE] Starting a new navigation middleware execution {"context":"navigation","nextViewSet":{"sidebar":{"id":"ChannelList","viewType":"ChannelList","uiState":{"ghostLastRead":"1769574682.740079"}},"primary":{"id":"C06AB0RTDE3","viewType":"Channel","uiState":{"preventMoveFocus":false}}},"middlewareCount":22,"nextTab":"home"} 
[02/03/26, 10:44:39:452] info: [NAVIGATION-MIDDLEWARE] Async action execution is complete for a view {"nextView":{"id":"ChannelList","viewType":"ChannelList","uiState":{"ghostLastRead":"1769574682.740079"}},"results":[["UserIdToDMIdMiddleware",false],["AttemptToStopEditingInChannel",false],["AttemptToStopEditingSalesforceForm",false],["PreventVideoRecorderModalClose",false],["OpenConversationWithIds",false],["EnsureChannel",false],["EnsureAppViewType",false],["RedirectFileChannel",false],["RedirectChannelCanvasToCanvas",false],["RedirectLegacyFileBrowsersToUnified",false],["RedirectFileChannel",false],["SyncSearchTab",false],["RedirectHuddleRecordChannel",false],["EnsureCannedCanvasTemplates",false],["EnsureChannelHasParentTabMiddleware",false],["EnsureMessagesTabHasTabIdMiddleware",false],["TriggerMegaphoneGalleryFlow",false],["MaybeCloseSecondaryViewAfterSplit",false],["CanvasSetScrollParam",false],["RedirectSlackbotHistory",false],["RedirectSlackbotBadge",false],["EnsureActivityInboxMiddleware",false]],"shouldTerminateNavigation":false,"executionTime":0.5999999977648258,"nextTab":"home"} 
[02/03/26, 10:44:39:452] info: [NAVIGATION-MIDDLEWARE] Finish middleware execution for sidebar container {"maybeTransformedViewSet":{"sidebar":{"id":"ChannelList","viewType":"ChannelList","uiState":{"ghostLastRead":"1769574682.740079"}},"primary":{"id":"C06AB0RTDE3","viewType":"Channel","uiState":{"preventMoveFocus":false}}},"terminateNavigation":false,"isViewTransformed":false,"iterationCount":0,"executionTime":1} 
[02/03/26, 10:44:39:452] info: [NAVIGATION-MIDDLEWARE] Async action execution is complete for a view {"nextView":{"id":"C06AB0RTDE3","viewType":"Channel","uiState":{"preventMoveFocus":false}},"results":[["UserIdToDMIdMiddleware",false],["AttemptToStopEditingInChannel",false],["AttemptToStopEditingSalesforceForm",false],["PreventVideoRecorderModalClose",false],["OpenConversationWithIds",false],["EnsureChannel",false],["EnsureAppViewType",false],["RedirectFileChannel",false],["RedirectChannelCanvasToCanvas",false],["RedirectLegacyFileBrowsersToUnified",false],["RedirectFileChannel",false],["SyncSearchTab",false],["RedirectHuddleRecordChannel",false],["EnsureCannedCanvasTemplates",false],["EnsureChannelHasParentTabMiddleware",false],["EnsureMessagesTabHasTabIdMiddleware",false],["TriggerMegaphoneGalleryFlow",false],["MaybeCloseSecondaryViewAfterSplit",false],["CanvasSetScrollParam",false],["RedirectSlackbotHistory",false],["RedirectSlackbotBadge",false],["EnsureActivityInboxMiddleware",false]],"shouldTerminateNavigation":false,"executionTime":0.20000000298023224,"nextTab":"home"} 
[02/03/26, 10:44:39:453] info: [APPLY-DETAIL-VIEW] ViewSet with detail view applied {"viewSet":{"sidebar":{"id":"ChannelList","viewType":"ChannelList","uiState":{"ghostLastRead":"1769574682.740079"}},"primary":{"id":"C06AB0RTDE3","viewType":"Channel","params":{"parentTab":"C06AB0RTDE3"},"uiState":{"preventMoveFocus":false}}}} 
[02/03/26, 10:44:39:453] info: [APPLY-DETAIL-VIEW] ViewSet with channel canvas applied {"viewSet":{"sidebar":{"id":"ChannelList","viewType":"ChannelList","uiState":{"ghostLastRead":"1769574682.740079"}},"primary":{"id":"C06AB0RTDE3","viewType":"Channel","params":{"parentTab":"C06AB0RTDE3"},"uiState":{"preventMoveFocus":false}}}} 
[02/03/26, 10:44:39:453] info: [NAVIGATION-MIDDLEWARE] View has been transformed {"container":"primary","initialView":{"id":"C06AB0RTDE3","viewType":"Channel","uiState":{"preventMoveFocus":false}},"transformedView":{"id":"C06AB0RTDE3","viewType":"Channel","params":{"parentTab":"C06AB0RTDE3"},"uiState":{"preventMoveFocus":false}},"iterationCount":0} 
[02/03/26, 10:44:39:453] info: [NAVIGATION-MIDDLEWARE] Skipping middleware execution for sidebar container as we have cached value {"initialView":{"id":"ChannelList","viewType":"ChannelList","uiState":{"ghostLastRead":"1769574682.740079"}},"iterationCount":1} 
[02/03/26, 10:44:39:454] info: [NAVIGATION-MIDDLEWARE] Async action execution is complete for a view {"nextView":{"id":"C06AB0RTDE3","viewType":"Channel","params":{"parentTab":"C06AB0RTDE3"},"uiState":{"preventMoveFocus":false}},"results":[["UserIdToDMIdMiddleware",false],["AttemptToStopEditingInChannel",false],["AttemptToStopEditingSalesforceForm",false],["PreventVideoRecorderModalClose",false],["OpenConversationWithIds",false],["EnsureChannel",false],["EnsureAppViewType",false],["RedirectFileChannel",false],["RedirectChannelCanvasToCanvas",false],["RedirectLegacyFileBrowsersToUnified",false],["RedirectFileChannel",false],["SyncSearchTab",false],["RedirectHuddleRecordChannel",false],["EnsureCannedCanvasTemplates",false],["EnsureChannelHasParentTabMiddleware",false],["EnsureMessagesTabHasTabIdMiddleware",false],["TriggerMegaphoneGalleryFlow",false],["MaybeCloseSecondaryViewAfterSplit",false],["CanvasSetScrollParam",false],["RedirectSlackbotHistory",false],["RedirectSlackbotBadge",false],["EnsureActivityInboxMiddleware",false]],"shouldTerminateNavigation":false,"executionTime":0.19999999925494194,"nextTab":"home"} 
[02/03/26, 10:44:39:454] info: [NAVIGATION-MIDDLEWARE] Finish middleware execution for primary container {"maybeTransformedViewSet":{"sidebar":{"id":"ChannelList","viewType":"ChannelList","uiState":{"ghostLastRead":"1769574682.740079"}},"primary":{"id":"C06AB0RTDE3","viewType":"Channel","params":{"parentTab":"C06AB0RTDE3"},"uiState":{"preventMoveFocus":false}}},"terminateNavigation":false,"isViewTransformed":false,"iterationCount":1,"executionTime":0.3999999985098839} 
[02/03/26, 10:44:39:454] info: [NAVIGATION-MIDDLEWARE] Async action execution is complete for a view {"results":[["UserIdToDMIdMiddleware",false],["AttemptToStopEditingInChannel",false],["AttemptToStopEditingSalesforceForm",false],["PreventVideoRecorderModalClose",false],["OpenConversationWithIds",false],["EnsureChannel",false],["EnsureAppViewType",false],["RedirectFileChannel",false],["RedirectChannelCanvasToCanvas",false],["RedirectLegacyFileBrowsersToUnified",false],["RedirectFileChannel",false],["SyncSearchTab",false],["RedirectHuddleRecordChannel",false],["EnsureCannedCanvasTemplates",false],["EnsureChannelHasParentTabMiddleware",false],["EnsureMessagesTabHasTabIdMiddleware",false],["TriggerMegaphoneGalleryFlow",false],["MaybeCloseSecondaryViewAfterSplit",false],["CanvasSetScrollParam",false],["RedirectSlackbotHistory",false],["RedirectSlackbotBadge",false],["EnsureActivityInboxMiddleware",false]],"shouldTerminateNavigation":false,"executionTime":0.30000000074505806,"nextTab":"home"} 
[02/03/26, 10:44:39:454] info: [NAVIGATION-MIDDLEWARE] Finish middleware execution for secondary container {"maybeTransformedViewSet":{"sidebar":{"id":"ChannelList","viewType":"ChannelList","uiState":{"ghostLastRead":"1769574682.740079"}},"primary":{"id":"C06AB0RTDE3","viewType":"Channel","params":{"parentTab":"C06AB0RTDE3"},"uiState":{"preventMoveFocus":false}}},"terminateNavigation":false,"isViewTransformed":false,"iterationCount":1,"executionTime":0.5} 
[02/03/26, 10:44:39:454] info: [NAVIGATION-MIDDLEWARE] Finish middleware execution for primary container {"maybeTransformedViewSet":{"sidebar":{"id":"ChannelList","viewType":"ChannelList","uiState":{"ghostLastRead":"1769574682.740079"}},"primary":{"id":"C06AB0RTDE3","viewType":"Channel","params":{"parentTab":"C06AB0RTDE3"},"uiState":{"preventMoveFocus":false}}},"terminateNavigation":false,"isViewTransformed":true,"iterationCount":0,"executionTime":1.9000000022351742} 
[02/03/26, 10:44:39:455] info: [NAVIGATION-MIDDLEWARE] Navigation middleware execution is complete {"maybeUpdatedViewSet":{"sidebar":{"id":"ChannelList","viewType":"ChannelList","uiState":{"ghostLastRead":"1769574682.740079"}},"primary":{"id":"C06AB0RTDE3","viewType":"Channel","params":{"parentTab":"C06AB0RTDE3"},"uiState":{"preventMoveFocus":false}}},"terminateNavigation":false,"executionTime":3.199999999254942,"nextTab":"home"} 
[02/03/26, 10:44:39:455] info: [NAVIGATE-IN-MAIN-WIND] Built view set after middleware {"viewSet":{"sidebar":{"id":"ChannelList","viewType":"ChannelList","uiState":{"ghostLastRead":"1769574682.740079"}},"primary":{"id":"C06AB0RTDE3","viewType":"Channel","params":{"parentTab":"C06AB0RTDE3"},"uiState":{"preventMoveFocus":false}}},"nextTab":"home"} 
[02/03/26, 10:44:39:461] info: [NAVIGATE-LISTENERS] (T06AU05DL0L) Starting navigation listeners for triggerType NAVIGATION 
[02/03/26, 10:44:39:465] info: [NAVIGATE-LISTENERS] (T06AU05DL0L) Navigation listeners complete without errors 
[02/03/26, 10:44:39:465] info: [NAVIGATE-IN-MAIN-WIND]  Navigation thunk execution complete {"id":"C06AB0RTDE3","viewType":"Channel","options":{}} 
[02/03/26, 10:44:39:479] info: Breadcrumb: ui.click: span.p-channel_sidebar__name  
[02/03/26, 10:44:39:521] info: [MESSAGE-LIST] (T06AU05DL0L) getScrollmark reason:channel_change channelId:C06U9KZMPT8 mark:1768469708.554709 offset:58.21875 
[02/03/26, 10:44:39:524] info: [MESSAGE-LIST] (T06AU05DL0L) Switching channels: C06AB0RTDE3 timestamps: 0 
[02/03/26, 10:44:39:524] info: [MESSAGE-LIST] (T06AU05DL0L) requestAround channelId: C06AB0RTDE3 isLoading: false timestamps: 0 reachedStart: false reachedEnd: false 
[02/03/26, 10:44:39:524] info: [HISTORY-FETCH] (T06AU05DL0L) Fetching history for message pane: C06AB0RTDE3 oldest: null latest: null 
[02/03/26, 10:44:39:525] info: [API-Q] (T06AU05DL0L) 2daffbe9-1770083079.524 conversations.history called with reason: message-pane/requestHistory 
[02/03/26, 10:44:39:525] info: [API-Q] (T06AU05DL0L) 2daffbe9-1770083079.524 conversations.history is ENQUEUED 
[02/03/26, 10:44:39:566] info: [MESSAGE-LIST] (T06AU05DL0L) requestAround channelId: C06AB0RTDE3 isLoading: false timestamps: 0 reachedStart: false reachedEnd: false 
[02/03/26, 10:44:39:566] info: [MESSAGE-LIST] (T06AU05DL0L) requestAround channelId: C06AB0RTDE3 isLoading: false timestamps: 0 reachedStart: false reachedEnd: false 
[02/03/26, 10:44:39:589] info: [API-Q] (T06AU05DL0L) noversion-1770083079.587 Flannel users/list called with reason: flannel-call:users/list 
[02/03/26, 10:44:39:589] info: [API-Q] (T06AU05DL0L) noversion-1770083079.587 Flannel users/list is ENQUEUED 
[02/03/26, 10:44:39:589] info: [API-Q] (T06AU05DL0L) noversion-1770083079.588 Flannel permissions/info called with reason: flannel-call:permissions/info 
[02/03/26, 10:44:39:589] info: [API-Q] (T06AU05DL0L) noversion-1770083079.588 Flannel permissions/info is ENQUEUED 
[02/03/26, 10:44:39:589] info: [API-Q] (T06AU05DL0L) 2daffbe9-1770083079.524 conversations.history is ACTIVE 
[02/03/26, 10:44:39:589] info: [API-Q] (T06AU05DL0L) noversion-1770083079.587 Flannel users/list is ACTIVE 
[02/03/26, 10:44:39:590] info: [API-Q] (T06AU05DL0L) noversion-1770083079.588 Flannel permissions/info is ACTIVE 
[02/03/26, 10:44:39:619] info: Store: EXTEND_MENU T06AU05DL0L: menucategory-file,menucategory-view,menucategory-edit,menucategory-help,menucategory-history 
[02/03/26, 10:44:39:620] info: [API-Q] (T06AU05DL0L) 2daffbe9-1770083079.620 conversations.listPrefs called with reason: client_redux_store 
[02/03/26, 10:44:39:620] info: [API-Q] (T06AU05DL0L) 2daffbe9-1770083079.620 conversations.listPrefs is ENQUEUED 
[02/03/26, 10:44:39:621] info: [API-Q] (T06AU05DL0L) 2daffbe9-1770083079.620 conversations.listPrefs is ACTIVE 
[02/03/26, 10:44:39:621] info: [API-Q] (T06AU05DL0L) noversion-1770083079.621 Flannel users/counts called with reason: flannel-call:users/counts 
[02/03/26, 10:44:39:621] info: [API-Q] (T06AU05DL0L) noversion-1770083079.621 Flannel users/counts is ENQUEUED 
[02/03/26, 10:44:39:621] info: [API-Q] (T06AU05DL0L) noversion-1770083079.621 Flannel users/counts is ACTIVE 
[02/03/26, 10:44:39:621] info: [UFM] (T06AU05DL0L) requesting C06AB0RTDE3 (1) 
[02/03/26, 10:44:39:621] info: [UFM] (T06AU05DL0L) received C06AB0RTDE3 (1) 
[02/03/26, 10:44:39:622] info: [UFM-PERMISSIONS] (T06AU05DL0L) requesting ASSIGN_CHANNEL_MANAGER,CAN_AT_CHANNEL,CAN_AT_EVERYONE,ARCHIVE_CHANNEL (1) 
[02/03/26, 10:44:39:622] info: [API-Q] (T06AU05DL0L) noversion-1770083079.622 Flannel permissions/info called with reason: flannel-call:permissions/info 
[02/03/26, 10:44:39:622] info: [API-Q] (T06AU05DL0L) noversion-1770083079.622 Flannel permissions/info is ENQUEUED 
[02/03/26, 10:44:39:622] info: [API-Q] (T06AU05DL0L) noversion-1770083079.622 Flannel permissions/info is ACTIVE 
[02/03/26, 10:44:39:623] info: [UFM] (T06AU05DL0L) requesting F06AU0QQQJG (1) 
[02/03/26, 10:44:39:623] info: [API-Q] (T06AU05DL0L) 2daffbe9-1770083079.622 quip.lookupThreadIds called with reason: fetch-quip-ids 
[02/03/26, 10:44:39:623] info: [API-Q] (T06AU05DL0L) 2daffbe9-1770083079.622 quip.lookupThreadIds is ENQUEUED 
[02/03/26, 10:44:39:623] info: [API-Q] (T06AU05DL0L) 2daffbe9-1770083079.622 quip.lookupThreadIds is ACTIVE 
[02/03/26, 10:44:39:623] info: [UFM-FILES] (T06AU05DL0L) requesting F06AU0QQQJG (1) 
[02/03/26, 10:44:39:624] info: [API-Q] (T06AU05DL0L) 2daffbe9-1770083079.623 files.info called with reason: files-store-unknown-fetch 
[02/03/26, 10:44:39:624] info: [API-Q] (T06AU05DL0L) 2daffbe9-1770083079.623 files.info is ENQUEUED 
[02/03/26, 10:44:39:624] info: [API-Q] (T06AU05DL0L) 2daffbe9-1770083079.623 files.info is ACTIVE 
[02/03/26, 10:44:39:633] info: [API-Q] (T06AU05DL0L) 2daffbe9-1770083079.632 bookmarks.list called with reason: bookmarks-store/conditional-fetching 
[02/03/26, 10:44:39:633] info: [API-Q] (T06AU05DL0L) 2daffbe9-1770083079.632 bookmarks.list is ENQUEUED 
[02/03/26, 10:44:39:633] info: [API-Q] (T06AU05DL0L) 2daffbe9-1770083079.632 bookmarks.list is ACTIVE 
[02/03/26, 10:44:39:639] info: [MESSAGE-LIST] (T06AU05DL0L) componentWillReceiveProps isLoading: true isLoadingOlder: false timestamps: 0 
[02/03/26, 10:44:39:673] info: [API-Q] (T06AU05DL0L) noversion-1770083079.587 Flannel users/list is RESOLVED 
[02/03/26, 10:44:39:674] info: [API-Q] (T06AU05DL0L) noversion-1770083079.621 Flannel users/counts is RESOLVED 
[02/03/26, 10:44:39:674] info: [API-Q] (T06AU05DL0L) noversion-1770083079.622 Flannel permissions/info is RESOLVED 
[02/03/26, 10:44:39:674] info: [API-Q] (T06AU05DL0L) noversion-1770083079.588 Flannel permissions/info is RESOLVED 
[02/03/26, 10:44:39:683] info: [UFM-PERMISSIONS] (T06AU05DL0L) received ASSIGN_CHANNEL_MANAGER,CAN_AT_CHANNEL,CAN_AT_EVERYONE,ARCHIVE_CHANNEL (1) 
[02/03/26, 10:44:39:737] info: Store: SET_SYSTEM_IDLE active 
[02/03/26, 10:44:39:739] info: [DESKTOP-SIDE-EFFECT] Update from desktop for keys  ["app"] 
[02/03/26, 10:44:39:830] info: [API-Q] (T06AU05DL0L) 2daffbe9-1770083079.620 conversations.listPrefs is RESOLVED 
[02/03/26, 10:44:39:834] info: [API-Q] (T06AU05DL0L) 2daffbe9-1770083079.622 quip.lookupThreadIds is RESOLVED 
[02/03/26, 10:44:39:839] info: [API-Q] (T06AU05DL0L) 2daffbe9-1770083079.632 bookmarks.list is RESOLVED 
[02/03/26, 10:44:39:839] info: [UFM] (T06AU05DL0L) received F06AU0QQQJG (1) 
[02/03/26, 10:44:39:869] info: [API-Q] (T06AU05DL0L) 2daffbe9-1770083079.524 conversations.history is RESOLVED 
[02/03/26, 10:44:39:890] info: [PLATFORM-CHANNEL-ACTI] (T06AU05DL0L) setting count for channel C06AB0RTDE3 to 0, and marking channel as stale. 
[02/03/26, 10:44:39:894] info: [PINS] (T06AU05DL0L) Pins count updated for channel C06AB0RTDE3: 1 
[02/03/26, 10:44:39:898] info: [CHECK-UNREADS] (T06AU05DL0L) Not marking C06AB0RTDE3 because last_read >= latest && channel is read 
[02/03/26, 10:44:39:928] info: [MESSAGE-LIST] (T06AU05DL0L) componentWillReceiveProps isLoading: false isLoadingOlder: false timestamps: 28 
[02/03/26, 10:44:39:965] info: [CHECK-UNREADS] (T06AU05DL0L) unreadLineVisible updated in main window container primary: false -> true 
[02/03/26, 10:44:39:993] info: [API-Q] (T06AU05DL0L) 2daffbe9-1770083079.623 files.info is RESOLVED 
[02/03/26, 10:44:40:000] info: [API-Q] (T06AU05DL0L) noversion-1770083079.999 Flannel channels/membership called with reason: flannel-call:channels/membership 
[02/03/26, 10:44:40:000] info: [API-Q] (T06AU05DL0L) noversion-1770083079.999 Flannel channels/membership is ENQUEUED 
[02/03/26, 10:44:40:000] info: [API-Q] (T06AU05DL0L) noversion-1770083079.999 Flannel channels/membership is ACTIVE 
[02/03/26, 10:44:40:016] info: [UFM-FILES] (T06AU05DL0L) received F06AU0QQQJG (1) 
[02/03/26, 10:44:40:036] info: [API-Q] (T06AU05DL0L) noversion-1770083079.999 Flannel channels/membership is RESOLVED 
[02/03/26, 10:44:40:342] info: [CHECK-UNREADS] (T06AU05DL0L) Checking unreads after unread line became visible 
[02/03/26, 10:44:40:342] info: [CHECK-UNREADS] (T06AU05DL0L) Not marking C06AB0RTDE3 because last_read >= latest && channel is read 
[02/03/26, 10:44:40:718] info: [API-Q] (T06AU05DL0L) noversion-1770083080.717 Flannel users/info called with reason: flannel-call:users/info 
[02/03/26, 10:44:40:718] info: [API-Q] (T06AU05DL0L) noversion-1770083080.717 Flannel users/info is ENQUEUED 
[02/03/26, 10:44:40:718] info: [API-Q] (T06AU05DL0L) noversion-1770083080.717 Flannel users/info is ACTIVE 
[02/03/26, 10:44:40:742] info: [API-Q] (T06AU05DL0L) noversion-1770083080.717 Flannel users/info is RESOLVED 
[02/03/26, 10:44:41:722] info: [API-Q] (T06AU05DL0L) noversion-1770083081.722 Flannel users/info called with reason: flannel-call:users/info 
[02/03/26, 10:44:41:722] info: [API-Q] (T06AU05DL0L) noversion-1770083081.722 Flannel users/info is ENQUEUED 
[02/03/26, 10:44:41:722] info: [API-Q] (T06AU05DL0L) noversion-1770083081.722 Flannel users/info is ACTIVE 
[02/03/26, 10:44:41:745] info: [API-Q] (T06AU05DL0L) noversion-1770083081.722 Flannel users/info is RESOLVED 
[02/03/26, 10:44:42:002] info: [NAVIGATE-IN-MAIN-WIND] Starting a new navigation event {"id":"D07MJ421FB5","viewType":"Channel","options":{}} 
[02/03/26, 10:44:42:002] info: [APPLY-DETAIL-VIEW] ViewSet with detail view applied {"viewSet":{"primary":{"id":"D07MJ421FB5","viewType":"Channel","uiState":{"preventMoveFocus":false}}}} 
[02/03/26, 10:44:42:003] info: [APPLY-DETAIL-VIEW] ViewSet with channel canvas applied {"viewSet":{"primary":{"id":"D07MJ421FB5","viewType":"Channel","uiState":{"preventMoveFocus":false}}}} 
[02/03/26, 10:44:42:003] info: [NAVIGATE-IN-MAIN-WIND] Applying changes to the primary container {"viewSet":{"sidebar":{"id":"ChannelList","viewType":"ChannelList","uiState":{"ghostLastRead":"1769574682.740079"}},"primary":{"id":"D07MJ421FB5","viewType":"Channel","uiState":{"preventMoveFocus":false}}},"nextTab":"home"} 
[02/03/26, 10:44:42:003] info: [NAVIGATION-MIDDLEWARE] Starting a new navigation middleware execution {"context":"navigation","nextViewSet":{"sidebar":{"id":"ChannelList","viewType":"ChannelList","uiState":{"ghostLastRead":"1769574682.740079"}},"primary":{"id":"D07MJ421FB5","viewType":"Channel","uiState":{"preventMoveFocus":false}}},"middlewareCount":22,"nextTab":"home"} 
[02/03/26, 10:44:42:003] info: [NAVIGATION-MIDDLEWARE] Async action execution is complete for a view {"nextView":{"id":"ChannelList","viewType":"ChannelList","uiState":{"ghostLastRead":"1769574682.740079"}},"results":[["UserIdToDMIdMiddleware",false],["AttemptToStopEditingInChannel",false],["AttemptToStopEditingSalesforceForm",false],["PreventVideoRecorderModalClose",false],["OpenConversationWithIds",false],["EnsureChannel",false],["EnsureAppViewType",false],["RedirectFileChannel",false],["RedirectChannelCanvasToCanvas",false],["RedirectLegacyFileBrowsersToUnified",false],["RedirectFileChannel",false],["SyncSearchTab",false],["RedirectHuddleRecordChannel",false],["EnsureCannedCanvasTemplates",false],["EnsureChannelHasParentTabMiddleware",false],["EnsureMessagesTabHasTabIdMiddleware",false],["TriggerMegaphoneGalleryFlow",false],["MaybeCloseSecondaryViewAfterSplit",false],["CanvasSetScrollParam",false],["RedirectSlackbotHistory",false],["RedirectSlackbotBadge",false],["EnsureActivityInboxMiddleware",false]],"shouldTerminateNavigation":false,"executionTime":0.29999999701976776,"nextTab":"home"} 
[02/03/26, 10:44:42:003] info: [NAVIGATION-MIDDLEWARE] Finish middleware execution for sidebar container {"maybeTransformedViewSet":{"sidebar":{"id":"ChannelList","viewType":"ChannelList","uiState":{"ghostLastRead":"1769574682.740079"}},"primary":{"id":"D07MJ421FB5","viewType":"Channel","uiState":{"preventMoveFocus":false}}},"terminateNavigation":false,"isViewTransformed":false,"iterationCount":0,"executionTime":0.5} 
[02/03/26, 10:44:42:003] info: [NAVIGATION-MIDDLEWARE] Async action execution is complete for a view {"nextView":{"id":"D07MJ421FB5","viewType":"Channel","uiState":{"preventMoveFocus":false}},"results":[["UserIdToDMIdMiddleware",false],["AttemptToStopEditingInChannel",false],["AttemptToStopEditingSalesforceForm",false],["PreventVideoRecorderModalClose",false],["OpenConversationWithIds",false],["EnsureChannel",false],["EnsureAppViewType",false],["RedirectFileChannel",false],["RedirectChannelCanvasToCanvas",false],["RedirectLegacyFileBrowsersToUnified",false],["RedirectFileChannel",false],["SyncSearchTab",false],["RedirectHuddleRecordChannel",false],["EnsureCannedCanvasTemplates",false],["EnsureChannelHasParentTabMiddleware",false],["EnsureMessagesTabHasTabIdMiddleware",false],["TriggerMegaphoneGalleryFlow",false],["MaybeCloseSecondaryViewAfterSplit",false],["CanvasSetScrollParam",false],["RedirectSlackbotHistory",false],["RedirectSlackbotBadge",false],["EnsureActivityInboxMiddleware",false]],"shouldTerminateNavigation":false,"executionTime":0,"nextTab":"home"} 
[02/03/26, 10:44:42:003] info: [APPLY-DETAIL-VIEW] ViewSet with detail view applied {"viewSet":{"sidebar":{"id":"ChannelList","viewType":"ChannelList","uiState":{"ghostLastRead":"1769574682.740079"}},"primary":{"id":"D07MJ421FB5","viewType":"Channel","params":{"parentTab":"D07MJ421FB5"},"uiState":{"preventMoveFocus":false}}}} 
[02/03/26, 10:44:42:003] info: [APPLY-DETAIL-VIEW] ViewSet with channel canvas applied {"viewSet":{"sidebar":{"id":"ChannelList","viewType":"ChannelList","uiState":{"ghostLastRead":"1769574682.740079"}},"primary":{"id":"D07MJ421FB5","viewType":"Channel","params":{"parentTab":"D07MJ421FB5"},"uiState":{"preventMoveFocus":false}}}} 
[02/03/26, 10:44:42:003] info: [NAVIGATION-MIDDLEWARE] View has been transformed {"container":"primary","initialView":{"id":"D07MJ421FB5","viewType":"Channel","uiState":{"preventMoveFocus":false}},"transformedView":{"id":"D07MJ421FB5","viewType":"Channel","params":{"parentTab":"D07MJ421FB5"},"uiState":{"preventMoveFocus":false}},"iterationCount":0} 
[02/03/26, 10:44:42:004] info: [NAVIGATION-MIDDLEWARE] Skipping middleware execution for sidebar container as we have cached value {"initialView":{"id":"ChannelList","viewType":"ChannelList","uiState":{"ghostLastRead":"1769574682.740079"}},"iterationCount":1} 
[02/03/26, 10:44:42:004] info: [NAVIGATION-MIDDLEWARE] Async action execution is complete for a view {"nextView":{"id":"D07MJ421FB5","viewType":"Channel","params":{"parentTab":"D07MJ421FB5"},"uiState":{"preventMoveFocus":false}},"results":[["UserIdToDMIdMiddleware",false],["AttemptToStopEditingInChannel",false],["AttemptToStopEditingSalesforceForm",false],["PreventVideoRecorderModalClose",false],["OpenConversationWithIds",false],["EnsureChannel",false],["EnsureAppViewType",false],["RedirectFileChannel",false],["RedirectChannelCanvasToCanvas",false],["RedirectLegacyFileBrowsersToUnified",false],["RedirectFileChannel",false],["SyncSearchTab",false],["RedirectHuddleRecordChannel",false],["EnsureCannedCanvasTemplates",false],["EnsureChannelHasParentTabMiddleware",false],["EnsureMessagesTabHasTabIdMiddleware",false],["TriggerMegaphoneGalleryFlow",false],["MaybeCloseSecondaryViewAfterSplit",false],["CanvasSetScrollParam",false],["RedirectSlackbotHistory",false],["RedirectSlackbotBadge",false],["EnsureActivityInboxMiddleware",false]],"shouldTerminateNavigation":false,"executionTime":0,"nextTab":"home"} 
[02/03/26, 10:44:42:004] info: [NAVIGATION-MIDDLEWARE] Finish middleware execution for primary container {"maybeTransformedViewSet":{"sidebar":{"id":"ChannelList","viewType":"ChannelList","uiState":{"ghostLastRead":"1769574682.740079"}},"primary":{"id":"D07MJ421FB5","viewType":"Channel","params":{"parentTab":"D07MJ421FB5"},"uiState":{"preventMoveFocus":false}}},"terminateNavigation":false,"isViewTransformed":false,"iterationCount":1,"executionTime":0.10000000149011612} 
[02/03/26, 10:44:42:004] info: [NAVIGATION-MIDDLEWARE] Finish middleware execution for primary container {"maybeTransformedViewSet":{"sidebar":{"id":"ChannelList","viewType":"ChannelList","uiState":{"ghostLastRead":"1769574682.740079"}},"primary":{"id":"D07MJ421FB5","viewType":"Channel","params":{"parentTab":"D07MJ421FB5"},"uiState":{"preventMoveFocus":false}}},"terminateNavigation":false,"isViewTransformed":true,"iterationCount":0,"executionTime":0.4000000022351742} 
[02/03/26, 10:44:42:004] info: [NAVIGATION-MIDDLEWARE] Navigation middleware execution is complete {"maybeUpdatedViewSet":{"sidebar":{"id":"ChannelList","viewType":"ChannelList","uiState":{"ghostLastRead":"1769574682.740079"}},"primary":{"id":"D07MJ421FB5","viewType":"Channel","params":{"parentTab":"D07MJ421FB5"},"uiState":{"preventMoveFocus":false}}},"terminateNavigation":false,"executionTime":1,"nextTab":"home"} 
[02/03/26, 10:44:42:004] info: [NAVIGATE-IN-MAIN-WIND] Built view set after middleware {"viewSet":{"sidebar":{"id":"ChannelList","viewType":"ChannelList","uiState":{"ghostLastRead":"1769574682.740079"}},"primary":{"id":"D07MJ421FB5","viewType":"Channel","params":{"parentTab":"D07MJ421FB5"},"uiState":{"preventMoveFocus":false}}},"nextTab":"home"} 
[02/03/26, 10:44:42:007] info: [NAVIGATE-LISTENERS] (T06AU05DL0L) Starting navigation listeners for triggerType NAVIGATION 
[02/03/26, 10:44:42:007] info: [NAVIGATE-LISTENERS] (T06AU05DL0L) Navigation listeners complete without errors 
[02/03/26, 10:44:42:008] info: [NAVIGATE-IN-MAIN-WIND]  Navigation thunk execution complete {"id":"D07MJ421FB5","viewType":"Channel","options":{}} 
[02/03/26, 10:44:42:015] info: Breadcrumb: ui.click: span.p-channel_sidebar__name  
[02/03/26, 10:44:42:029] info: [MESSAGE-LIST] (T06AU05DL0L) getScrollmark reason:channel_change channelId:C06AB0RTDE3 at end 
[02/03/26, 10:44:42:031] info: [MESSAGE-LIST] (T06AU05DL0L) Switching channels: D07MJ421FB5 timestamps: 29 
[02/03/26, 10:44:42:083] info: [CHECK-UNREADS] (T06AU05DL0L) unreadLineVisible updated in main window container primary: false -> true 
[02/03/26, 10:44:42:095] info: [API-Q] (T06AU05DL0L) noversion-1770083082.094 Flannel permissions/info called with reason: flannel-call:permissions/info 
[02/03/26, 10:44:42:095] info: [API-Q] (T06AU05DL0L) noversion-1770083082.094 Flannel permissions/info is ENQUEUED 
[02/03/26, 10:44:42:095] info: [API-Q] (T06AU05DL0L) noversion-1770083082.094 Flannel permissions/info is ACTIVE 
[02/03/26, 10:44:42:117] info: Store: EXTEND_MENU T06AU05DL0L: menucategory-file,menucategory-view,menucategory-edit,menucategory-help,menucategory-history 
[02/03/26, 10:44:42:167] info: [API-Q] (T06AU05DL0L) noversion-1770083082.094 Flannel permissions/info is RESOLVED 
[02/03/26, 10:44:42:445] info: [CHECK-UNREADS] (T06AU05DL0L) Checking unreads after unread line became visible 
[02/03/26, 10:44:42:445] info: [CHECK-UNREADS] (T06AU05DL0L) Not marking D07MJ421FB5 because last_read >= latest && channel is read 
[02/03/26, 10:44:43:051] info: [API-Q] (T06AU05DL0L) 2daffbe9-1770083083.050 users.profile.get called with reason: with-call-menu 
[02/03/26, 10:44:43:051] info: [API-Q] (T06AU05DL0L) 2daffbe9-1770083083.050 users.profile.get is ENQUEUED 
[02/03/26, 10:44:43:052] info: [API-Q] (T06AU05DL0L) 2daffbe9-1770083083.050 users.profile.get is ACTIVE 
[02/03/26, 10:44:43:263] info: [API-Q] (T06AU05DL0L) 2daffbe9-1770083083.050 users.profile.get is RESOLVED 
[02/03/26, 10:44:44:684] info: [RTM-EVENT-METRICS] Metrics collection sampling has been reset. 
[02/03/26, 10:44:49:604] info: [API-Q] (T06AU05DL0L) 2daffbe9-1770083089.602 slackAi.permissions.getForUser called with reason: fetch-slack-ai-permissions 
[02/03/26, 10:44:49:604] info: [API-Q] (T06AU05DL0L) 2daffbe9-1770083089.602 slackAi.permissions.getForUser is ENQUEUED 
[02/03/26, 10:44:49:605] info: [API-Q] (T06AU05DL0L) 2daffbe9-1770083089.602 slackAi.permissions.getForUser is ACTIVE 
[02/03/26, 10:44:49:644] info: [PERSIST] (T06AU05DL0L) Successfully persisted state 
[02/03/26, 10:44:49:730] info: Breadcrumb: ui.click: ul.p-rich_text_list.p-rich_text_list__bullet.p-rich_text_list--nested > li  
[02/03/26, 10:44:49:815] info: [API-Q] (T06AU05DL0L) 2daffbe9-1770083089.602 slackAi.permissions.getForUser is RESOLVED 
[02/03/26, 10:44:49:834] info: [API-Q] (T06AU05DL0L) 2daffbe9-1770083089.833 slackAi.permissions.getForUser called with reason: fetch-slack-ai-permissions 
[02/03/26, 10:44:49:834] info: [API-Q] (T06AU05DL0L) 2daffbe9-1770083089.833 slackAi.permissions.getForUser is ENQUEUED 
[02/03/26, 10:44:49:835] info: [API-Q] (T06AU05DL0L) noversion-1770083089.834 Flannel permissions/info called with reason: flannel-call:permissions/info 
[02/03/26, 10:44:49:835] info: [API-Q] (T06AU05DL0L) noversion-1770083089.834 Flannel permissions/info is ENQUEUED 
[02/03/26, 10:44:49:835] info: [API-Q] (T06AU05DL0L) 2daffbe9-1770083089.833 slackAi.permissions.getForUser is ACTIVE 
[02/03/26, 10:44:49:836] info: [API-Q] (T06AU05DL0L) noversion-1770083089.834 Flannel permissions/info is ACTIVE 
[02/03/26, 10:44:49:836] info: [API-Q] (T06AU05DL0L) noversion-1770083089.835 Flannel permissions/info called with reason: flannel-call:permissions/info 
[02/03/26, 10:44:49:836] info: [API-Q] (T06AU05DL0L) noversion-1770083089.835 Flannel permissions/info is ENQUEUED 
[02/03/26, 10:44:49:837] info: [API-Q] (T06AU05DL0L) noversion-1770083089.835 Flannel permissions/info is ACTIVE 
[02/03/26, 10:44:50:078] info: [API-Q] (T06AU05DL0L) noversion-1770083089.834 Flannel permissions/info is RESOLVED 
[02/03/26, 10:44:50:079] info: [API-Q] (T06AU05DL0L) noversion-1770083089.835 Flannel permissions/info is RESOLVED 
[02/03/26, 10:44:50:109] info: [API-Q] (T06AU05DL0L) 2daffbe9-1770083089.833 slackAi.permissions.getForUser is RESOLVED 
[02/03/26, 10:44:52:728] info: Breadcrumb: ui.click: ul.p-rich_text_list.p-rich_text_list__bullet.p-rich_text_list--nested > li  
[02/03/26, 10:44:55:340] info: [FOCUS-EVENT] (T06AU05DL0L) Main window blurred 
[02/03/26, 10:44:55:446] info: [API-Q] (T06AU05DL0L) noversion-1770083095.445 Flannel permissions/info called with reason: flannel-call:permissions/info 
[02/03/26, 10:44:55:446] info: [API-Q] (T06AU05DL0L) noversion-1770083095.445 Flannel permissions/info is ENQUEUED 
[02/03/26, 10:44:55:446] info: [API-Q] (T06AU05DL0L) noversion-1770083095.445 Flannel permissions/info is ACTIVE 
[02/03/26, 10:44:55:469] info: [PERSIST] (T08KF7TD5AN) Successfully persisted state 
[02/03/26, 10:44:55:696] info: [API-Q] (T06AU05DL0L) noversion-1770083095.445 Flannel permissions/info is RESOLVED 
[02/03/26, 10:45:39:759] info: Store: SET_SYSTEM_IDLE idle 
[02/03/26, 10:45:39:763] info: [DESKTOP-SIDE-EFFECT] Update from desktop for keys  ["app"] 
[02/03/26, 10:46:29:790] info: Store: SET_SYSTEM_IDLE active 
[02/03/26, 10:46:29:791] info: [DESKTOP-SIDE-EFFECT] Update from desktop for keys  ["app"] 
[02/03/26, 10:47:37:356] info: [CHECK-FOR-OLD-CHANNEL] (T08KF7TD5AN) Start cleaning up DMs/MPDMs — starting with 6 entries. 
[02/03/26, 10:47:37:357] info: [CHECK-FOR-OLD-CHANNEL] (T08KF7TD5AN) Eligible DMs/MPDMs for cleanup — [external DMs]:0, [internal DMs]: 6, [app DMs]: 0 
[02/03/26, 10:47:37:357] info: [CHECK-FOR-OLD-CHANNEL] (T08KF7TD5AN) Identified 0 DMs/MPDMs of externalDMs type for closure 
[02/03/26, 10:47:37:357] info: [CHECK-FOR-OLD-CHANNEL] (T08KF7TD5AN) Not eligible D08KAB9CCVB: Not idle 
[02/03/26, 10:47:37:357] info: [CHECK-FOR-OLD-CHANNEL] (T08KF7TD5AN) Not eligible D08KG48JDNG: Slackbot 
[02/03/26, 10:47:37:358] info: [CHECK-FOR-OLD-CHANNEL] (T08KF7TD5AN) Not eligible D08KG48KFLL: Self DM 
[02/03/26, 10:47:37:358] info: [CHECK-FOR-OLD-CHANNEL] (T08KF7TD5AN) Not eligible D08KG4AU4J0: Not idle 
[02/03/26, 10:47:37:358] info: [CHECK-FOR-OLD-CHANNEL] (T08KF7TD5AN) Identified 0 DMs/MPDMs of internalDMs type for closure 
[02/03/26, 10:47:37:358] info: [CHECK-FOR-OLD-CHANNEL] (T08KF7TD5AN) Identified 0 DMs/MPDMs of appDMs type for closure 
[02/03/26, 10:47:37:359] info: [API-Q] (T08KF7TD5AN) noversion-1770083257.357 Flannel users/info called with reason: flannel-call:users/info 
[02/03/26, 10:47:37:360] info: [API-Q] (T08KF7TD5AN) noversion-1770083257.357 Flannel users/info is ENQUEUED 
[02/03/26, 10:47:37:360] info: [API-Q] (T08KF7TD5AN) noversion-1770083257.357 Flannel users/info is ACTIVE 
[02/03/26, 10:47:38:616] info: [API-Q] (T08KF7TD5AN) noversion-1770083257.357 Flannel users/info is RESOLVED 
[02/03/26, 10:47:39:981] info: [FOCUS-EVENT] (T06AU05DL0L) Main window focused 
[02/03/26, 10:47:40:102] info: [CHECK-UNREADS] (T06AU05DL0L) Checking unreads after window became focused 
[02/03/26, 10:47:40:102] info: [CHECK-UNREADS] (T06AU05DL0L) Not marking D07MJ421FB5 because last_read >= latest && channel is read 
[02/03/26, 10:47:43:241] info: Breadcrumb: ui.click: ul.p-rich_text_list.p-rich_text_list__bullet.p-rich_text_list--nested > li  
[02/03/26, 10:47:51:684] info: [API-Q] (T08KF7TD5AN) noversion-1770083271.682 Flannel users/info called with reason: flannel-call:users/info 
[02/03/26, 10:47:51:685] info: [API-Q] (T08KF7TD5AN) noversion-1770083271.682 Flannel users/info is ENQUEUED 
[02/03/26, 10:47:51:685] info: [API-Q] (T08KF7TD5AN) noversion-1770083271.682 Flannel users/info is ACTIVE 
[02/03/26, 10:47:51:905] info: [API-Q] (T08KF7TD5AN) noversion-1770083271.682 Flannel users/info is RESOLVED 
[02/03/26, 10:47:52:743] info: Breadcrumb: ui.click: ul.p-rich_text_list.p-rich_text_list__bullet.p-rich_text_list--nested > li  
[02/03/26, 10:47:56:799] info: [UFM-PERMISSIONS] (T06AU05DL0L) requesting DELETE_OWN_MESSAGE (1) 
[02/03/26, 10:47:56:800] info: [API-Q] (T06AU05DL0L) noversion-1770083276.799 Flannel permissions/info called with reason: flannel-call:permissions/info 
[02/03/26, 10:47:56:800] info: [API-Q] (T06AU05DL0L) noversion-1770083276.799 Flannel permissions/info is ENQUEUED 
[02/03/26, 10:47:56:800] info: [API-Q] (T06AU05DL0L) noversion-1770083276.799 Flannel permissions/info is ACTIVE 
[02/03/26, 10:47:56:993] info: [API-Q] (T06AU05DL0L) noversion-1770083276.799 Flannel permissions/info is RESOLVED 
[02/03/26, 10:47:56:993] info: [UFM-PERMISSIONS] (T06AU05DL0L) received DELETE_OWN_MESSAGE (1) 
[02/03/26, 10:47:58:107] info: [FOCUS-EVENT] (T06AU05DL0L) Main window blurred 
[02/03/26, 10:49:46:762] info: [CHECK-FOR-OLD-CHANNEL] (T06AU05DL0L) Start cleaning up DMs/MPDMs — starting with 11 entries. 
[02/03/26, 10:49:46:762] info: [CHECK-FOR-OLD-CHANNEL] (T06AU05DL0L) Eligible DMs/MPDMs for cleanup — [external DMs]:0, [internal DMs]: 11, [app DMs]: 0 
[02/03/26, 10:49:46:762] info: [CHECK-FOR-OLD-CHANNEL] (T06AU05DL0L) Identified 0 DMs/MPDMs of externalDMs type for closure 
[02/03/26, 10:49:46:763] info: [CHECK-FOR-OLD-CHANNEL] (T06AU05DL0L) Not eligible D07MBHNNPGE: Slackbot 
[02/03/26, 10:49:46:763] info: [CHECK-FOR-OLD-CHANNEL] (T06AU05DL0L) Not eligible D07MJ421FB5: Not idle 
[02/03/26, 10:49:46:763] info: [CHECK-FOR-OLD-CHANNEL] (T06AU05DL0L) Not eligible D07MJ6RJF98: Self DM 
[02/03/26, 10:49:46:763] info: [CHECK-FOR-OLD-CHANNEL] (T06AU05DL0L) Identified 0 DMs/MPDMs of internalDMs type for closure 
[02/03/26, 10:49:46:763] info: [CHECK-FOR-OLD-CHANNEL] (T06AU05DL0L) Identified 0 DMs/MPDMs of appDMs type for closure 
[02/03/26, 10:51:58:358] info: [FOCUS-EVENT] (T06AU05DL0L) Main window focused 
[02/03/26, 10:51:58:440] info: [CHECK-UNREADS] (T06AU05DL0L) Checking unreads after window became focused 
[02/03/26, 10:51:58:441] info: [CHECK-UNREADS] (T06AU05DL0L) Not marking D07MJ421FB5 because last_read >= latest && channel is read 
[02/03/26, 10:51:59:738] info: [API-Q] (T06AU05DL0L) 2daffbe9-1770083519.737 users.profile.get called with reason: with-call-menu 
[02/03/26, 10:51:59:738] info: [API-Q] (T06AU05DL0L) 2daffbe9-1770083519.737 users.profile.get is ENQUEUED 
[02/03/26, 10:51:59:739] info: [API-Q] (T06AU05DL0L) 2daffbe9-1770083519.737 users.profile.get is ACTIVE 
[02/03/26, 10:52:03:312] info: [API-Q] (T06AU05DL0L) 2daffbe9-1770083519.737 users.profile.get is RESOLVED 
[02/03/26, 10:52:10:701] info: Breadcrumb: ui.click: ul.p-rich_text_list.p-rich_text_list__bullet.p-rich_text_list--nested > li  
[02/03/26, 10:52:11:799] info: [CHECK-UNREADS] (T06AU05DL0L) unreadLineVisible updated in main window container primary: true -> false 
[02/03/26, 10:52:12:598] info: [CHECK-UNREADS] (T06AU05DL0L) unreadLineVisible updated in main window container primary: false -> true 
[02/03/26, 10:52:12:952] info: [CHECK-UNREADS] (T06AU05DL0L) Checking unreads after unread line became visible 
[02/03/26, 10:52:12:953] info: [CHECK-UNREADS] (T06AU05DL0L) Not marking D07MJ421FB5 because last_read >= latest && channel is read 
[02/03/26, 10:52:20:131] warn: PERMALINK (T06AU05DL0L) openPermalink: Unable to parse permalink, opening in new tab 
[02/03/26, 10:52:20:947] info: [FOCUS-EVENT] (T06AU05DL0L) Main window blurred 
[02/03/26, 10:54:44:686] info: [RTM-EVENT-METRICS] Metrics collection sampling has been reset. 
[02/03/26, 10:55:40:140] info: Store: SET_SYSTEM_IDLE idle 
[02/03/26, 10:55:40:144] info: [DESKTOP-SIDE-EFFECT] Update from desktop for keys  ["app"] 
[02/03/26, 10:56:00:149] info: Store: SET_SYSTEM_IDLE active 
[02/03/26, 10:56:00:152] info: [DESKTOP-SIDE-EFFECT] Update from desktop for keys  ["app"] 
[02/03/26, 10:56:30:163] info: Store: SET_SYSTEM_IDLE idle 
[02/03/26, 10:56:30:167] info: [DESKTOP-SIDE-EFFECT] Update from desktop for keys  ["app"] 
[02/03/26, 10:57:08:723] info: [FOCUS-EVENT] (T06AU05DL0L) Main window focused 
[02/03/26, 10:57:08:796] info: [CHECK-UNREADS] (T06AU05DL0L) Checking unreads after window became focused 
[02/03/26, 10:57:08:796] info: [CHECK-UNREADS] (T06AU05DL0L) Not marking D07MJ421FB5 because last_read >= latest && channel is read 
[02/03/26, 10:57:08:807] info: [API-Q] (T06AU05DL0L) noversion-1770083828.806 Flannel users/info called with reason: flannel-call:users/info 
[02/03/26, 10:57:08:807] info: [API-Q] (T06AU05DL0L) noversion-1770083828.806 Flannel users/info is ENQUEUED 
[02/03/26, 10:57:08:807] info: [API-Q] (T06AU05DL0L) noversion-1770083828.806 Flannel users/info is ACTIVE 
[02/03/26, 10:57:09:530] info: [API-Q] (T06AU05DL0L) noversion-1770083828.806 Flannel users/info is RESOLVED 
[02/03/26, 10:57:10:173] info: Store: SET_SYSTEM_IDLE active 
[02/03/26, 10:57:10:176] info: [DESKTOP-SIDE-EFFECT] Update from desktop for keys  ["app"] 
[02/03/26, 10:57:10:963] info: [FOCUS-EVENT] (T06AU05DL0L) Main window blurred 
[02/03/26, 10:57:11:113] info: [MESSAGE-LIST] (T06AU05DL0L) getScrollmark reason:with_serialization channelId:D07MJ421FB5 at end 
[02/03/26, 10:57:11:114] info: [PERSIST] (T06AU05DL0L) Persisting state to storage because the window is about to unload 
[02/03/26, 10:57:11:120] info: [MESSAGE-LIST] (T06AU05DL0L) getScrollmark reason:with_serialization channelId:D07MJ421FB5 at end 
[02/03/26, 10:57:11:124] info: [PERSIST] (T08KF7TD5AN) Persisting state to storage because the window is about to unload 
[02/03/26, 10:57:11:127] info: [VISIBILITY-STATE] (T06AU05DL0L) Main window visibility state changed: hidden 
[02/03/26, 10:57:11:143] info: [PERSIST] (T06AU05DL0L) Successfully persisted state 
[02/03/26, 10:57:11:153] info: [PERSIST] (T08KF7TD5AN) Successfully persisted state 
[02/04/26, 00:58:46:936] info: 
╔═════════════════════════════════════════════════════════╗
║      Slack 4.47.69, linux 6.18.7-zen1-1-zen on x64      ║
╚═════════════════════════════════════════════════════════╝ 
[02/04/26, 00:58:46:936] info: Configured logger via 
{
  "enableConsoleTransport": true,
  "identifierOverride": "webapp-console",
  "loggerInstanceCount": 3
}
[02/04/26, 00:58:46:936] info: Predefined values for process 
{
  "NODE_ENV": "production",
  "platform": "linux",
  "type": "browser",
  "timeZone": "Asia/Tokyo",
  "PACKAGE_MANIFEST.productName": "Slack",
  "PACKAGE_MANIFEST.version": "4.47.69",
  "PACKAGE_MANIFEST.commit": "72d60eb",
  "PACKAGE_MANIFEST.branch": "HEAD"
}
[02/04/26, 00:58:47:198] info: Starting Sentry (Preload) 
[02/04/26, 00:58:47:199] info: getSentryDSN: Setting sentry URL to slack.com 
[02/04/26, 00:58:47:204] info: [DESKTOP PRELOAD]	Creating desktop interface object 
[02/04/26, 00:58:47:204] info: [DESKTOP PRELOAD]	Exposing context bridge 
[02/04/26, 00:58:47:221] info: Store: WINDOW_CREATED {
  "type": "main",
  "webappType": "app",
  "id": 1,
  "frame": {
    "isHtmlFullScreen": false,
    "isCurrentlyAudible": false,
    "isFullScreen": false,
    "isMinimized": false,
    "isMaximized": false,
    "isVisible": false,
    "isFocused": false,
    "bounds": {
      "x": 0,
      "y": 0,
      "width": 1200,
      "height": 800
    },
    "hasVibrancy": false,
    "isAlwaysOnTop": false
  }
} 
[02/04/26, 00:58:47:221] info: Store: RECORD_PERFORMANCE_TIMING {
  "phase": 1,
  "interval": 46
} 
[02/04/26, 00:58:47:221] info: Store: SET_UPDATE_SUPPORTED false 
[02/04/26, 00:58:47:221] info: Store: UPSERT_WEB_CONTENTS {
  "id": 1,
  "state": "unloaded",
  "type": "app"
} 
[02/04/26, 00:58:47:221] info: Store: DISPLAY_METRICS_CHANGED  
[02/04/26, 00:58:47:221] info: Store: DISPLAY_METRICS_CHANGED  
[02/04/26, 00:58:47:221] info: Store: DISPLAY_METRICS_CHANGED  
[02/04/26, 00:58:47:221] info: Store: SET_HW_ACCEL_AVAILABILITY enabled 
[02/04/26, 00:58:47:221] info: Store: UPSERT_WEB_CONTENTS {
  "id": 1,
  "state": "loaded"
} 
[02/04/26, 00:58:47:222] info: Store: RECORD_PERFORMANCE_TIMING {
  "phase": 2,
  "interval": 555
} 
[02/04/26, 00:58:47:222] info: Store: MAIN_WINDOW_SHOWN  
[02/04/26, 00:58:47:225] info: Store: CLEAR_NOTIFICATIONS  
[02/04/26, 00:58:47:346] info: [METRICS] Starting timers for metrics collection 
[02/04/26, 00:58:47:647] info: [APP] client-v2 
[02/04/26, 00:58:47:647] info: [DATE/TIME] 1770134327647 "2026-02-03T15:58:47.647Z" 
[02/04/26, 00:58:47:647] info: [VERSION] version_hash: 2daffbe9fe94a4efbec8ff080bcbcbf1d6d1549c 
[02/04/26, 00:58:47:647] info: [VERSION] version_ts: 1770074858 
[02/04/26, 00:58:47:647] info: [VERSION] min_version_data_ts: 1722374725 
[02/04/26, 00:58:47:647] info: [URL] https://app.slack.com/client/T06AU05DL0L 
[02/04/26, 00:58:47:647] info: [AUTH] authCookieChanged: started listening to the event 
[02/04/26, 00:58:47:648] info: [AUTH] Credentials are fresh (psc=1769963618, csc=1769963618) 
[02/04/26, 00:58:47:648] info: [LOCAL-CONFIG] ingestIncomingConfig(): no incoming payload to process; current teams: T06AU05DL0L:U07N70LR48G,T08KF7TD5AN:U08KG48A77W 
[02/04/26, 00:58:47:648] info: [BOOT] Initial user team ID: T06AU05DL0L 
[02/04/26, 00:58:47:649] info: [BOOT] (T06AU05DL0L) Minimum supported data version is 1722374725; currently on 1769946127 
[02/04/26, 00:58:47:649] info: [PERSIST] (T06AU05DL0L) Getting state from IndexedDB 
[02/04/26, 00:58:47:650] info: [TRACER] Tracing is not sampled by default for this team. 
[02/04/26, 00:58:47:676] info: [TRACER] Tracing is not sampled by default for this session. 
[02/04/26, 00:58:47:679] info: [BOOT-QUEUE] T06AU05DL0L noversion-1770134327.677 features.access.policies.list called 
[02/04/26, 00:58:47:679] info: [BOOT-QUEUE] T06AU05DL0L noversion-1770134327.677 features.access.policies.list is ENQUEUED 
[02/04/26, 00:58:47:680] info: [BOOT-QUEUE] T06AU05DL0L noversion-1770134327.679 experiments.getByUser called 
[02/04/26, 00:58:47:680] info: [BOOT-QUEUE] T06AU05DL0L noversion-1770134327.679 experiments.getByUser is ENQUEUED 
[02/04/26, 00:58:47:680] info: [BOOT-QUEUE] T06AU05DL0L noversion-1770134327.680 api.features called 
[02/04/26, 00:58:47:680] info: [BOOT-QUEUE] T06AU05DL0L noversion-1770134327.680 api.features is ENQUEUED 
[02/04/26, 00:58:47:681] info: [BOOT-QUEUE] T06AU05DL0L noversion-1770134327.681 client.shouldReload called with reason: boot 
[02/04/26, 00:58:47:681] info: [BOOT-QUEUE] T06AU05DL0L noversion-1770134327.681 client.shouldReload is ENQUEUED 
[02/04/26, 00:58:47:681] info: [BOOT] Couldn't determine boot channel. Falling back to default channel 
[02/04/26, 00:58:47:728] info: Store: UPDATE_DESKTOP_FEATURES [
  "desktop_loading_screen",
  "extended_unresponsive_timeout"
] 
[02/04/26, 00:58:47:731] info: Store: UPDATE_SETTINGS {
  "signInMethod": "browser"
} 
[02/04/26, 00:58:47:733] info: Store: UPDATE_SETTINGS {
  "devToolsEnabled": false
} 
[02/04/26, 00:58:47:733] info: Store: UPDATE_SETTINGS {
  "userTheme": "dark"
} 
[02/04/26, 00:58:47:734] info: Store: UPDATE_SETTINGS {
  "systemThemeSyncEnabled": true
} 
[02/04/26, 00:58:47:734] info: Store: SELECTION_CHANGED T06AU05DL0L 
[02/04/26, 00:58:47:803] info: [PERSIST] (T06AU05DL0L) Successfully got state from IndexedDB 
[02/04/26, 00:58:47:804] info: [BOOT-QUEUE] T06AU05DL0L noversion-1770134327.803 client.userBoot called with reason: deferred-data 
[02/04/26, 00:58:47:804] info: [BOOT-QUEUE] T06AU05DL0L noversion-1770134327.803 client.userBoot is ENQUEUED 
[02/04/26, 00:58:47:869] info: [BOOT-QUEUE] T06AU05DL0L noversion-1770134327.677 features.access.policies.list is ACTIVE 
[02/04/26, 00:58:47:869] info: [BOOT-QUEUE] T06AU05DL0L noversion-1770134327.679 experiments.getByUser is ACTIVE 
[02/04/26, 00:58:47:870] info: [BOOT-QUEUE] T06AU05DL0L noversion-1770134327.680 api.features is ACTIVE 
[02/04/26, 00:58:47:870] info: [BOOT-QUEUE] T06AU05DL0L noversion-1770134327.681 client.shouldReload is ACTIVE 
[02/04/26, 00:58:47:870] info: [BOOT-QUEUE] T06AU05DL0L noversion-1770134327.803 client.userBoot is ACTIVE 
[02/04/26, 00:58:47:898] info: [EMOJI_TRANSLATION] Emoji translations not needed for default locale, only adding keywords 
[02/04/26, 00:58:48:810] info: [BOOT] (T06AU05DL0L) Booting with persisted store 
[02/04/26, 00:58:48:810] info: [PERSIST] (T06AU05DL0L) Checking for persistence method changes 
[02/04/26, 00:58:48:811] info: [PERSIST] (T06AU05DL0L) Preparing state for hydration 
[02/04/26, 00:58:48:860] info: [PERSIST] (T06AU05DL0L) State prepared for hydration 
[02/04/26, 00:58:48:860] info: [PERSIST] (T06AU05DL0L) Checking for required data 
[02/04/26, 00:58:48:866] info: [BOOT] (T06AU05DL0L) Configuring redux store 
[02/04/26, 00:58:48:872] info: [DESKTOP-MIDDLEWARE] (T06AU05DL0L) Forwarding redux payload to desktop ["theme","notificationPrefs","connectivityPrefs","featureFlags","unreads","locale","version","frontendBuildType","userId"] 
[02/04/26, 00:58:48:879] info: [NAVIGATION-MIDDLEWARE] Starting a new navigation middleware execution {"context":"client-boot","nextViewSet":{"sidebar":{"id":"ChannelList","viewType":"ChannelList","uiState":{"ghostLastRead":"1769574682.740079"}},"primary":{"id":"D07MJ421FB5","viewType":"Channel","params":{"parentTab":"D07MJ421FB5"},"uiState":{"preventMoveFocus":false}}},"middlewareCount":8} 
[02/04/26, 00:58:48:879] info: [NAVIGATION-MIDDLEWARE] Async action execution is complete for a view {"nextView":{"id":"ChannelList","viewType":"ChannelList","uiState":{"ghostLastRead":"1769574682.740079"}},"results":[["EnsureChannelHasParentTabMiddleware",false],["EnsureMessagesTabHasTabIdMiddleware",false],["RedirectFileChannel",false],["RedirectChannelCanvasToCanvas",false],["AttemptToSetSolutionsGalleryPref",false],["EnsureAppViewType",false],["CanvasSetScrollParam",false],["EnsureActivityInboxMiddleware",false]],"shouldTerminateNavigation":false,"executionTime":0.30000000004656613} 
[02/04/26, 00:58:48:879] info: [NAVIGATION-MIDDLEWARE] Finish middleware execution for sidebar container {"maybeTransformedViewSet":{"sidebar":{"id":"ChannelList","viewType":"ChannelList","uiState":{"ghostLastRead":"1769574682.740079"}},"primary":{"id":"D07MJ421FB5","viewType":"Channel","params":{"parentTab":"D07MJ421FB5"},"uiState":{"preventMoveFocus":false}}},"terminateNavigation":false,"isViewTransformed":false,"iterationCount":0,"executionTime":1.1000000000931323} 
[02/04/26, 00:58:48:879] info: [NAVIGATION-MIDDLEWARE] Async action execution is complete for a view {"nextView":{"id":"D07MJ421FB5","viewType":"Channel","params":{"parentTab":"D07MJ421FB5"},"uiState":{"preventMoveFocus":false}},"results":[["EnsureChannelHasParentTabMiddleware",false],["EnsureMessagesTabHasTabIdMiddleware",false],["RedirectFileChannel",false],["RedirectChannelCanvasToCanvas",false],["AttemptToSetSolutionsGalleryPref",false],["EnsureAppViewType",false],["CanvasSetScrollParam",false],["EnsureActivityInboxMiddleware",false]],"shouldTerminateNavigation":false,"executionTime":0.09999999986030161} 
[02/04/26, 00:58:48:880] info: [NAVIGATION-MIDDLEWARE] Finish middleware execution for primary container {"maybeTransformedViewSet":{"sidebar":{"id":"ChannelList","viewType":"ChannelList","uiState":{"ghostLastRead":"1769574682.740079"}},"primary":{"id":"D07MJ421FB5","viewType":"Channel","params":{"parentTab":"D07MJ421FB5"},"uiState":{"preventMoveFocus":false}}},"terminateNavigation":false,"isViewTransformed":false,"iterationCount":0,"executionTime":1.0999999998603016} 
[02/04/26, 00:58:48:880] info: [NAVIGATION-MIDDLEWARE] Navigation middleware execution is complete {"maybeUpdatedViewSet":{"sidebar":{"id":"ChannelList","viewType":"ChannelList","uiState":{"ghostLastRead":"1769574682.740079"}},"primary":{"id":"D07MJ421FB5","viewType":"Channel","params":{"parentTab":"D07MJ421FB5"},"uiState":{"preventMoveFocus":false}}},"terminateNavigation":false,"executionTime":2.5} 
[02/04/26, 00:58:48:883] info: [DESKTOP-SIDE-EFFECT] (T06AU05DL0L) Creating desktop delegate 
[02/04/26, 00:58:48:883] info: [DESKTOP PRELOAD]	Exposing workspace desktop delegate for  {
  "workspaceId": "T06AU05DL0L"
} 
[02/04/26, 00:58:48:883] info: [DESKTOP PRELOAD]	Setting global desktop delegate 
[02/04/26, 00:58:48:885] info: [BOOT] (T06AU05DL0L) (T06AU05DL0L) Mounting client 
[02/04/26, 00:58:48:984] info: [COUNTS] (T06AU05DL0L) dmsBadgeCount: 0 
[02/04/26, 00:58:48:984] info: [COUNTS] (T06AU05DL0L) activityBadgeCount: 0 
[02/04/26, 00:58:48:987] info: [DEVICE-PERMISSIONS-MA] Initializing media device permissions manager 
[02/04/26, 00:58:48:987] info: [DEVICE-PERMISSIONS-MA] Permissions loaded from local storage {"permissions":{"microphone":{"status":"granted"},"camera":{"status":"granted"},"screen":{"status":"granted"}},"timestamp":1770079486281} 
[02/04/26, 00:58:48:987] info: [DEVICE-PERMISSIONS-MA] Using desktop device permissions strategy 
[02/04/26, 00:58:48:987] info: [DEVICE-PERMISSIONS-MA] Scheduled permissions refresh 
[02/04/26, 00:58:48:987] info: [(?)] Initializing device preferences manager with teamId: T06AU05DL0L 
[02/04/26, 00:58:48:987] info: [DEVICE-PREFS] Using device preferences manager 
[02/04/26, 00:58:48:987] info: [DEVICE-PREFS] Updating available devices (original flow) 
[02/04/26, 00:58:49:001] info: [TODAY-NAVIGATOR] (T06AU05DL0L) Feature disabled {"experimentTodayAutoNavigateGroupOn":false,"isTodayActive":true,"todayAutoNavigate":true} 
[02/04/26, 00:58:49:018] warn: TRACER (T06AU05DL0L) (boot:time_to_mount_client) was forced closed and marked with the _flush=true tag. 
[02/04/26, 00:58:49:117] info: Breadcrumb: fetch: undefined {
  "method": "GET",
  "url": "[REDACTED]",
  "status_code": 200
} 
[02/04/26, 00:58:49:119] info: [BOOT-QUEUE] T06AU05DL0L noversion-1770134327.681 client.shouldReload is RESOLVED 
[02/04/26, 00:58:49:119] info: [MIN-VERSION] No need to reload 
[02/04/26, 00:58:49:120] info: [BOOT-QUEUE] T06AU05DL0L noversion-1770134327.677 features.access.policies.list is RESOLVED 
[02/04/26, 00:58:49:121] info: [BOOT-QUEUE] T06AU05DL0L noversion-1770134327.803 client.userBoot is RESOLVED 
[02/04/26, 00:58:49:122] info: [BOOT-QUEUE] T06AU05DL0L noversion-1770134327.680 api.features is RESOLVED 
[02/04/26, 00:58:49:125] info: Store: REDUX_UPDATE_FROM_WEBAPP (T06AU05DL0L) Changed keys [theme,notificationPrefs,connectivityPrefs,featureFlags,unreads,locale,version,frontendBuildType,userId] 
[02/04/26, 00:58:49:126] info: [UFM-PERMISSIONS] (T06AU05DL0L) requesting ACCESS_SLACK_AI_SLACKBOT,ACCESS_SLACK_AI_SEARCH,ACCESS_SLACK_AI_FILTERS,CREATE_PUBLIC_CHANNEL,CREATE_PRIVATE_CHANNEL,ACCESS_SLACK_AI_HUDDLE_SUMMARIES,ACCESS_SLACK_AI_RECAP,ACCESS_SLACK_AI_CHANNEL_THREAD_SUMMARIES,ACCESS_SLACK_AI_FILE_SUMMARIES,VIEW_TOP_LEVEL_WORKFLOWS,ADD_GUEST_USER_TO_WORKSPACE,ADD_FULL_USER_TO_WORKSPACE,REMOVE_GUEST_USER_FROM_WORKSPACE,REMOVE_FULL_USER_FROM_WORKSPACE,CONVERT_TO_GUEST,CONVERT_TO_MEMBER,READ_LEGAL_HOLDS,WRITE_LEGAL_HOLDS (1) 
[02/04/26, 00:58:49:127] info: [API-Q] (T06AU05DL0L) 2daffbe9-1770134329.126 slackAi.permissions.getForUser called with reason: fetch-slack-ai-permissions 
[02/04/26, 00:58:49:127] info: [API-Q] (T06AU05DL0L) 2daffbe9-1770134329.126 slackAi.permissions.getForUser is ENQUEUED 
[02/04/26, 00:58:49:128] info: [API-Q] (T06AU05DL0L) noversion-1770134329.127 Flannel permissions/info called with reason: flannel-call:permissions/info 
[02/04/26, 00:58:49:128] info: [API-Q] (T06AU05DL0L) noversion-1770134329.127 Flannel permissions/info is ENQUEUED 
[02/04/26, 00:58:49:128] info: [API-Q] (T06AU05DL0L) 2daffbe9-1770134329.126 slackAi.permissions.getForUser is ACTIVE 
[02/04/26, 00:58:49:128] info: [API-Q] (T06AU05DL0L) noversion-1770134329.127 Flannel permissions/info is ACTIVE 
[02/04/26, 00:58:49:129] info: [UFM] (T06AU05DL0L) requesting D07MJ421FB5 (1) 
[02/04/26, 00:58:49:129] info: [API-Q] (T06AU05DL0L) noversion-1770134329.129 Flannel huddles/info called with reason: flannel-call:huddles/info 
[02/04/26, 00:58:49:129] info: [API-Q] (T06AU05DL0L) noversion-1770134329.129 Flannel huddles/info is ENQUEUED 
[02/04/26, 00:58:49:130] info: [API-Q] (T06AU05DL0L) noversion-1770134329.129 Flannel huddles/info is ACTIVE 
[02/04/26, 00:58:49:161] info: Store: EXTEND_MENU global: menucategory-file,menucategory-view,menucategory-jump-to 
[02/04/26, 00:58:49:161] info: Store: EXTEND_MENU T06AU05DL0L: menucategory-file,menucategory-view,menucategory-edit,menucategory-help,menucategory-history 
[02/04/26, 00:58:49:161] info: Store: UPDATE_SETTINGS {
  "zoomLevel": 0
} 
[02/04/26, 00:58:49:162] info: [DESKTOP-SIDE-EFFECT] Update from desktop for keys  ["settings"] 
[02/04/26, 00:58:49:166] info: Store: DISPLAY_METRICS_CHANGED  
[02/04/26, 00:58:49:166] info: [DEVICE-PREFS] Device list validation result: true 
[02/04/26, 00:58:49:166] info: [DEVICE-PREFS] Device list updated [{},{},{},{},{},{},{},{}] 
[02/04/26, 00:58:49:166] info: [DEVICE-PREFS] Processing device list [{},{},{},{},{},{},{},{}] 
[02/04/26, 00:58:49:166] info: [DEVICE-PREFS] Amending label for OS default audioinput device: Default -> System Default (Default) 
[02/04/26, 00:58:49:167] info: [DEVICE-PREFS] Amending label for OS default audiooutput device: Default -> System Default (Default) 
[02/04/26, 00:58:49:167] info: [DEVICE-PREFS] Device list processing complete 
[02/04/26, 00:58:49:167] info: [DEVICE-PREFS] Device list change handler updated 
[02/04/26, 00:58:49:167] info: [DEVICE-PREFS] Device preferences manager initialized 
[02/04/26, 00:58:49:167] info: [DEVICE-PREFS] Analyzing stored device records 
[02/04/26, 00:58:49:167] info: [DEVICE-PREFS] Returning all records for initialization analyses 
[02/04/26, 00:58:49:167] info: [DEVICE-PREFS] Device selection records analysis: {"totalRecords":0,"webAudioDevices":0,"webAudioSelectedDevices":0,"webAudioUsedDevices":0,"microphoneCount":0,"speakerCount":0,"cameraCount":0} 
[02/04/26, 00:58:49:167] info: [(?)] Device preferences manager initialized 
[02/04/26, 00:58:49:175] info: [DESKTOP PRELOAD]	Network status check {
  "elapsed_time_ms": 1444,
  "navigator_online": true,
  "api_test": "online"
} 
[02/04/26, 00:58:49:177] info: Store: SET_NETWORK_STATUS online 
[02/04/26, 00:58:49:178] info: [DESKTOP-SIDE-EFFECT] Update from desktop for keys  ["app"] 
[02/04/26, 00:58:49:263] info: [DRAFTS] (T06AU05DL0L) There are no channels with drafts 
[02/04/26, 00:58:49:263] info: [BOOT] (T06AU05DL0L) Beaconed client boot mount success 
[02/04/26, 00:58:49:264] info: [API-Q] (T06AU05DL0L) 2daffbe9-1770134329.263 sharedInvites.canGetLink called with reason: sidebar-mount 
[02/04/26, 00:58:49:264] info: [API-Q] (T06AU05DL0L) 2daffbe9-1770134329.263 sharedInvites.canGetLink is ENQUEUED 
[02/04/26, 00:58:49:315] info: [API-Q] (T06AU05DL0L) 2daffbe9-1770134329.263 sharedInvites.canGetLink is ACTIVE 
[02/04/26, 00:58:49:356] info: [WD] All assets have reported back; s: 18; f: 0 
[02/04/26, 00:58:49:357] info: [BOOT-QUEUE] T06AU05DL0L noversion-1770134327.679 experiments.getByUser is RESOLVED 
[02/04/26, 00:58:49:357] info: [BOOT] Feature flag config version: 1770134322; Experiments config version: 1770134323 
[02/04/26, 00:58:49:358] info: [BOOT] Current earliest config version: 1770134322; All config versions: {"T06AU05DL0L":1770134322} 
[02/04/26, 00:58:49:358] info: [BOOT] (T06AU05DL0L) Dispatching API data 
[02/04/26, 00:58:49:358] info: [BOOT] (T06AU05DL0L) Dispatching boot data 
[02/04/26, 00:58:49:375] info: [EMOJI_TRANSLATION] Emoji translations not needed for default locale, only adding keywords 
[02/04/26, 00:58:49:375] info: [API-Q] (T06AU05DL0L) 2daffbe9-1770134329.375 search.autocomplete.topEmojis called with reason: loadEmoji-maybeReloadEmoji-setModelData 
[02/04/26, 00:58:49:375] info: [API-Q] (T06AU05DL0L) 2daffbe9-1770134329.375 search.autocomplete.topEmojis is ENQUEUED 
[02/04/26, 00:58:49:378] info: [API-Q] (T06AU05DL0L) 2daffbe9-1770134329.375 search.autocomplete.topEmojis is ACTIVE 
[02/04/26, 00:58:49:379] info: [BOOT] (T06AU05DL0L) Dispatching initial api data for initial view 
[02/04/26, 00:58:49:387] info: [BOOT] (T06AU05DL0L) processing mutation timestamps for C06ARGB5GCS 
[02/04/26, 00:58:49:389] info: [PLATFORM-CHANNEL-ACTI] (T06AU05DL0L) Not updating count for channel C06ARGB5GCS, as count was already set to 0 
[02/04/26, 00:58:49:392] info: [NAVIGATION-MIDDLEWARE] Starting a new navigation middleware execution {"context":"client-boot","nextViewSet":{"sidebar":{"id":"ChannelList","viewType":"ChannelList","uiState":{"ghostLastRead":"1769574682.740079"}},"primary":{"id":"D07MJ421FB5","viewType":"Channel","params":{"parentTab":"D07MJ421FB5"},"uiState":{"preventMoveFocus":false}}},"middlewareCount":8} 
[02/04/26, 00:58:49:392] info: [BOOT] (T06AU05DL0L) Boot complete 
[02/04/26, 00:58:49:393] info: [DESKTOP-SIDE-EFFECT] (T06AU05DL0L) Reacting to  {"type":"[21] Set a value that represents whether we are currently in the boot phase","payload":false,"error":false} 
[02/04/26, 00:58:49:395] info: [AUTH] Installing incremental auth handler 
[02/04/26, 00:58:49:395] info: [SOCKET-MANAGER] (T06AU05DL0L) Changing from never_connected to prov_connect 
[02/04/26, 00:58:49:395] info: [SOCKET-MANAGER] (T06AU05DL0L) will stay in prov_connect state for up to 10000 ms 
[02/04/26, 00:58:49:395] info: [SOCKET-MANAGER] (T06AU05DL0L) Connecting with token ending: 4d01 
[02/04/26, 00:58:49:395] info: [SOCKET-MANAGER] (T06AU05DL0L) Changing from prov_connect to prov_connecting 
[02/04/26, 00:58:49:395] info: [SOCKET-MANAGER] (T06AU05DL0L) will stay in prov_connecting state for up to 35000 ms 
[02/04/26, 00:58:49:395] info: [ENDPOINT-MANAGER] (T06AU05DL0L) No stale versions to clear. 
[02/04/26, 00:58:49:396] info: [SOCKET-MANAGER-MIDDLE] (T06AU05DL0L) Initialized Socket Manager instance 
[02/04/26, 00:58:49:397] info: [NAVIGATION-MIDDLEWARE] Async action execution is complete for a view {"nextView":{"id":"ChannelList","viewType":"ChannelList","uiState":{"ghostLastRead":"1769574682.740079"}},"results":[["EnsureChannelHasParentTabMiddleware",false],["EnsureMessagesTabHasTabIdMiddleware",false],["RedirectFileChannel",false],["RedirectChannelCanvasToCanvas",false],["AttemptToSetSolutionsGalleryPref",false],["EnsureAppViewType",false],["CanvasSetScrollParam",false],["EnsureActivityInboxMiddleware",false]],"shouldTerminateNavigation":false,"executionTime":4.800000000046566} 
[02/04/26, 00:58:49:397] info: [NAVIGATION-MIDDLEWARE] Finish middleware execution for sidebar container {"maybeTransformedViewSet":{"sidebar":{"id":"ChannelList","viewType":"ChannelList","uiState":{"ghostLastRead":"1769574682.740079"}},"primary":{"id":"D07MJ421FB5","viewType":"Channel","params":{"parentTab":"D07MJ421FB5"},"uiState":{"preventMoveFocus":false}}},"terminateNavigation":false,"isViewTransformed":false,"iterationCount":0,"executionTime":5.599999999860302} 
[02/04/26, 00:58:49:408] info: [EMOJI_TRANSLATION] Emoji translations not needed for default locale, only adding keywords 
[02/04/26, 00:58:49:408] info: [NAVIGATION-MIDDLEWARE] Async action execution is complete for a view {"nextView":{"id":"D07MJ421FB5","viewType":"Channel","params":{"parentTab":"D07MJ421FB5"},"uiState":{"preventMoveFocus":false}},"results":[["EnsureChannelHasParentTabMiddleware",false],["EnsureMessagesTabHasTabIdMiddleware",false],["RedirectFileChannel",false],["RedirectChannelCanvasToCanvas",false],["AttemptToSetSolutionsGalleryPref",false],["EnsureAppViewType",false],["CanvasSetScrollParam",false],["EnsureActivityInboxMiddleware",false]],"shouldTerminateNavigation":false,"executionTime":10.800000000046566} 
[02/04/26, 00:58:49:409] info: [NAVIGATION-MIDDLEWARE] Finish middleware execution for primary container {"maybeTransformedViewSet":{"sidebar":{"id":"ChannelList","viewType":"ChannelList","uiState":{"ghostLastRead":"1769574682.740079"}},"primary":{"id":"D07MJ421FB5","viewType":"Channel","params":{"parentTab":"D07MJ421FB5"},"uiState":{"preventMoveFocus":false}}},"terminateNavigation":false,"isViewTransformed":false,"iterationCount":0,"executionTime":11.100000000093132} 
[02/04/26, 00:58:49:409] info: [NAVIGATION-MIDDLEWARE] Navigation middleware execution is complete {"maybeUpdatedViewSet":{"sidebar":{"id":"ChannelList","viewType":"ChannelList","uiState":{"ghostLastRead":"1769574682.740079"}},"primary":{"id":"D07MJ421FB5","viewType":"Channel","params":{"parentTab":"D07MJ421FB5"},"uiState":{"preventMoveFocus":false}}},"terminateNavigation":false,"executionTime":16.899999999906868} 
[02/04/26, 00:58:49:410] info: [BOOT] Fetching client.extras {"extras":["salesforce_features","plan_info"]} 
[02/04/26, 00:58:49:410] info: [API-Q] (T06AU05DL0L) 2daffbe9-1770134329.410 client.extras called with reason: fetch-client-extras 
[02/04/26, 00:58:49:410] info: [API-Q] (T06AU05DL0L) 2daffbe9-1770134329.410 client.extras is ENQUEUED 
[02/04/26, 00:58:49:411] info: [API-Q] (T06AU05DL0L) 2daffbe9-1770134329.411 drafts.list called with reason: client-v2-boot-team 
[02/04/26, 00:58:49:411] info: [API-Q] (T06AU05DL0L) 2daffbe9-1770134329.411 drafts.list is ENQUEUED 
[02/04/26, 00:58:49:411] info: [DRAFTS] (T06AU05DL0L) No local drafts - skipping fetch to purge inactive drafts 
[02/04/26, 00:58:49:413] info: [EMOJI_TRANSLATION] Emoji translations not needed for default locale, only adding keywords 
[02/04/26, 00:58:49:414] info: [API-Q] (T06AU05DL0L) 2daffbe9-1770134329.413 search.autocomplete.topEmojis called with reason: loadEmoji-maybeReloadEmoji-client-v2-boot-team 
[02/04/26, 00:58:49:414] info: [API-Q] (T06AU05DL0L) 2daffbe9-1770134329.413 search.autocomplete.topEmojis is ENQUEUED 
[02/04/26, 00:58:49:414] info: [API-Q] (T06AU05DL0L) 2daffbe9-1770134329.414 workflows.triggers.listRecentlyRunForUser called with reason: fetch_and_upsert_recently_run_triggers 
[02/04/26, 00:58:49:414] info: [API-Q] (T06AU05DL0L) 2daffbe9-1770134329.414 workflows.triggers.listRecentlyRunForUser is ENQUEUED 
[02/04/26, 00:58:49:415] info: [API-Q] (T06AU05DL0L) 2daffbe9-1770134329.414 functions.workflows.list called with reason: automations_gallery 
[02/04/26, 00:58:49:415] info: [API-Q] (T06AU05DL0L) 2daffbe9-1770134329.414 functions.workflows.list is ENQUEUED 
[02/04/26, 00:58:49:415] info: [API-Q] (T06AU05DL0L) 2daffbe9-1770134329.415 megaphone.notifications.list called with reason: boot 
[02/04/26, 00:58:49:416] info: [API-Q] (T06AU05DL0L) 2daffbe9-1770134329.415 megaphone.notifications.list is ENQUEUED 
[02/04/26, 00:58:49:416] info: [API-Q] (T06AU05DL0L) 2daffbe9-1770134329.415 megaphone.notifications.list called with reason: boot 
[02/04/26, 00:58:49:416] info: [API-Q] (T06AU05DL0L) 2daffbe9-1770134329.415 megaphone.notifications.list is ENQUEUED 
[02/04/26, 00:58:49:417] info: [API-Q] (T06AU05DL0L) 2daffbe9-1770134329.417 teams.trials.info called with reason: client-v2-boot-team 
[02/04/26, 00:58:49:417] info: [API-Q] (T06AU05DL0L) 2daffbe9-1770134329.417 teams.trials.info is ENQUEUED 
[02/04/26, 00:58:49:417] info: [API-Q] (T06AU05DL0L) 2daffbe9-1770134329.417 users.prefs.get called with reason: fetch-frecency-prefs 
[02/04/26, 00:58:49:417] info: [API-Q] (T06AU05DL0L) 2daffbe9-1770134329.417 users.prefs.get is ENQUEUED 
[02/04/26, 00:58:49:417] info: [API-Q] (T06AU05DL0L) 2daffbe9-1770134329.417 users.prefs.get called with reason: fetch-user-expectation-last-triggered-pref 
[02/04/26, 00:58:49:417] info: [API-Q] (T06AU05DL0L) 2daffbe9-1770134329.417 users.prefs.get is ENQUEUED 
[02/04/26, 00:58:49:418] info: [API-Q] (T06AU05DL0L) 2daffbe9-1770134329.417 users.priority.list called with reason: fetch-priority-users-on-boot-render 
[02/04/26, 00:58:49:418] info: [API-Q] (T06AU05DL0L) 2daffbe9-1770134329.417 users.priority.list is ENQUEUED 
[02/04/26, 00:58:49:421] info: [API-Q] (T06AU05DL0L) 2daffbe9-1770134329.410 client.extras is ACTIVE 
[02/04/26, 00:58:49:421] info: [API-Q] (T06AU05DL0L) 2daffbe9-1770134329.411 drafts.list is ACTIVE 
[02/04/26, 00:58:49:421] info: [API-Q] (T06AU05DL0L) 2daffbe9-1770134329.413 search.autocomplete.topEmojis is ACTIVE 
[02/04/26, 00:58:49:421] info: [API-Q] (T06AU05DL0L) 2daffbe9-1770134329.414 workflows.triggers.listRecentlyRunForUser is ACTIVE 
[02/04/26, 00:58:49:421] info: [API-Q] (T06AU05DL0L) 2daffbe9-1770134329.414 functions.workflows.list is ACTIVE 
[02/04/26, 00:58:49:422] info: [API-Q] (T06AU05DL0L) 2daffbe9-1770134329.421 calendar.getInstalledCalendars called with reason: calendar-get-installed-calendars 
[02/04/26, 00:58:49:422] info: [API-Q] (T06AU05DL0L) 2daffbe9-1770134329.421 calendar.getInstalledCalendars is ENQUEUED 
[02/04/26, 00:58:49:426] info: [BOOT] Setting reducedSignInWorkflowExperiment object in local storage. teamId: T06AU05DL0L, enterpriseId: undefined, isOn: true 
[02/04/26, 00:58:49:429] info: [NAVIGATE-LISTENERS] (T06AU05DL0L) Starting navigation listeners for triggerType CLIENT_MOUNT 
[02/04/26, 00:58:49:431] info: [NAVIGATE-LISTENERS] (T06AU05DL0L) Navigation listeners complete without errors 
[02/04/26, 00:58:49:433] info: [BOOT] (T08KF7TD5AN) Minimum supported data version is 1722374725; currently on 1769946127 
[02/04/26, 00:58:49:433] info: [PERSIST] (T08KF7TD5AN) Getting state from IndexedDB 
[02/04/26, 00:58:49:433] info: [TRACER] Tracing is not sampled by default for this team. 
[02/04/26, 00:58:49:435] info: [BOOT-QUEUE] T08KF7TD5AN noversion-1770134329.434 features.access.policies.list called 
[02/04/26, 00:58:49:435] info: [BOOT-QUEUE] T08KF7TD5AN noversion-1770134329.434 features.access.policies.list is ENQUEUED 
[02/04/26, 00:58:49:435] info: [BOOT-QUEUE] T08KF7TD5AN noversion-1770134329.435 experiments.getByUser called 
[02/04/26, 00:58:49:435] info: [BOOT-QUEUE] T08KF7TD5AN noversion-1770134329.435 experiments.getByUser is ENQUEUED 
[02/04/26, 00:58:49:435] info: [BOOT-QUEUE] T08KF7TD5AN noversion-1770134329.435 api.features called 
[02/04/26, 00:58:49:435] info: [BOOT-QUEUE] T08KF7TD5AN noversion-1770134329.435 api.features is ENQUEUED 
[02/04/26, 00:58:49:435] info: [BOOT] Couldn't determine boot channel. Falling back to default channel 
[02/04/26, 00:58:49:436] info: [BOOT-QUEUE] T08KF7TD5AN noversion-1770134329.434 features.access.policies.list is ACTIVE 
[02/04/26, 00:58:49:436] info: [BOOT-QUEUE] T08KF7TD5AN noversion-1770134329.435 experiments.getByUser is ACTIVE 
[02/04/26, 00:58:49:436] info: [BOOT-QUEUE] T08KF7TD5AN noversion-1770134329.435 api.features is ACTIVE 
[02/04/26, 00:58:49:437] info: [MIN-VERSION] No need to reload 
[02/04/26, 00:58:49:557] info: [API-Q] (T06AU05DL0L) 2daffbe9-1770134329.556 users.interactions.list called with reason: ai_workspace_resource_tab_coachmark 
[02/04/26, 00:58:49:557] info: [API-Q] (T06AU05DL0L) 2daffbe9-1770134329.556 users.interactions.list is ENQUEUED 
[02/04/26, 00:58:49:706] info: [API-Q] (T06AU05DL0L) noversion-1770134329.705 Flannel permissions/info called with reason: flannel-call:permissions/info 
[02/04/26, 00:58:49:706] info: [API-Q] (T06AU05DL0L) noversion-1770134329.705 Flannel permissions/info is ENQUEUED 
[02/04/26, 00:58:49:710] info: [CHECK-UNREADS] (T06AU05DL0L) Checking unreads after workspace became focused 
[02/04/26, 00:58:49:710] info: [CHECK-UNREADS] (T06AU05DL0L) Not marking D07MJ421FB5 because last_read >= latest && channel is read 
[02/04/26, 00:58:49:722] info: [GS_REQUEST] (T06AU05DL0L) received a user_subscribe_request call while we are not connected; deferring 
[02/04/26, 00:58:49:723] info: [API-Q] (T06AU05DL0L) noversion-1770134329.723 Flannel users/info called with reason: flannel-call:users/info 
[02/04/26, 00:58:49:723] info: [API-Q] (T06AU05DL0L) noversion-1770134329.723 Flannel users/info is ENQUEUED 
[02/04/26, 00:58:49:724] info: Store: STORE_USER_WORKSPACES {
  "userTeamId": "T06AU05DL0L",
  "workspaceIds": [
    "T06AU05DL0L"
  ]
} 
[02/04/26, 00:58:49:724] info: [API-Q] (T06AU05DL0L) 2daffbe9-1770134329.126 slackAi.permissions.getForUser is RESOLVED 
[02/04/26, 00:58:49:725] info: [API-Q] (T06AU05DL0L) noversion-1770134329.723 Flannel users/info is ACTIVE 
[02/04/26, 00:58:49:726] info: [API-Q] (T06AU05DL0L) 2daffbe9-1770134329.725 users.channelSections.list called with reason: conditional-fetch-manager 
[02/04/26, 00:58:49:726] info: [API-Q] (T06AU05DL0L) 2daffbe9-1770134329.725 users.channelSections.list is ENQUEUED 
[02/04/26, 00:58:49:731] info: [DND_V2] (T06AU05DL0L) fetchAndUpsertDndForUsers - Preparing to fetch DND times for the following members: U07N70LR48G,U06AB0DEHV5 
[02/04/26, 00:58:49:731] info: [API-Q] (T06AU05DL0L) 2daffbe9-1770134329.731 dnd.info called with reason: fetchAndUpsertDndForUsers-getDndTimesFor:self 
[02/04/26, 00:58:49:731] info: [API-Q] (T06AU05DL0L) 2daffbe9-1770134329.731 dnd.info is ENQUEUED 
[02/04/26, 00:58:49:732] info: [API-Q] (T06AU05DL0L) 2daffbe9-1770134329.731 dnd.teamInfo called with reason: fetchAndUpsertDndForUsers-getDndTimesFor:others 
[02/04/26, 00:58:49:732] info: [API-Q] (T06AU05DL0L) 2daffbe9-1770134329.731 dnd.teamInfo is ENQUEUED 
[02/04/26, 00:58:49:732] info: [API-Q] (T06AU05DL0L) 2daffbe9-1770134329.732 team.targetingCriteria called with reason: team_targeting_criteria 
[02/04/26, 00:58:49:732] info: [API-Q] (T06AU05DL0L) 2daffbe9-1770134329.732 team.targetingCriteria is ENQUEUED 
[02/04/26, 00:58:49:733] info: [API-Q] (T06AU05DL0L) 2daffbe9-1770134329.732 help.issues.ticketStats called with reason: fetchAndUpsertTicketStats 
[02/04/26, 00:58:49:733] info: [API-Q] (T06AU05DL0L) 2daffbe9-1770134329.732 help.issues.ticketStats is ENQUEUED 
[02/04/26, 00:58:49:733] info: [API-Q] (T06AU05DL0L) 2daffbe9-1770134329.733 conversations.listPrefs called with reason: client_redux_store 
[02/04/26, 00:58:49:733] info: [API-Q] (T06AU05DL0L) 2daffbe9-1770134329.733 conversations.listPrefs is ENQUEUED 
[02/04/26, 00:58:49:734] info: [UFM-PERMISSIONS] (T06AU05DL0L) requesting CAN_AT_CHANNEL,CAN_AT_EVERYONE,ARCHIVE_CHANNEL (1) 
[02/04/26, 00:58:49:734] info: [API-Q] (T06AU05DL0L) noversion-1770134329.734 Flannel permissions/info called with reason: flannel-call:permissions/info 
[02/04/26, 00:58:49:735] info: [API-Q] (T06AU05DL0L) noversion-1770134329.734 Flannel permissions/info is ENQUEUED 
[02/04/26, 00:58:49:735] info: [API-Q] (T06AU05DL0L) noversion-1770134329.735 Flannel users/counts called with reason: flannel-call:users/counts 
[02/04/26, 00:58:49:735] info: [API-Q] (T06AU05DL0L) noversion-1770134329.735 Flannel users/counts is ENQUEUED 
[02/04/26, 00:58:49:736] info: [API-Q] (T06AU05DL0L) noversion-1770134329.127 Flannel permissions/info is RESOLVED 
[02/04/26, 00:58:49:737] info: [API-Q] (T06AU05DL0L) noversion-1770134329.735 Flannel users/counts is ACTIVE 
[02/04/26, 00:58:49:737] info: [API-Q] (T06AU05DL0L) noversion-1770134329.129 Flannel huddles/info is RESOLVED 
[02/04/26, 00:58:49:737] info: [API-Q] (T06AU05DL0L) noversion-1770134329.734 Flannel permissions/info is ACTIVE 
[02/04/26, 00:58:49:739] info: [API-Q] (T06AU05DL0L) 2daffbe9-1770134329.263 sharedInvites.canGetLink is RESOLVED 
[02/04/26, 00:58:49:739] info: [API-Q] (T06AU05DL0L) noversion-1770134329.705 Flannel permissions/info is ACTIVE 
[02/04/26, 00:58:49:739] info: [API-Q] (T06AU05DL0L) 2daffbe9-1770134329.739 bookmarks.list called with reason: bookmarks-store/conditional-fetching 
[02/04/26, 00:58:49:740] info: [API-Q] (T06AU05DL0L) 2daffbe9-1770134329.739 bookmarks.list is ENQUEUED 
[02/04/26, 00:58:49:740] info: [HISTORY-CFM] (T06AU05DL0L) Re-fetching D07MJ421FB5 1764031864.548119 - 1770079466.617139 
[02/04/26, 00:58:49:741] info: [API-Q] (T06AU05DL0L) 2daffbe9-1770134329.740 conversations.history called with reason: channel-history-store.CFM.fetch 
[02/04/26, 00:58:49:741] info: [API-Q] (T06AU05DL0L) 2daffbe9-1770134329.740 conversations.history is ENQUEUED 
[02/04/26, 00:58:49:741] info: [API-Q] (T06AU05DL0L) 2daffbe9-1770134329.741 saved.list called with reason: saved-api/savedList 
[02/04/26, 00:58:49:741] info: [API-Q] (T06AU05DL0L) 2daffbe9-1770134329.741 saved.list is ENQUEUED 
[02/04/26, 00:58:49:742] info: [API-Q] (T06AU05DL0L) 2daffbe9-1770134329.375 search.autocomplete.topEmojis is RESOLVED 
[02/04/26, 00:58:49:742] info: [API-Q] (T06AU05DL0L) 2daffbe9-1770134329.417 users.prefs.get is ACTIVE 
[02/04/26, 00:58:49:760] info: [DEVICE-PREFS] Propagating device selection history update 
[02/04/26, 00:58:49:761] info: [DEVICE-PREFS] Setting preferred audioinput device in huddle default 
[02/04/26, 00:58:49:761] info: [DEVICE-PREFS] Setting preferred audiooutput device in huddle default 
[02/04/26, 00:58:49:764] info: [API-Q] (T06AU05DL0L) 2daffbe9-1770134329.410 client.extras is RESOLVED 
[02/04/26, 00:58:49:765] info: [API-Q] (T06AU05DL0L) 2daffbe9-1770134329.417 users.prefs.get is ACTIVE 
[02/04/26, 00:58:49:765] info: [API-Q] (T06AU05DL0L) 2daffbe9-1770134329.413 search.autocomplete.topEmojis is RESOLVED 
[02/04/26, 00:58:49:765] info: [API-Q] (T06AU05DL0L) 2daffbe9-1770134329.415 megaphone.notifications.list is ACTIVE 
[02/04/26, 00:58:49:766] info: [API-Q] (T06AU05DL0L) 2daffbe9-1770134329.414 workflows.triggers.listRecentlyRunForUser is RESOLVED 
[02/04/26, 00:58:49:766] info: [API-Q] (T06AU05DL0L) 2daffbe9-1770134329.415 megaphone.notifications.list is ACTIVE 
[02/04/26, 00:58:49:766] info: [API-Q] (T06AU05DL0L) 2daffbe9-1770134329.414 functions.workflows.list is RESOLVED 
[02/04/26, 00:58:49:767] info: [API-Q] (T06AU05DL0L) 2daffbe9-1770134329.417 teams.trials.info is ACTIVE 
[02/04/26, 00:58:49:767] info: Store: SELECTION_CHANGED T06AU05DL0L 
[02/04/26, 00:58:49:768] info: Store: UPSERT_WEB_CONTENTS {
  "id": 1,
  "type": "app",
  "history": "[REDACTED]"
} 
[02/04/26, 00:58:49:769] info: [UFM-PERMISSIONS] (T06AU05DL0L) received ACCESS_SLACK_AI_SLACKBOT,ACCESS_SLACK_AI_SEARCH,ACCESS_SLACK_AI_FILTERS,CREATE_PUBLIC_CHANNEL,CREATE_PRIVATE_CHANNEL,ACCESS_SLACK_AI_HUDDLE_SUMMARIES,ACCESS_SLACK_AI_RECAP,ACCESS_SLACK_AI_CHANNEL_THREAD_SUMMARIES,ACCESS_SLACK_AI_FILE_SUMMARIES,VIEW_TOP_LEVEL_WORKFLOWS,ADD_GUEST_USER_TO_WORKSPACE,ADD_FULL_USER_TO_WORKSPACE,REMOVE_GUEST_USER_FROM_WORKSPACE,REMOVE_FULL_USER_FROM_WORKSPACE,CONVERT_TO_GUEST,CONVERT_TO_MEMBER,READ_LEGAL_HOLDS,WRITE_LEGAL_HOLDS (1) 
[02/04/26, 00:58:49:771] info: [UFM] (T06AU05DL0L) received D07MJ421FB5 (1) 
[02/04/26, 00:58:49:773] info: [BOOT-QUEUE] T08KF7TD5AN noversion-1770134329.435 api.features is RESOLVED 
[02/04/26, 00:58:49:773] info: [BOOT-QUEUE] T08KF7TD5AN noversion-1770134329.434 features.access.policies.list is RESOLVED 
[02/04/26, 00:58:49:819] info: [API-Q] (T06AU05DL0L) 2daffbe9-1770134329.818 workflows.triggers.list called with reason: automations_gallery 
[02/04/26, 00:58:49:819] info: [API-Q] (T06AU05DL0L) 2daffbe9-1770134329.818 workflows.triggers.list is ENQUEUED 
[02/04/26, 00:58:49:841] info: [PERSIST] (T08KF7TD5AN) Successfully got state from IndexedDB 
[02/04/26, 00:58:49:842] info: [BOOT] (T08KF7TD5AN) Booting with persisted store 
[02/04/26, 00:58:49:842] info: [PERSIST] (T08KF7TD5AN) Checking for persistence method changes 
[02/04/26, 00:58:49:842] info: [PERSIST] (T08KF7TD5AN) Preparing state for hydration 
[02/04/26, 00:58:49:846] info: [PERSIST] (T08KF7TD5AN) State prepared for hydration 
[02/04/26, 00:58:49:846] info: [PERSIST] (T08KF7TD5AN) Checking for required data 
[02/04/26, 00:58:49:847] info: [BOOT-QUEUE] T08KF7TD5AN noversion-1770134329.847 client.userBoot called with reason: deferred-data 
[02/04/26, 00:58:49:847] info: [BOOT-QUEUE] T08KF7TD5AN noversion-1770134329.847 client.userBoot is ENQUEUED 
[02/04/26, 00:58:49:848] info: [BOOT-QUEUE] T08KF7TD5AN noversion-1770134329.847 client.userBoot is ACTIVE 
[02/04/26, 00:58:49:848] info: [BOOT] (T08KF7TD5AN) Configuring redux store 
[02/04/26, 00:58:49:851] info: [DESKTOP-MIDDLEWARE] (T08KF7TD5AN) Forwarding redux payload to desktop ["theme","notificationPrefs","connectivityPrefs","featureFlags","unreads","locale","version","frontendBuildType","userId"] 
[02/04/26, 00:58:49:853] info: [NAVIGATION-MIDDLEWARE] Starting a new navigation middleware execution {"context":"client-boot","nextViewSet":{"sidebar":{"id":"ChannelList","viewType":"ChannelList"},"primary":{"id":"C08KF7TD62W","viewType":"Channel"}},"middlewareCount":8} 
[02/04/26, 00:58:49:853] info: [NAVIGATION-MIDDLEWARE] Async action execution is complete for a view {"nextView":{"id":"ChannelList","viewType":"ChannelList"},"results":[["EnsureChannelHasParentTabMiddleware",false],["EnsureMessagesTabHasTabIdMiddleware",false],["RedirectFileChannel",false],["RedirectChannelCanvasToCanvas",false],["AttemptToSetSolutionsGalleryPref",false],["EnsureAppViewType",false],["CanvasSetScrollParam",false],["EnsureActivityInboxMiddleware",false]],"shouldTerminateNavigation":false,"executionTime":0} 
[02/04/26, 00:58:49:853] info: [NAVIGATION-MIDDLEWARE] Finish middleware execution for sidebar container {"maybeTransformedViewSet":{"sidebar":{"id":"ChannelList","viewType":"ChannelList"},"primary":{"id":"C08KF7TD62W","viewType":"Channel"}},"terminateNavigation":false,"isViewTransformed":false,"iterationCount":0,"executionTime":0.19999999995343387} 
[02/04/26, 00:58:49:853] info: [NAVIGATION-MIDDLEWARE] Async action execution is complete for a view {"nextView":{"id":"C08KF7TD62W","viewType":"Channel"},"results":[["EnsureChannelHasParentTabMiddleware",false],["EnsureMessagesTabHasTabIdMiddleware",false],["RedirectFileChannel",false],["RedirectChannelCanvasToCanvas",false],["AttemptToSetSolutionsGalleryPref",false],["EnsureAppViewType",false],["CanvasSetScrollParam",false],["EnsureActivityInboxMiddleware",false]],"shouldTerminateNavigation":false,"executionTime":0} 
[02/04/26, 00:58:49:854] info: [NAVIGATION-MIDDLEWARE] Finish middleware execution for primary container {"maybeTransformedViewSet":{"sidebar":{"id":"ChannelList","viewType":"ChannelList"},"primary":{"id":"C08KF7TD62W","viewType":"Channel"}},"terminateNavigation":false,"isViewTransformed":false,"iterationCount":0,"executionTime":0.19999999995343387} 
[02/04/26, 00:58:49:854] info: [NAVIGATION-MIDDLEWARE] Navigation middleware execution is complete {"maybeUpdatedViewSet":{"sidebar":{"id":"ChannelList","viewType":"ChannelList"},"primary":{"id":"C08KF7TD62W","viewType":"Channel"}},"terminateNavigation":false,"executionTime":0.5} 
[02/04/26, 00:58:49:855] info: [DESKTOP-SIDE-EFFECT] (T08KF7TD5AN) Creating desktop delegate 
[02/04/26, 00:58:49:855] info: [DESKTOP PRELOAD]	Exposing workspace desktop delegate for  {
  "workspaceId": "T08KF7TD5AN"
} 
[02/04/26, 00:58:49:865] info: [UFM-PERMISSIONS] (T06AU05DL0L) requesting READ_AUDIT_LOGS,ARCHIVE_CHANNEL,CONVERT_MPDM_TO_PRIVATE,EDIT_CHANNEL_WORKSPACES,CAN_AT_CHANNEL,VIEW_OVERVIEW_ANALYTICS,VIEW_WORKSPACE_ANALYTICS,VIEW_MEMBER_ANALYTICS,VIEW_ORG_WIDE_CHANNEL_ANALYTICS,VIEW_HUDDLE_ANALYTICS,VIEW_CLIP_ANALYTICS,VIEW_APP_ANALYTICS,VIEW_CHANNEL_ANALYTICS,VIEW_AI_ANALYTICS,VIEW_CANVAS_ANALYTICS,VIEW_WORKFLOW_ANALYTICS,VIEW_LIST_ANALYTICS,ADD_COLLABORATOR_TO_ANY_WORKFLOW,UNPUBLISH_ANY_WORKFLOW,CREATE_WORKFLOWS,CREATE_CANVAS_TEMPLATES,PUBLISH_CANVAS_ORG_TEMPLATES,MANAGE_SALES_HOME,MANAGE_SALES_HOME_DATA_SOURCE,ADD_CUSTOM_EMOJI,DELETE_CUSTOM_EMOJI,EDIT_SLACKBOT_RESPONSES,UPDATE_NAME,UPDATE_DISPLAY_NAME,EDIT_PROFILE_PHOTO,ACCEPT_SLACK_CONNECT_INVITES,MANAGE_SLACK_CONNECT,CREATE_SLACK_CONNECT_DM,VIEW_APP_REQUESTS,MANAGE_AAA_AUTOMATION_RULES,MANAGE_SCOPE_RATINGS,VIEW_INSTALLED_APPS,MANAGE_ORG_LEVEL_APP_APPROVAL,VIEW_APPROVED_APPS,VIEW_RESTRICTED_APPS,ADD_ORG_APPS_TO_WORKSPACES,REMOVE_ORG_APPS_FROM_WORKSPACES,VIEW_DEPRECATIONS,MANAGE_WORKFLOW_CONNECTORS,MANAGE_WORKFLOW_TRIGGERS,CREATE_SOLUTION_TEMPLATE,PUBLISH_SOLUTION_TEMPLATE,MANAGE_SOLUTION_TEMPLATE,CREATE_LIST_TEMPLATE,CREATE_USER_GROUPS,EDIT_USER_GROUPS,DELETE_USER_GROUPS,ACCESS_SLACK_AI_ACTION_ITEMS,ACCESS_SLACK_AI_DETAILED_FEEDBACK,ACCESS_SLACK_AI_STEPS_IN_WORKFLOW,ACCESS_SLACK_AI_TRANSLATIONS,ACCESS_SLACK_AI_WORKFLOW_BUILDER,ACCESS_SLACK_AI_RECORD_CHANNEL_DIGEST,ACCESS_SLACK_AI_DEVELOPMENT,ACCESS_SLACK_AI_EXPLAIN,ACCESS_SLACK_AI_CANVAS,ACCESS_SLACK_AI_SALESFORCE_CSV_MAPPER,ACCESS_SLACK_AI_SUGGESTED_SECTIONS,ACCESS_ENTERPRISE_SEARCH,CAN_MANAGE_XWS_CHANNELS (1) 
[02/04/26, 00:58:49:865] info: [API-Q] (T06AU05DL0L) 2daffbe9-1770134329.865 slackAi.permissions.getForUser called with reason: fetch-slack-ai-permissions 
[02/04/26, 00:58:49:865] info: [API-Q] (T06AU05DL0L) 2daffbe9-1770134329.865 slackAi.permissions.getForUser is ENQUEUED 
[02/04/26, 00:58:49:865] info: [API-Q] (T06AU05DL0L) noversion-1770134329.865 Flannel permissions/info called with reason: flannel-call:permissions/info 
[02/04/26, 00:58:49:865] info: [API-Q] (T06AU05DL0L) noversion-1770134329.865 Flannel permissions/info is ENQUEUED 
[02/04/26, 00:58:49:865] info: [UFM] (T06AU05DL0L) requesting C06U9KZMPT8,C06ARGB5GCS,C06AB0RTDE3,D07MBHNNPGE (1) 
[02/04/26, 00:58:49:865] info: [API-Q] (T06AU05DL0L) noversion-1770134329.865 Flannel huddles/info called with reason: flannel-call:huddles/info 
[02/04/26, 00:58:49:866] info: [API-Q] (T06AU05DL0L) noversion-1770134329.865 Flannel huddles/info is ENQUEUED 
[02/04/26, 00:58:49:879] info: [API-Q] (T06AU05DL0L) noversion-1770134329.734 Flannel permissions/info is RESOLVED 
[02/04/26, 00:58:49:880] info: [API-Q] (T06AU05DL0L) noversion-1770134329.865 Flannel huddles/info is ACTIVE 
[02/04/26, 00:58:49:884] info: [API-Q] (T06AU05DL0L) noversion-1770134329.705 Flannel permissions/info is RESOLVED 
[02/04/26, 00:58:49:885] info: [API-Q] (T06AU05DL0L) noversion-1770134329.865 Flannel permissions/info is ACTIVE 
[02/04/26, 00:58:49:886] info: Store: REDUX_UPDATE_FROM_WEBAPP (T08KF7TD5AN) Changed keys [theme,notificationPrefs,connectivityPrefs,featureFlags,unreads,locale,version,frontendBuildType,userId] 
[02/04/26, 00:58:49:892] info: [UFM-PERMISSIONS] (T06AU05DL0L) received CAN_AT_CHANNEL,CAN_AT_EVERYONE,ARCHIVE_CHANNEL (1) 
[02/04/26, 00:58:49:906] info: [CHECK-UNREADS] (T06AU05DL0L) unreadLineVisible updated in main window container primary: undefined -> true 
[02/04/26, 00:58:49:942] info: [API-Q] (T06AU05DL0L) noversion-1770134329.865 Flannel huddles/info is RESOLVED 
[02/04/26, 00:58:49:943] info: [API-Q] (T06AU05DL0L) 2daffbe9-1770134329.417 users.priority.list is ACTIVE 
[02/04/26, 00:58:49:943] info: [UFM] (T06AU05DL0L) received C06U9KZMPT8,C06ARGB5GCS,C06AB0RTDE3,D07MBHNNPGE (1) 
[02/04/26, 00:58:49:962] info: [API-Q] (T06AU05DL0L) noversion-1770134329.865 Flannel permissions/info is RESOLVED 
[02/04/26, 00:58:49:963] info: [API-Q] (T06AU05DL0L) 2daffbe9-1770134329.421 calendar.getInstalledCalendars is ACTIVE 
[02/04/26, 00:58:49:990] info: [SOCKET-MANAGER] (T06AU05DL0L) Changing from prov_connecting to prov_connected 
[02/04/26, 00:58:49:990] info: [SOCKET-MANAGER] (T06AU05DL0L) will stay in prov_connected state for up to 60000 ms 
[02/04/26, 00:58:49:999] info: [SOCKET-MANAGER] (T06AU05DL0L) Changing from prov_connected to prov_finalize 
[02/04/26, 00:58:50:000] info: [SOCKET-MANAGER] (T06AU05DL0L) will stay in prov_finalize state for up to 10000 ms 
[02/04/26, 00:58:50:000] info: [SOCKET-MANAGER] (T06AU05DL0L) Changing from prov_finalize to prov_finalizing 
[02/04/26, 00:58:50:000] info: [SOCKET-MANAGER] (T06AU05DL0L) will stay in prov_finalizing state for up to 10000 ms 
[02/04/26, 00:58:50:000] info: [SOCKET-MANAGER] (T06AU05DL0L) Changing from prov_finalizing to connected 
[02/04/26, 00:58:50:000] info: [SOCKET-MANAGER] (T06AU05DL0L) will stay in connected state for up to Infinity ms 
[02/04/26, 00:58:50:000] info: [SOCKET-MANAGER] (T06AU05DL0L) Connected to primary region 
[02/04/26, 00:58:50:000] info: [GS_REQUEST] (T06AU05DL0L) connected and trouble free! Continuing deferred user_subscribe_request call 
[02/04/26, 00:58:50:000] info: [EVENTLOG] (T06AU05DL0L) fr=false, lc=false, lt=1770083531.000200 
[02/04/26, 00:58:50:000] info: [EVENTLOG] (T06AU05DL0L) fetching events since 1770083531.000200 (50799 seconds ago) 
[02/04/26, 00:58:50:000] info: [API-Q] (T06AU05DL0L) 2daffbe9-1770134329.996 ublockworkaround.history called with reason: onSocketConnected 
[02/04/26, 00:58:50:000] info: [API-Q] (T06AU05DL0L) 2daffbe9-1770134329.996 ublockworkaround.history is ENQUEUED 
[02/04/26, 00:58:50:000] info: [MESSAGE-HISTORY] (T06AU05DL0L) Resetting reachedEnd 
[02/04/26, 00:58:50:000] info: [API-Q] (T06AU05DL0L) 2daffbe9-1770134329.997 users.customStatus.list called with reason: fetchCustomStatusOnReconnect 
[02/04/26, 00:58:50:000] info: [API-Q] (T06AU05DL0L) 2daffbe9-1770134329.997 users.customStatus.list is ENQUEUED 
[02/04/26, 00:58:50:001] info: [UNREAD-COUNTS] (T06AU05DL0L) Fetching counts 
[02/04/26, 00:58:50:001] info: [API-Q] (T06AU05DL0L) 2daffbe9-1770134329.999 client.counts called with reason: fetchClientCountsOnConnect 
[02/04/26, 00:58:50:001] info: [API-Q] (T06AU05DL0L) 2daffbe9-1770134329.999 client.counts is ENQUEUED 
[02/04/26, 00:58:50:003] info: [API-Q] (T06AU05DL0L) 2daffbe9-1770134330.002 sfdc.integration.listOrgs called with reason: fetch-orgs-and-sign-in-silently-v2 
[02/04/26, 00:58:50:003] info: [API-Q] (T06AU05DL0L) 2daffbe9-1770134330.002 sfdc.integration.listOrgs is ENQUEUED 
[02/04/26, 00:58:50:003] info: [PRESENCE_PROMPT] (T06AU05DL0L) ignoring prompt due to presence (active) 
[02/04/26, 00:58:50:016] info: [HISTORY-FETCH] (T06AU05DL0L) Fetching history for message pane: D07MJ421FB5 oldest: 1770079466.617139 latest: null 
[02/04/26, 00:58:50:017] info: [API-Q] (T06AU05DL0L) 2daffbe9-1770134330.016 conversations.history called with reason: message-pane/requestHistory 
[02/04/26, 00:58:50:017] info: [API-Q] (T06AU05DL0L) 2daffbe9-1770134330.016 conversations.history is ENQUEUED 
[02/04/26, 00:58:50:017] info: [CHECK-UNREADS] (T06AU05DL0L) unreadLineVisible updated in main window container primary: true -> false 
[02/04/26, 00:58:50:021] info: Store: EXTEND_MENU T06AU05DL0L: menucategory-file,menucategory-view,menucategory-edit,menucategory-help,menucategory-history 
[02/04/26, 00:58:50:023] info: [BOOT-QUEUE] T08KF7TD5AN noversion-1770134329.435 experiments.getByUser is RESOLVED 
[02/04/26, 00:58:50:023] info: [BOOT] Feature flag config version: 1770134323; Experiments config version: 1770134323 
[02/04/26, 00:58:50:023] info: [BOOT] Current earliest config version: 1770134322; All config versions: {"T06AU05DL0L":1770134322,"T08KF7TD5AN":1770134323} 
[02/04/26, 00:58:50:036] info: [MESSAGE-LIST] (T06AU05DL0L) componentWillReceiveProps isLoading: true isLoadingOlder: false timestamps: 29 
[02/04/26, 00:58:50:045] info: [API-Q] (T06AU05DL0L) 2daffbe9-1770134329.417 users.prefs.get is RESOLVED 
[02/04/26, 00:58:50:046] info: [API-Q] (T06AU05DL0L) 2daffbe9-1770134329.996 ublockworkaround.history is ACTIVE 
[02/04/26, 00:58:50:060] info: [API-Q] (T06AU05DL0L) 2daffbe9-1770134329.411 drafts.list is RESOLVED 
[02/04/26, 00:58:50:060] info: [API-Q] (T06AU05DL0L) 2daffbe9-1770134329.556 users.interactions.list is ACTIVE 
[02/04/26, 00:58:50:061] info: [DRAFTS] (T06AU05DL0L) No active drafts 
[02/04/26, 00:58:50:061] info: [DRAFTS] (T06AU05DL0L) Successfully fetched all active and inactive drafts ✨ 
[02/04/26, 00:58:50:152] info: [API-Q] (T06AU05DL0L) 2daffbe9-1770134329.417 users.prefs.get is RESOLVED 
[02/04/26, 00:58:50:153] info: [API-Q] (T06AU05DL0L) 2daffbe9-1770134329.725 users.channelSections.list is ACTIVE 
[02/04/26, 00:58:50:182] info: [API-Q] (T06AU05DL0L) 2daffbe9-1770134329.417 teams.trials.info is RESOLVED 
[02/04/26, 00:58:50:183] info: [API-Q] (T06AU05DL0L) 2daffbe9-1770134329.731 dnd.info is ACTIVE 
[02/04/26, 00:58:50:235] info: [BOOT-QUEUE] T08KF7TD5AN noversion-1770134329.847 client.userBoot is RESOLVED 
[02/04/26, 00:58:50:236] info: [BOOT] (T08KF7TD5AN) Dispatching API data 
[02/04/26, 00:58:50:236] info: [BOOT] (T08KF7TD5AN) Dispatching boot data 
[02/04/26, 00:58:50:249] info: [EMOJI_TRANSLATION] Emoji translations not needed for default locale, only adding keywords 
[02/04/26, 00:58:50:249] info: [API-Q] (T08KF7TD5AN) 2daffbe9-1770134330.249 users.prefs.get called with reason: fetch-frecency-prefs 
[02/04/26, 00:58:50:249] info: [API-Q] (T08KF7TD5AN) 2daffbe9-1770134330.249 users.prefs.get is ENQUEUED 
[02/04/26, 00:58:50:251] info: [API-Q] (T08KF7TD5AN) 2daffbe9-1770134330.249 users.prefs.get is ACTIVE 
[02/04/26, 00:58:50:252] info: [BOOT] (T08KF7TD5AN) Dispatching initial api data for initial view 
[02/04/26, 00:58:50:253] info: [BOOT] (T08KF7TD5AN) processing mutation timestamps for C08KF7TD62W 
[02/04/26, 00:58:50:254] info: [PLATFORM-CHANNEL-ACTI] (T08KF7TD5AN) Not updating count for channel C08KF7TD62W, as count was already set to 0 
[02/04/26, 00:58:50:255] info: [NAVIGATION-MIDDLEWARE] Starting a new navigation middleware execution {"context":"client-boot","nextViewSet":{"sidebar":{"id":"ChannelList","viewType":"ChannelList"},"primary":{"id":"C08KF7TD62W","viewType":"Channel"}},"middlewareCount":8} 
[02/04/26, 00:58:50:256] info: [BOOT] (T08KF7TD5AN) Boot complete 
[02/04/26, 00:58:50:256] info: [DESKTOP-SIDE-EFFECT] (T08KF7TD5AN) Reacting to  {"type":"[21] Set a value that represents whether we are currently in the boot phase","payload":false,"error":false} 
[02/04/26, 00:58:50:257] info: [SOCKET-MANAGER] (T08KF7TD5AN) Changing from never_connected to prov_connect 
[02/04/26, 00:58:50:257] info: [SOCKET-MANAGER] (T08KF7TD5AN) will stay in prov_connect state for up to 10000 ms 
[02/04/26, 00:58:50:257] info: [SOCKET-MANAGER] (T08KF7TD5AN) Connecting with token ending: 41fc 
[02/04/26, 00:58:50:257] info: [SOCKET-MANAGER] (T08KF7TD5AN) Changing from prov_connect to prov_connecting 
[02/04/26, 00:58:50:257] info: [SOCKET-MANAGER] (T08KF7TD5AN) will stay in prov_connecting state for up to 35000 ms 
[02/04/26, 00:58:50:258] info: [ENDPOINT-MANAGER] (T08KF7TD5AN) No stale versions to clear. 
[02/04/26, 00:58:50:258] info: [SOCKET-MANAGER-MIDDLE] (T08KF7TD5AN) Initialized Socket Manager instance 
[02/04/26, 00:58:50:258] info: [NAVIGATION-MIDDLEWARE] Async action execution is complete for a view {"nextView":{"id":"ChannelList","viewType":"ChannelList"},"results":[["EnsureChannelHasParentTabMiddleware",false],["EnsureMessagesTabHasTabIdMiddleware",false],["RedirectFileChannel",false],["RedirectChannelCanvasToCanvas",false],["AttemptToSetSolutionsGalleryPref",false],["EnsureAppViewType",false],["CanvasSetScrollParam",false],["EnsureActivityInboxMiddleware",false]],"shouldTerminateNavigation":false,"executionTime":2.5} 
[02/04/26, 00:58:50:258] info: [NAVIGATION-MIDDLEWARE] Finish middleware execution for sidebar container {"maybeTransformedViewSet":{"sidebar":{"id":"ChannelList","viewType":"ChannelList"},"primary":{"id":"C08KF7TD62W","viewType":"Channel"}},"terminateNavigation":false,"isViewTransformed":false,"iterationCount":0,"executionTime":3} 
[02/04/26, 00:58:50:268] info: [EMOJI_TRANSLATION] Emoji translations not needed for default locale, only adding keywords 
[02/04/26, 00:58:50:269] info: [NAVIGATION-MIDDLEWARE] Async action execution is complete for a view {"nextView":{"id":"C08KF7TD62W","viewType":"Channel"},"results":[["EnsureChannelHasParentTabMiddleware",false],["EnsureMessagesTabHasTabIdMiddleware",false],["RedirectFileChannel",false],["RedirectChannelCanvasToCanvas",false],["AttemptToSetSolutionsGalleryPref",false],["EnsureAppViewType",false],["CanvasSetScrollParam",false],["EnsureActivityInboxMiddleware",false]],"shouldTerminateNavigation":false,"executionTime":10.200000000186265} 
[02/04/26, 00:58:50:269] info: [NAVIGATION-MIDDLEWARE] Finish middleware execution for primary container {"maybeTransformedViewSet":{"sidebar":{"id":"ChannelList","viewType":"ChannelList"},"primary":{"id":"C08KF7TD62W","viewType":"Channel"}},"terminateNavigation":false,"isViewTransformed":false,"iterationCount":0,"executionTime":10.400000000139698} 
[02/04/26, 00:58:50:269] info: [NAVIGATION-MIDDLEWARE] Navigation middleware execution is complete {"maybeUpdatedViewSet":{"sidebar":{"id":"ChannelList","viewType":"ChannelList"},"primary":{"id":"C08KF7TD62W","viewType":"Channel"}},"terminateNavigation":false,"executionTime":13.699999999953434} 
[02/04/26, 00:58:50:270] info: [BOOT] Fetching client.extras {"extras":["salesforce_features","plan_info"]} 
[02/04/26, 00:58:50:270] info: [API-Q] (T08KF7TD5AN) 2daffbe9-1770134330.270 client.extras called with reason: fetch-client-extras 
[02/04/26, 00:58:50:270] info: [API-Q] (T08KF7TD5AN) 2daffbe9-1770134330.270 client.extras is ENQUEUED 
[02/04/26, 00:58:50:270] info: [API-Q] (T08KF7TD5AN) 2daffbe9-1770134330.270 drafts.list called with reason: client-v2-boot-team 
[02/04/26, 00:58:50:271] info: [API-Q] (T08KF7TD5AN) 2daffbe9-1770134330.270 drafts.list is ENQUEUED 
[02/04/26, 00:58:50:271] info: [DRAFTS] (T08KF7TD5AN) No local drafts - skipping fetch to purge inactive drafts 
[02/04/26, 00:58:50:273] info: [EMOJI_TRANSLATION] Emoji translations not needed for default locale, only adding keywords 
[02/04/26, 00:58:50:273] info: [API-Q] (T08KF7TD5AN) 2daffbe9-1770134330.273 workflows.triggers.listRecentlyRunForUser called with reason: fetch_and_upsert_recently_run_triggers 
[02/04/26, 00:58:50:273] info: [API-Q] (T08KF7TD5AN) 2daffbe9-1770134330.273 workflows.triggers.listRecentlyRunForUser is ENQUEUED 
[02/04/26, 00:58:50:273] info: [API-Q] (T08KF7TD5AN) 2daffbe9-1770134330.273 functions.workflows.list called with reason: automations_gallery 
[02/04/26, 00:58:50:273] info: [API-Q] (T08KF7TD5AN) 2daffbe9-1770134330.273 functions.workflows.list is ENQUEUED 
[02/04/26, 00:58:50:274] info: [API-Q] (T08KF7TD5AN) 2daffbe9-1770134330.274 teams.trials.info called with reason: client-v2-boot-team 
[02/04/26, 00:58:50:274] info: [API-Q] (T08KF7TD5AN) 2daffbe9-1770134330.274 teams.trials.info is ENQUEUED 
[02/04/26, 00:58:50:274] info: [API-Q] (T08KF7TD5AN) 2daffbe9-1770134330.274 users.prefs.get called with reason: fetch-user-expectation-last-triggered-pref 
[02/04/26, 00:58:50:274] info: [API-Q] (T08KF7TD5AN) 2daffbe9-1770134330.274 users.prefs.get is ENQUEUED 
[02/04/26, 00:58:50:274] info: [API-Q] (T08KF7TD5AN) 2daffbe9-1770134330.274 users.priority.list called with reason: fetch-priority-users-on-boot-render 
[02/04/26, 00:58:50:275] info: [API-Q] (T08KF7TD5AN) 2daffbe9-1770134330.274 users.priority.list is ENQUEUED 
[02/04/26, 00:58:50:276] info: [API-Q] (T08KF7TD5AN) 2daffbe9-1770134330.275 aiApps.list called with reason: fetch-deferred-messaging-client-data 
[02/04/26, 00:58:50:276] info: [API-Q] (T08KF7TD5AN) 2daffbe9-1770134330.275 aiApps.list is ENQUEUED 
[02/04/26, 00:58:50:276] info: [API-Q] (T08KF7TD5AN) 2daffbe9-1770134330.276 calendar.getInstalledCalendars called with reason: calendar-get-installed-calendars 
[02/04/26, 00:58:50:276] info: [API-Q] (T08KF7TD5AN) 2daffbe9-1770134330.276 calendar.getInstalledCalendars is ENQUEUED 
[02/04/26, 00:58:50:281] info: [NAVIGATE-LISTENERS] (T08KF7TD5AN) Starting navigation listeners for triggerType CLIENT_MOUNT 
[02/04/26, 00:58:50:282] info: [NAVIGATE-LISTENERS] (T08KF7TD5AN) Navigation listeners complete without errors 
[02/04/26, 00:58:50:282] info: [MIN-VERSION] Starting client min-version poll. 
[02/04/26, 00:58:50:286] info: [PERSIST] Purging persisted models, except for the following teamIds ["T06AU05DL0L","T08KF7TD5AN"] 
[02/04/26, 00:58:50:290] info: [CHECK-UNREADS] (T06AU05DL0L) Checking unreads after workspace became focused 
[02/04/26, 00:58:50:290] info: [CHECK-UNREADS] (T06AU05DL0L) Not marking D07MJ421FB5 because last_read >= latest && channel is read 
[02/04/26, 00:58:50:291] info: [GS_REQUEST] (T08KF7TD5AN) received a user_subscribe_request call while we are not connected; deferring 
[02/04/26, 00:58:50:292] info: [API-Q] (T08KF7TD5AN) noversion-1770134330.291 Flannel users/info called with reason: flannel-call:users/info 
[02/04/26, 00:58:50:292] info: [API-Q] (T08KF7TD5AN) noversion-1770134330.291 Flannel users/info is ENQUEUED 
[02/04/26, 00:58:50:292] info: Store: STORE_USER_WORKSPACES {
  "userTeamId": "T08KF7TD5AN",
  "workspaceIds": [
    "T08KF7TD5AN"
  ]
} 
[02/04/26, 00:58:50:295] info: [UFM-PERMISSIONS] (T08KF7TD5AN) requesting READ_AUDIT_LOGS,ARCHIVE_CHANNEL,CONVERT_MPDM_TO_PRIVATE,CREATE_PRIVATE_CHANNEL,CREATE_PUBLIC_CHANNEL,EDIT_CHANNEL_WORKSPACES,CAN_AT_CHANNEL,VIEW_OVERVIEW_ANALYTICS,VIEW_WORKSPACE_ANALYTICS,VIEW_MEMBER_ANALYTICS,VIEW_ORG_WIDE_CHANNEL_ANALYTICS,VIEW_HUDDLE_ANALYTICS,VIEW_CLIP_ANALYTICS,VIEW_APP_ANALYTICS,VIEW_CHANNEL_ANALYTICS,VIEW_AI_ANALYTICS,VIEW_CANVAS_ANALYTICS,VIEW_WORKFLOW_ANALYTICS,VIEW_LIST_ANALYTICS,VIEW_TOP_LEVEL_WORKFLOWS,ADD_COLLABORATOR_TO_ANY_WORKFLOW,UNPUBLISH_ANY_WORKFLOW,CREATE_WORKFLOWS,CREATE_CANVAS_TEMPLATES,PUBLISH_CANVAS_ORG_TEMPLATES,MANAGE_SALES_HOME,MANAGE_SALES_HOME_DATA_SOURCE,ADD_CUSTOM_EMOJI,DELETE_CUSTOM_EMOJI,EDIT_SLACKBOT_RESPONSES,UPDATE_NAME,UPDATE_DISPLAY_NAME,EDIT_PROFILE_PHOTO,ACCEPT_SLACK_CONNECT_INVITES,MANAGE_SLACK_CONNECT,CREATE_SLACK_CONNECT_DM,VIEW_APP_REQUESTS,MANAGE_AAA_AUTOMATION_RULES,MANAGE_SCOPE_RATINGS,VIEW_INSTALLED_APPS,MANAGE_ORG_LEVEL_APP_APPROVAL,VIEW_APPROVED_APPS,VIEW_RESTRICTED_APPS,ADD_ORG_APPS_TO_WORKSPACES,REMOVE_ORG_APPS_FROM_WORKSPACES,VIEW_DEPRECATIONS,MANAGE_WORKFLOW_CONNECTORS,MANAGE_WORKFLOW_TRIGGERS,CREATE_SOLUTION_TEMPLATE,PUBLISH_SOLUTION_TEMPLATE,MANAGE_SOLUTION_TEMPLATE,CREATE_LIST_TEMPLATE,CREATE_USER_GROUPS,EDIT_USER_GROUPS,DELETE_USER_GROUPS,ACCESS_SLACK_AI_CHANNEL_THREAD_SUMMARIES,ACCESS_SLACK_AI_ACTION_ITEMS,ACCESS_SLACK_AI_DETAILED_FEEDBACK,ACCESS_SLACK_AI_FILE_SUMMARIES,ACCESS_SLACK_AI_HUDDLE_SUMMARIES,ACCESS_SLACK_AI_RECAP,ACCESS_SLACK_AI_SEARCH,ACCESS_SLACK_AI_STEPS_IN_WORKFLOW,ACCESS_SLACK_AI_TRANSLATIONS,ACCESS_SLACK_AI_WORKFLOW_BUILDER,ACCESS_SLACK_AI_RECORD_CHANNEL_DIGEST,ACCESS_SLACK_AI_DEVELOPMENT,ACCESS_SLACK_AI_EXPLAIN,ACCESS_SLACK_AI_CANVAS,ACCESS_SLACK_AI_SLACKBOT,ACCESS_SLACK_AI_FILTERS,ACCESS_SLACK_AI_SALESFORCE_CSV_MAPPER,ACCESS_SLACK_AI_SUGGESTED_SECTIONS,ACCESS_ENTERPRISE_SEARCH,CAN_MANAGE_XWS_CHANNELS (1) 
[02/04/26, 00:58:50:295] info: [API-Q] (T08KF7TD5AN) 2daffbe9-1770134330.295 slackAi.permissions.getForUser called with reason: fetch-slack-ai-permissions 
[02/04/26, 00:58:50:295] info: [API-Q] (T08KF7TD5AN) 2daffbe9-1770134330.295 slackAi.permissions.getForUser is ENQUEUED 
[02/04/26, 00:58:50:295] info: [API-Q] (T08KF7TD5AN) noversion-1770134330.295 Flannel permissions/info called with reason: flannel-call:permissions/info 
[02/04/26, 00:58:50:296] info: [API-Q] (T08KF7TD5AN) noversion-1770134330.295 Flannel permissions/info is ENQUEUED 
[02/04/26, 00:58:50:297] info: [OBJECT-STORE] attempting to delete shards [] 
[02/04/26, 00:58:50:298] info: Store: SELECTION_CHANGED T06AU05DL0L 
[02/04/26, 00:58:50:298] info: [PERSIST] Purged persisted models [] 
[02/04/26, 00:58:50:305] info: [BOOT] Client boot completed 
[02/04/26, 00:58:50:310] info: [SIGNAL-TO-DESKTOP] (T06AU05DL0L) Attempted boot for all workspaces, signaling desktop 
[02/04/26, 00:58:50:319] info: [RTM-EVENT-METRICS] Metrics collection sampling has been reset. 
[02/04/26, 00:58:50:319] warn: SERVICE-WORKER Found existing value for https://slack.com/fake-url-for-service-worker-item-storage/locales; Will overwrite value. 
[02/04/26, 00:58:50:319] info: [SERVICE-WORKER] Writing (["en-US"]) to Service Worker with key https://slack.com/fake-url-for-service-worker-item-storage/locales. 
[02/04/26, 00:58:50:320] info: [API-Q] (T06AU05DL0L) 2daffbe9-1770134329.996 ublockworkaround.history is RESOLVED 
[02/04/26, 00:58:50:320] info: [API-Q] (T06AU05DL0L) 2daffbe9-1770134329.731 dnd.teamInfo is ACTIVE 
[02/04/26, 00:58:50:320] info: Store: SYNC Synced 2 workspaces with IDs [T06AU05DL0L,T08KF7TD5AN] 
[02/04/26, 00:58:50:321] info: [EVENTLOG] (T06AU05DL0L) nothing to process 
[02/04/26, 00:58:50:322] info: [EVENTLOG] (T06AU05DL0L) fetched finish (aborted? false) 
[02/04/26, 00:58:50:322] info: [EVENTLOG] (T06AU05DL0L) dispatching signal and clearing timestamp 
[02/04/26, 00:58:50:327] info: Store: UPSERT_WEB_CONTENTS {
  "id": 1,
  "state": "webapp-loaded"
} 
[02/04/26, 00:58:50:328] info: Store: RECORD_PERFORMANCE_TIMING {
  "phase": 3,
  "interval": 3102
} 
[02/04/26, 00:58:50:328] info: Store: UPSERT_WEB_CONTENTS {
  "id": 1,
  "state": "webapp-loaded"
} 
[02/04/26, 00:58:50:332] info: [API-Q] (T06AU05DL0L) 2daffbe9-1770134329.417 users.priority.list is RESOLVED 
[02/04/26, 00:58:50:332] info: [API-Q] (T06AU05DL0L) 2daffbe9-1770134329.732 team.targetingCriteria is ACTIVE 
[02/04/26, 00:58:50:333] info: [SERVICE-WORKER] registration success {} 
[02/04/26, 00:58:50:333] info: [SERVICE-WORKER-STATE] initial activated 
[02/04/26, 00:58:50:358] info: [API-Q] (T06AU05DL0L) 2daffbe9-1770134329.421 calendar.getInstalledCalendars is RESOLVED 
[02/04/26, 00:58:50:358] info: [API-Q] (T06AU05DL0L) 2daffbe9-1770134329.732 help.issues.ticketStats is ACTIVE 
[02/04/26, 00:58:50:359] info: [QUIP] SystemJS Fork initialized 1770134330359-0.7428568646550311 
[02/04/26, 00:58:50:361] info: [API-Q] (T06AU05DL0L) 2daffbe9-1770134330.361 calendar.user.info called with reason: calendar-get-user-info 
[02/04/26, 00:58:50:361] info: [API-Q] (T06AU05DL0L) 2daffbe9-1770134330.361 calendar.user.info is ENQUEUED 
[02/04/26, 00:58:50:376] info: [API-Q] (T06AU05DL0L) 2daffbe9-1770134329.415 megaphone.notifications.list is RESOLVED 
[02/04/26, 00:58:50:376] info: [API-Q] (T06AU05DL0L) 2daffbe9-1770134329.733 conversations.listPrefs is ACTIVE 
[02/04/26, 00:58:50:388] info: [PERSIST] (T06AU05DL0L) Successfully persisted state 
[02/04/26, 00:58:50:415] info: [API-Q] (T06AU05DL0L) noversion-1770134329.723 Flannel users/info is RESOLVED 
[02/04/26, 00:58:50:415] info: [API-Q] (T06AU05DL0L) 2daffbe9-1770134329.739 bookmarks.list is ACTIVE 
[02/04/26, 00:58:50:435] info: [API-Q] (T06AU05DL0L) 2daffbe9-1770134329.731 dnd.info is RESOLVED 
[02/04/26, 00:58:50:435] info: [API-Q] (T06AU05DL0L) 2daffbe9-1770134329.740 conversations.history is ACTIVE 
[02/04/26, 00:58:50:438] info: [DND] (T06AU05DL0L) Fetched DND info for the following member: U07N70LR48G 
[02/04/26, 00:58:50:439] info: [DND_V2] (T06AU05DL0L) Not setting a timer as all schedules are stale 
[02/04/26, 00:58:50:474] info: [Diagnostics] Adding window recorder f83f8043add447308ac0881fd 
[02/04/26, 00:58:50:514] info: [QUIP] (T06AU05DL0L) {"type":"set_current_user_id","timestamp_ms":1770134330512,"user_id":"WKX9EAbBw35"} 
[02/04/26, 00:58:50:516] warn: TRACER (T06AU05DL0L) (canvas:collab-init) was forced closed and marked with the _flush=true tag. 
[02/04/26, 00:58:50:516] warn: TRACER (T06AU05DL0L) (canvas:await-callback) was forced closed and marked with the _flush=true tag. 
[02/04/26, 00:58:50:554] info: [API-Q] (T06AU05DL0L) noversion-1770134329.735 Flannel users/counts is RESOLVED 
[02/04/26, 00:58:50:555] info: [API-Q] (T06AU05DL0L) 2daffbe9-1770134329.741 saved.list is ACTIVE 
[02/04/26, 00:58:50:555] info: [API-Q] (T06AU05DL0L) 2daffbe9-1770134329.556 users.interactions.list is RESOLVED 
[02/04/26, 00:58:50:555] info: [API-Q] (T06AU05DL0L) 2daffbe9-1770134329.818 workflows.triggers.list is ACTIVE 
[02/04/26, 00:58:50:562] info: [API-Q] (T06AU05DL0L) 2daffbe9-1770134329.725 users.channelSections.list is RESOLVED 
[02/04/26, 00:58:50:562] info: [API-Q] (T06AU05DL0L) 2daffbe9-1770134329.865 slackAi.permissions.getForUser is ACTIVE 
[02/04/26, 00:58:50:591] info: [API-Q] (T06AU05DL0L) 2daffbe9-1770134329.731 dnd.teamInfo is RESOLVED 
[02/04/26, 00:58:50:591] info: [API-Q] (T06AU05DL0L) 2daffbe9-1770134329.997 users.customStatus.list is ACTIVE 
[02/04/26, 00:58:50:592] info: [DND] (T06AU05DL0L) Fetched DND info for the following members: U06AB0DEHV5 
[02/04/26, 00:58:50:593] info: [DND_V2] (T06AU05DL0L) Not setting a timer as all schedules are stale 
[02/04/26, 00:58:50:682] error: Icon undefined not found 
[02/04/26, 00:58:50:692] info: [API-Q] (T06AU05DL0L) 2daffbe9-1770134329.733 conversations.listPrefs is RESOLVED 
[02/04/26, 00:58:50:692] info: [API-Q] (T06AU05DL0L) 2daffbe9-1770134329.999 client.counts is ACTIVE 
[02/04/26, 00:58:50:693] info: [API-Q] (T08KF7TD5AN) 2daffbe9-1770134330.249 users.prefs.get is RESOLVED 
[02/04/26, 00:58:50:693] info: [API-Q] (T08KF7TD5AN) noversion-1770134330.295 Flannel permissions/info is ACTIVE 
[02/04/26, 00:58:50:693] info: [API-Q] (T06AU05DL0L) 2daffbe9-1770134329.739 bookmarks.list is RESOLVED 
[02/04/26, 00:58:50:693] info: [API-Q] (T06AU05DL0L) 2daffbe9-1770134330.002 sfdc.integration.listOrgs is ACTIVE 
[02/04/26, 00:58:50:699] info: [CRDT] Automerge loaded. 
[02/04/26, 00:58:50:713] info: [API-Q] (T06AU05DL0L) 2daffbe9-1770134329.415 megaphone.notifications.list is RESOLVED 
[02/04/26, 00:58:50:713] info: [API-Q] (T06AU05DL0L) 2daffbe9-1770134330.016 conversations.history is ACTIVE 
[02/04/26, 00:58:50:724] info: [API-Q] (T06AU05DL0L) 2daffbe9-1770134329.732 team.targetingCriteria is RESOLVED 
[02/04/26, 00:58:50:724] info: [API-Q] (T06AU05DL0L) 2daffbe9-1770134330.361 calendar.user.info is ACTIVE 
[02/04/26, 00:58:50:742] info: [PERSIST] (T08KF7TD5AN) Successfully persisted state 
[02/04/26, 00:58:50:748] info: [API-Q] (T06AU05DL0L) 2daffbe9-1770134329.732 help.issues.ticketStats is RESOLVED 
[02/04/26, 00:58:50:764] info: [SOCKET-MANAGER] (T08KF7TD5AN) Changing from prov_connecting to prov_connected 
[02/04/26, 00:58:50:764] info: [SOCKET-MANAGER] (T08KF7TD5AN) will stay in prov_connected state for up to 60000 ms 
[02/04/26, 00:58:50:766] info: [SOCKET-MANAGER] (T08KF7TD5AN) Changing from prov_connected to prov_finalize 
[02/04/26, 00:58:50:766] info: [SOCKET-MANAGER] (T08KF7TD5AN) will stay in prov_finalize state for up to 10000 ms 
[02/04/26, 00:58:50:766] info: [SOCKET-MANAGER] (T08KF7TD5AN) Changing from prov_finalize to prov_finalizing 
[02/04/26, 00:58:50:766] info: [SOCKET-MANAGER] (T08KF7TD5AN) will stay in prov_finalizing state for up to 10000 ms 
[02/04/26, 00:58:50:766] info: [SOCKET-MANAGER] (T08KF7TD5AN) Changing from prov_finalizing to connected 
[02/04/26, 00:58:50:766] info: [SOCKET-MANAGER] (T08KF7TD5AN) will stay in connected state for up to Infinity ms 
[02/04/26, 00:58:50:766] info: [SOCKET-MANAGER] (T08KF7TD5AN) Connected to primary region 
[02/04/26, 00:58:50:767] info: [GS_REQUEST] (T08KF7TD5AN) connected and trouble free! Continuing deferred user_subscribe_request call 
[02/04/26, 00:58:50:767] info: [EVENTLOG] (T08KF7TD5AN) fr=false, lc=false, lt=1770079485.010000 
[02/04/26, 00:58:50:767] info: [EVENTLOG] (T08KF7TD5AN) fetching events since 1770079485.010000 (54846 seconds ago) 
[02/04/26, 00:58:50:767] info: [API-Q] (T08KF7TD5AN) 2daffbe9-1770134330.767 ublockworkaround.history called with reason: onSocketConnected 
[02/04/26, 00:58:50:767] info: [API-Q] (T08KF7TD5AN) 2daffbe9-1770134330.767 ublockworkaround.history is ENQUEUED 
[02/04/26, 00:58:50:768] info: [MESSAGE-HISTORY] (T08KF7TD5AN) Resetting reachedEnd 
[02/04/26, 00:58:50:768] info: [API-Q] (T08KF7TD5AN) 2daffbe9-1770134330.768 users.customStatus.list called with reason: fetchCustomStatusOnReconnect 
[02/04/26, 00:58:50:768] info: [API-Q] (T08KF7TD5AN) 2daffbe9-1770134330.768 users.customStatus.list is ENQUEUED 
[02/04/26, 00:58:50:768] info: [UNREAD-COUNTS] (T08KF7TD5AN) Fetching counts 
[02/04/26, 00:58:50:769] info: [API-Q] (T08KF7TD5AN) 2daffbe9-1770134330.768 client.counts called with reason: fetchClientCountsOnConnect 
[02/04/26, 00:58:50:769] info: [API-Q] (T08KF7TD5AN) 2daffbe9-1770134330.768 client.counts is ENQUEUED 
[02/04/26, 00:58:50:769] info: [API-Q] (T08KF7TD5AN) 2daffbe9-1770134330.769 sfdc.integration.listOrgs called with reason: fetch-orgs-and-sign-in-silently-v2 
[02/04/26, 00:58:50:769] info: [API-Q] (T08KF7TD5AN) 2daffbe9-1770134330.769 sfdc.integration.listOrgs is ENQUEUED 
[02/04/26, 00:58:50:769] info: [PRESENCE_PROMPT] (T08KF7TD5AN) ignoring prompt due to presence (active) 
[02/04/26, 00:58:50:800] info: [API-Q] (T06AU05DL0L) 2daffbe9-1770134329.818 workflows.triggers.list is RESOLVED 
[02/04/26, 00:58:50:833] info: [API-Q] (T06AU05DL0L) 2daffbe9-1770134329.865 slackAi.permissions.getForUser is RESOLVED 
[02/04/26, 00:58:50:833] info: [UFM-PERMISSIONS] (T06AU05DL0L) received READ_AUDIT_LOGS,ARCHIVE_CHANNEL,CONVERT_MPDM_TO_PRIVATE,EDIT_CHANNEL_WORKSPACES,CAN_AT_CHANNEL,VIEW_OVERVIEW_ANALYTICS,VIEW_WORKSPACE_ANALYTICS,VIEW_MEMBER_ANALYTICS,VIEW_ORG_WIDE_CHANNEL_ANALYTICS,VIEW_HUDDLE_ANALYTICS,VIEW_CLIP_ANALYTICS,VIEW_APP_ANALYTICS,VIEW_CHANNEL_ANALYTICS,VIEW_AI_ANALYTICS,VIEW_CANVAS_ANALYTICS,VIEW_WORKFLOW_ANALYTICS,VIEW_LIST_ANALYTICS,ADD_COLLABORATOR_TO_ANY_WORKFLOW,UNPUBLISH_ANY_WORKFLOW,CREATE_WORKFLOWS,CREATE_CANVAS_TEMPLATES,PUBLISH_CANVAS_ORG_TEMPLATES,MANAGE_SALES_HOME,MANAGE_SALES_HOME_DATA_SOURCE,ADD_CUSTOM_EMOJI,DELETE_CUSTOM_EMOJI,EDIT_SLACKBOT_RESPONSES,UPDATE_NAME,UPDATE_DISPLAY_NAME,EDIT_PROFILE_PHOTO,ACCEPT_SLACK_CONNECT_INVITES,MANAGE_SLACK_CONNECT,CREATE_SLACK_CONNECT_DM,VIEW_APP_REQUESTS,MANAGE_AAA_AUTOMATION_RULES,MANAGE_SCOPE_RATINGS,VIEW_INSTALLED_APPS,MANAGE_ORG_LEVEL_APP_APPROVAL,VIEW_APPROVED_APPS,VIEW_RESTRICTED_APPS,ADD_ORG_APPS_TO_WORKSPACES,REMOVE_ORG_APPS_FROM_WORKSPACES,VIEW_DEPRECATIONS,MANAGE_WORKFLOW_CONNECTORS,MANAGE_WORKFLOW_TRIGGERS,CREATE_SOLUTION_TEMPLATE,PUBLISH_SOLUTION_TEMPLATE,MANAGE_SOLUTION_TEMPLATE,CREATE_LIST_TEMPLATE,CREATE_USER_GROUPS,EDIT_USER_GROUPS,DELETE_USER_GROUPS,ACCESS_SLACK_AI_ACTION_ITEMS,ACCESS_SLACK_AI_DETAILED_FEEDBACK,ACCESS_SLACK_AI_STEPS_IN_WORKFLOW,ACCESS_SLACK_AI_TRANSLATIONS,ACCESS_SLACK_AI_WORKFLOW_BUILDER,ACCESS_SLACK_AI_RECORD_CHANNEL_DIGEST,ACCESS_SLACK_AI_DEVELOPMENT,ACCESS_SLACK_AI_EXPLAIN,ACCESS_SLACK_AI_CANVAS,ACCESS_SLACK_AI_SALESFORCE_CSV_MAPPER,ACCESS_SLACK_AI_SUGGESTED_SECTIONS,ACCESS_ENTERPRISE_SEARCH,CAN_MANAGE_XWS_CHANNELS (1) 
[02/04/26, 00:58:50:846] info: [API-Q] (T06AU05DL0L) 2daffbe9-1770134329.997 users.customStatus.list is RESOLVED 
[02/04/26, 00:58:50:877] info: [API-Q] (T06AU05DL0L) 2daffbe9-1770134329.740 conversations.history is RESOLVED 
[02/04/26, 00:58:50:878] info: [PLATFORM-CHANNEL-ACTI] (T06AU05DL0L) Not updating count for channel D07MJ421FB5, as count was already set to 0 
[02/04/26, 00:58:50:880] info: [UNREAD-COUNTS] (T06AU05DL0L) Fetching history for unread counting: D07MJ421FB5, waiting 3266 ms 
[02/04/26, 00:58:50:880] info: [CHECK-UNREADS] (T06AU05DL0L) Not marking D07MJ421FB5 because last_read >= latest && channel is read 
[02/04/26, 00:58:50:933] info: [API-Q] (T08KF7TD5AN) noversion-1770134330.295 Flannel permissions/info is RESOLVED 
[02/04/26, 00:58:50:933] info: [API-Q] (T08KF7TD5AN) 2daffbe9-1770134330.767 ublockworkaround.history is ACTIVE 
[02/04/26, 00:58:50:935] info: [API-Q] (T06AU05DL0L) 2daffbe9-1770134330.002 sfdc.integration.listOrgs is RESOLVED 
[02/04/26, 00:58:50:954] info: [API-Q] (T06AU05DL0L) 2daffbe9-1770134329.999 client.counts is RESOLVED 
[02/04/26, 00:58:50:956] info: [COUNTS] (T06AU05DL0L) Applying counts to channels. wasLastConnectFast: false isConnected: true applying: 28 out of total: 28 
[02/04/26, 00:58:50:958] info: [COUNTS] (T06AU05DL0L) Threads has_unreads:false mention_count:0 
[02/04/26, 00:58:50:958] info: [COUNTS] (T06AU05DL0L) Completed counts processing 
[02/04/26, 00:58:50:971] info: [API-Q] (T06AU05DL0L) 2daffbe9-1770134329.741 saved.list is RESOLVED 
[02/04/26, 00:58:50:977] info: [API-Q] (T06AU05DL0L) 2daffbe9-1770134330.361 calendar.user.info is RESOLVED 
[02/04/26, 00:58:51:138] info: [API-Q] (T06AU05DL0L) 2daffbe9-1770134330.016 conversations.history is RESOLVED 
[02/04/26, 00:58:51:140] info: [PLATFORM-CHANNEL-ACTI] (T06AU05DL0L) Not updating count for channel D07MJ421FB5, as count was already set to 0 
[02/04/26, 00:58:51:141] info: [PINS] (T06AU05DL0L) Pins count updated for channel D07MJ421FB5: 0 
[02/04/26, 00:58:51:147] info: [MESSAGE-LIST] (T06AU05DL0L) componentWillReceiveProps isLoading: false isLoadingOlder: false timestamps: 29 
[02/04/26, 00:58:51:160] info: [CHECK-UNREADS] (T06AU05DL0L) unreadLineVisible updated in main window container primary: false -> true 
[02/04/26, 00:58:51:203] info: [API-Q] (T08KF7TD5AN) 2daffbe9-1770134330.767 ublockworkaround.history is RESOLVED 
[02/04/26, 00:58:51:203] info: [API-Q] (T08KF7TD5AN) noversion-1770134330.291 Flannel users/info is ACTIVE 
[02/04/26, 00:58:51:204] info: [EVENTLOG] (T08KF7TD5AN) nothing to process 
[02/04/26, 00:58:51:204] info: [EVENTLOG] (T08KF7TD5AN) fetched finish (aborted? false) 
[02/04/26, 00:58:51:204] info: [EVENTLOG] (T08KF7TD5AN) dispatching signal and clearing timestamp 
[02/04/26, 00:58:51:380] info: [CHECK-UNREADS] (T06AU05DL0L) Not marking D07MJ421FB5 because last_read >= latest && channel is read 
[02/04/26, 00:58:51:513] info: [CHECK-UNREADS] (T06AU05DL0L) Checking unreads after unread line became visible 
[02/04/26, 00:58:51:513] info: [CHECK-UNREADS] (T06AU05DL0L) Not marking D07MJ421FB5 because last_read >= latest && channel is read 
[02/04/26, 00:58:51:910] info: [API-Q] (T08KF7TD5AN) noversion-1770134330.291 Flannel users/info is RESOLVED 
[02/04/26, 00:58:51:910] info: [API-Q] (T08KF7TD5AN) 2daffbe9-1770134330.274 users.prefs.get is ACTIVE 
[02/04/26, 00:58:52:369] info: [API-Q] (T08KF7TD5AN) 2daffbe9-1770134330.274 users.prefs.get is RESOLVED 
[02/04/26, 00:58:52:369] info: [API-Q] (T08KF7TD5AN) 2daffbe9-1770134330.270 client.extras is ACTIVE 
[02/04/26, 00:58:52:684] warn: PERMALINK (T06AU05DL0L) openPermalink: Unable to parse permalink, opening in new tab 
[02/04/26, 00:58:52:760] info: [API-Q] (T08KF7TD5AN) 2daffbe9-1770134330.270 client.extras is RESOLVED 
[02/04/26, 00:58:52:761] info: [API-Q] (T08KF7TD5AN) 2daffbe9-1770134330.270 drafts.list is ACTIVE 
[02/04/26, 00:58:53:187] info: [API-Q] (T08KF7TD5AN) 2daffbe9-1770134330.270 drafts.list is RESOLVED 
[02/04/26, 00:58:53:188] info: [API-Q] (T08KF7TD5AN) 2daffbe9-1770134330.273 workflows.triggers.listRecentlyRunForUser is ACTIVE 
[02/04/26, 00:58:53:188] info: [DRAFTS] (T08KF7TD5AN) No active drafts 
[02/04/26, 00:58:53:188] info: [DRAFTS] (T08KF7TD5AN) Successfully fetched all active and inactive drafts ✨ 
[02/04/26, 00:58:53:448] info: [FOCUS-EVENT] (T06AU05DL0L) Main window blurred 
[02/04/26, 00:58:53:595] info: [API-Q] (T08KF7TD5AN) 2daffbe9-1770134330.273 workflows.triggers.listRecentlyRunForUser is RESOLVED 
[02/04/26, 00:58:53:595] info: [API-Q] (T08KF7TD5AN) 2daffbe9-1770134330.273 functions.workflows.list is ACTIVE 
[02/04/26, 00:58:53:988] info: [DEVICE-PERMISSIONS-MA] Refreshing all permissions 
[02/04/26, 00:58:53:994] info: [API-Q] (T08KF7TD5AN) 2daffbe9-1770134330.273 functions.workflows.list is RESOLVED 
[02/04/26, 00:58:53:995] info: [API-Q] (T08KF7TD5AN) 2daffbe9-1770134330.274 teams.trials.info is ACTIVE 
[02/04/26, 00:58:53:996] info: [API-Q] (T08KF7TD5AN) 2daffbe9-1770134333.996 workflows.triggers.list called with reason: automations_gallery 
[02/04/26, 00:58:53:996] info: [API-Q] (T08KF7TD5AN) 2daffbe9-1770134333.996 workflows.triggers.list is ENQUEUED 
[02/04/26, 00:58:54:084] info: [DEVICE-PERMISSIONS-MA] Received microphone access status for desktop app: [object Object] 
[02/04/26, 00:58:54:084] info: [DEVICE-PERMISSIONS-MA] permission state for microphone changed to [object Object] 
[02/04/26, 00:58:54:085] info: [DEVICE-PERMISSIONS-MA] Permissions changed {"microphone":{"status":"granted"},"camera":{"status":"granted"},"screen":{"status":"granted"}} 
[02/04/26, 00:58:54:085] info: [DEVICE-PREFS] Updating available devices (original flow) 
[02/04/26, 00:58:54:085] info: [DEVICE-PERMISSIONS-MA] Permissions saved to local storage: {"permissions":{"microphone":{"status":"granted"},"camera":{"status":"granted"},"screen":{"status":"granted"}},"timestamp":1770134334084} 
[02/04/26, 00:58:54:085] info: [DEVICE-PERMISSIONS-MA] Received camera access status for desktop app: [object Object] 
[02/04/26, 00:58:54:085] info: [DEVICE-PERMISSIONS-MA] permission state for camera changed to [object Object] 
[02/04/26, 00:58:54:085] info: [DEVICE-PERMISSIONS-MA] Permissions changed {"microphone":{"status":"granted"},"camera":{"status":"granted"},"screen":{"status":"granted"}} 
[02/04/26, 00:58:54:085] info: [(?)] Available devices update already in progress. Returning existing promise. 
[02/04/26, 00:58:54:085] info: [DEVICE-PERMISSIONS-MA] Permissions saved to local storage: {"permissions":{"microphone":{"status":"granted"},"camera":{"status":"granted"},"screen":{"status":"granted"}},"timestamp":1770134334084} 
[02/04/26, 00:58:54:085] info: [DEVICE-PERMISSIONS-MA] Received screen access status for desktop app: [object Object] 
[02/04/26, 00:58:54:085] info: [DEVICE-PERMISSIONS-MA] permission state for screen changed to [object Object] 
[02/04/26, 00:58:54:085] info: [DEVICE-PERMISSIONS-MA] Permissions changed {"microphone":{"status":"granted"},"camera":{"status":"granted"},"screen":{"status":"granted"}} 
[02/04/26, 00:58:54:085] info: [(?)] Available devices update already in progress. Returning existing promise. 
[02/04/26, 00:58:54:086] info: [DEVICE-PERMISSIONS-MA] Permissions saved to local storage: {"permissions":{"microphone":{"status":"granted"},"camera":{"status":"granted"},"screen":{"status":"granted"}},"timestamp":1770134334084} 
[02/04/26, 00:58:54:089] info: [DEVICE-PREFS] Device list validation result: true 
[02/04/26, 00:58:54:089] info: [DEVICE-PREFS] Device list updated [{},{},{},{},{},{},{},{}] 
[02/04/26, 00:58:54:089] info: [DEVICE-PREFS] Processing device list [{},{},{},{},{},{},{},{}] 
[02/04/26, 00:58:54:089] info: [DEVICE-PREFS] Amending label for OS default audioinput device: Default -> System Default (Default) 
[02/04/26, 00:58:54:089] info: [DEVICE-PREFS] Amending label for OS default audiooutput device: Default -> System Default (Default) 
[02/04/26, 00:58:54:089] info: [DEVICE-PREFS] Device list processing complete 
[02/04/26, 00:58:54:389] info: [DEVICE-PREFS] Propagating device selection history update 
[02/04/26, 00:58:54:390] info: [DEVICE-PREFS] Setting preferred audioinput device in huddle default 
[02/04/26, 00:58:54:390] info: [DEVICE-PREFS] Setting preferred audiooutput device in huddle default 
[02/04/26, 00:58:54:420] info: [API-Q] (T08KF7TD5AN) 2daffbe9-1770134330.274 teams.trials.info is RESOLVED 
[02/04/26, 00:58:54:421] info: [API-Q] (T08KF7TD5AN) 2daffbe9-1770134330.274 users.priority.list is ACTIVE 
[02/04/26, 00:58:54:840] info: [API-Q] (T08KF7TD5AN) 2daffbe9-1770134330.274 users.priority.list is RESOLVED 
[02/04/26, 00:58:54:841] info: [API-Q] (T08KF7TD5AN) 2daffbe9-1770134330.275 aiApps.list is ACTIVE 
[02/04/26, 00:58:55:555] info: [API-Q] (T08KF7TD5AN) 2daffbe9-1770134330.275 aiApps.list is RESOLVED 
[02/04/26, 00:58:55:556] info: [API-Q] (T08KF7TD5AN) 2daffbe9-1770134330.276 calendar.getInstalledCalendars is ACTIVE 
[02/04/26, 00:58:55:970] info: [API-Q] (T08KF7TD5AN) 2daffbe9-1770134330.276 calendar.getInstalledCalendars is RESOLVED 
[02/04/26, 00:58:55:971] info: [API-Q] (T08KF7TD5AN) 2daffbe9-1770134330.295 slackAi.permissions.getForUser is ACTIVE 
[02/04/26, 00:58:56:286] info: [API-Q] (T08KF7TD5AN) 2daffbe9-1770134330.295 slackAi.permissions.getForUser is RESOLVED 
[02/04/26, 00:58:56:287] info: [API-Q] (T08KF7TD5AN) 2daffbe9-1770134330.768 users.customStatus.list is ACTIVE 
[02/04/26, 00:58:56:287] info: [UFM-PERMISSIONS] (T08KF7TD5AN) received READ_AUDIT_LOGS,ARCHIVE_CHANNEL,CONVERT_MPDM_TO_PRIVATE,CREATE_PRIVATE_CHANNEL,CREATE_PUBLIC_CHANNEL,EDIT_CHANNEL_WORKSPACES,CAN_AT_CHANNEL,VIEW_OVERVIEW_ANALYTICS,VIEW_WORKSPACE_ANALYTICS,VIEW_MEMBER_ANALYTICS,VIEW_ORG_WIDE_CHANNEL_ANALYTICS,VIEW_HUDDLE_ANALYTICS,VIEW_CLIP_ANALYTICS,VIEW_APP_ANALYTICS,VIEW_CHANNEL_ANALYTICS,VIEW_AI_ANALYTICS,VIEW_CANVAS_ANALYTICS,VIEW_WORKFLOW_ANALYTICS,VIEW_LIST_ANALYTICS,VIEW_TOP_LEVEL_WORKFLOWS,ADD_COLLABORATOR_TO_ANY_WORKFLOW,UNPUBLISH_ANY_WORKFLOW,CREATE_WORKFLOWS,CREATE_CANVAS_TEMPLATES,PUBLISH_CANVAS_ORG_TEMPLATES,MANAGE_SALES_HOME,MANAGE_SALES_HOME_DATA_SOURCE,ADD_CUSTOM_EMOJI,DELETE_CUSTOM_EMOJI,EDIT_SLACKBOT_RESPONSES,UPDATE_NAME,UPDATE_DISPLAY_NAME,EDIT_PROFILE_PHOTO,ACCEPT_SLACK_CONNECT_INVITES,MANAGE_SLACK_CONNECT,CREATE_SLACK_CONNECT_DM,VIEW_APP_REQUESTS,MANAGE_AAA_AUTOMATION_RULES,MANAGE_SCOPE_RATINGS,VIEW_INSTALLED_APPS,MANAGE_ORG_LEVEL_APP_APPROVAL,VIEW_APPROVED_APPS,VIEW_RESTRICTED_APPS,ADD_ORG_APPS_TO_WORKSPACES,REMOVE_ORG_APPS_FROM_WORKSPACES,VIEW_DEPRECATIONS,MANAGE_WORKFLOW_CONNECTORS,MANAGE_WORKFLOW_TRIGGERS,CREATE_SOLUTION_TEMPLATE,PUBLISH_SOLUTION_TEMPLATE,MANAGE_SOLUTION_TEMPLATE,CREATE_LIST_TEMPLATE,CREATE_USER_GROUPS,EDIT_USER_GROUPS,DELETE_USER_GROUPS,ACCESS_SLACK_AI_CHANNEL_THREAD_SUMMARIES,ACCESS_SLACK_AI_ACTION_ITEMS,ACCESS_SLACK_AI_DETAILED_FEEDBACK,ACCESS_SLACK_AI_FILE_SUMMARIES,ACCESS_SLACK_AI_HUDDLE_SUMMARIES,ACCESS_SLACK_AI_RECAP,ACCESS_SLACK_AI_SEARCH,ACCESS_SLACK_AI_STEPS_IN_WORKFLOW,ACCESS_SLACK_AI_TRANSLATIONS,ACCESS_SLACK_AI_WORKFLOW_BUILDER,ACCESS_SLACK_AI_RECORD_CHANNEL_DIGEST,ACCESS_SLACK_AI_DEVELOPMENT,ACCESS_SLACK_AI_EXPLAIN,ACCESS_SLACK_AI_CANVAS,ACCESS_SLACK_AI_SLACKBOT,ACCESS_SLACK_AI_FILTERS,ACCESS_SLACK_AI_SALESFORCE_CSV_MAPPER,ACCESS_SLACK_AI_SUGGESTED_SECTIONS,ACCESS_ENTERPRISE_SEARCH,CAN_MANAGE_XWS_CHANNELS (1) 
[02/04/26, 00:58:56:569] info: [API-Q] (T08KF7TD5AN) 2daffbe9-1770134330.768 users.customStatus.list is RESOLVED 
[02/04/26, 00:58:56:569] info: [API-Q] (T08KF7TD5AN) 2daffbe9-1770134330.768 client.counts is ACTIVE 
[02/04/26, 00:58:56:875] info: [API-Q] (T08KF7TD5AN) 2daffbe9-1770134330.768 client.counts is RESOLVED 
[02/04/26, 00:58:56:875] info: [API-Q] (T08KF7TD5AN) 2daffbe9-1770134330.769 sfdc.integration.listOrgs is ACTIVE 
[02/04/26, 00:58:56:877] info: [COUNTS] (T08KF7TD5AN) Applying counts to channels. wasLastConnectFast: false isConnected: true applying: 13 out of total: 13 
[02/04/26, 00:58:56:879] info: [COUNTS] (T08KF7TD5AN) Threads has_unreads:false mention_count:0 
[02/04/26, 00:58:56:880] info: [COUNTS] (T08KF7TD5AN) Completed counts processing 
[02/04/26, 00:58:57:182] info: [API-Q] (T08KF7TD5AN) 2daffbe9-1770134330.769 sfdc.integration.listOrgs is RESOLVED 
[02/04/26, 00:58:57:182] info: [API-Q] (T08KF7TD5AN) 2daffbe9-1770134333.996 workflows.triggers.list is ACTIVE 
[02/04/26, 00:58:57:488] info: [API-Q] (T08KF7TD5AN) 2daffbe9-1770134333.996 workflows.triggers.list is RESOLVED 
[02/04/26, 00:59:54:418] info: [API-Q] (T06AU05DL0L) 2daffbe9-1770134394.417 client.counts called with reason: pollClientCountsAfterTimeout 
[02/04/26, 00:59:54:418] info: [API-Q] (T06AU05DL0L) 2daffbe9-1770134394.417 client.counts is ENQUEUED 
[02/04/26, 00:59:54:418] info: [API-Q] (T06AU05DL0L) 2daffbe9-1770134394.417 client.counts is ACTIVE 
[02/04/26, 00:59:54:837] info: [API-Q] (T06AU05DL0L) 2daffbe9-1770134394.417 client.counts is RESOLVED 
[02/04/26, 00:59:54:839] info: [COUNTS] (T06AU05DL0L) Applying counts to channels. wasLastConnectFast: false isConnected: true applying: 28 out of total: 28 
[02/04/26, 00:59:54:840] info: [COUNTS] (T06AU05DL0L) Threads has_unreads:false mention_count:0 
[02/04/26, 00:59:54:840] info: [COUNTS] (T06AU05DL0L) Completed counts processing 
[02/04/26, 01:00:03:288] info: [API-Q] (T08KF7TD5AN) 2daffbe9-1770134403.287 client.counts called with reason: pollClientCountsAfterTimeout 
[02/04/26, 01:00:03:288] info: [API-Q] (T08KF7TD5AN) 2daffbe9-1770134403.287 client.counts is ENQUEUED 
[02/04/26, 01:00:03:288] info: [API-Q] (T08KF7TD5AN) 2daffbe9-1770134403.287 client.counts is ACTIVE 
[02/04/26, 01:00:03:746] info: [API-Q] (T08KF7TD5AN) 2daffbe9-1770134403.287 client.counts is RESOLVED 
[02/04/26, 01:00:03:747] info: [COUNTS] (T08KF7TD5AN) Applying counts to channels. wasLastConnectFast: false isConnected: true applying: 13 out of total: 13 
[02/04/26, 01:00:03:748] info: [COUNTS] (T08KF7TD5AN) Threads has_unreads:false mention_count:0 
[02/04/26, 01:00:03:749] info: [COUNTS] (T08KF7TD5AN) Completed counts processing 
[02/04/26, 01:00:36:391] info: [API-Q] (T06AU05DL0L) 2daffbe9-1770134436.390 conversations.suggestions called with reason: trigger-channel-suggestions 
[02/04/26, 01:00:36:391] info: [API-Q] (T06AU05DL0L) 2daffbe9-1770134436.390 conversations.suggestions is ENQUEUED 
[02/04/26, 01:00:36:392] info: [API-Q] (T06AU05DL0L) 2daffbe9-1770134436.390 conversations.suggestions is ACTIVE 
[02/04/26, 01:00:36:822] info: [API-Q] (T06AU05DL0L) 2daffbe9-1770134436.390 conversations.suggestions is RESOLVED 
[02/04/26, 01:00:50:004] info: [CHECK-FOR-OLD-CHANNEL] (T06AU05DL0L) Start cleaning up DMs/MPDMs — starting with 11 entries. 
[02/04/26, 01:00:50:005] info: [CHECK-FOR-OLD-CHANNEL] (T06AU05DL0L) Eligible DMs/MPDMs for cleanup — [external DMs]:0, [internal DMs]: 11, [app DMs]: 0 
[02/04/26, 01:00:50:005] info: [CHECK-FOR-OLD-CHANNEL] (T06AU05DL0L) Identified 0 DMs/MPDMs of externalDMs type for closure 
[02/04/26, 01:00:50:005] info: [CHECK-FOR-OLD-CHANNEL] (T06AU05DL0L) Not eligible D07MBHNNPGE: Slackbot 
[02/04/26, 01:00:50:005] info: [CHECK-FOR-OLD-CHANNEL] (T06AU05DL0L) Not eligible D07MJ421FB5: Not idle 
[02/04/26, 01:00:50:005] info: [CHECK-FOR-OLD-CHANNEL] (T06AU05DL0L) Not eligible D07MJ6RJF98: Self DM 
[02/04/26, 01:00:50:005] info: [CHECK-FOR-OLD-CHANNEL] (T06AU05DL0L) Identified 0 DMs/MPDMs of internalDMs type for closure 
[02/04/26, 01:00:50:005] info: [CHECK-FOR-OLD-CHANNEL] (T06AU05DL0L) Identified 0 DMs/MPDMs of appDMs type for closure 
[02/04/26, 01:00:50:770] info: [CHECK-FOR-OLD-CHANNEL] (T08KF7TD5AN) Start cleaning up DMs/MPDMs — starting with 6 entries. 
[02/04/26, 01:00:50:770] info: [CHECK-FOR-OLD-CHANNEL] (T08KF7TD5AN) Eligible DMs/MPDMs for cleanup — [external DMs]:0, [internal DMs]: 6, [app DMs]: 0 
[02/04/26, 01:00:50:771] info: [CHECK-FOR-OLD-CHANNEL] (T08KF7TD5AN) Identified 0 DMs/MPDMs of externalDMs type for closure 
[02/04/26, 01:00:50:771] info: [CHECK-FOR-OLD-CHANNEL] (T08KF7TD5AN) Not eligible D08KAB9CCVB: Not idle 
[02/04/26, 01:00:50:771] info: [CHECK-FOR-OLD-CHANNEL] (T08KF7TD5AN) Not eligible D08KG48JDNG: Slackbot 
[02/04/26, 01:00:50:771] info: [CHECK-FOR-OLD-CHANNEL] (T08KF7TD5AN) Not eligible D08KG48KFLL: Self DM 
[02/04/26, 01:00:50:771] info: [CHECK-FOR-OLD-CHANNEL] (T08KF7TD5AN) Not eligible D08KG4AU4J0: Not idle 
[02/04/26, 01:00:50:771] info: [CHECK-FOR-OLD-CHANNEL] (T08KF7TD5AN) Identified 0 DMs/MPDMs of internalDMs type for closure 
[02/04/26, 01:00:50:771] info: [CHECK-FOR-OLD-CHANNEL] (T08KF7TD5AN) Identified 0 DMs/MPDMs of appDMs type for closure 
[02/04/26, 01:00:50:771] info: [API-Q] (T08KF7TD5AN) 2daffbe9-1770134450.770 users.channelSections.list called with reason: conditional-fetch-manager 
[02/04/26, 01:00:50:771] info: [API-Q] (T08KF7TD5AN) 2daffbe9-1770134450.770 users.channelSections.list is ENQUEUED 
[02/04/26, 01:00:50:771] info: [API-Q] (T08KF7TD5AN) 2daffbe9-1770134450.770 users.channelSections.list is ACTIVE 
[02/04/26, 01:00:50:772] info: [API-Q] (T08KF7TD5AN) noversion-1770134450.771 Flannel users/info called with reason: flannel-call:users/info 
[02/04/26, 01:00:50:772] info: [API-Q] (T08KF7TD5AN) noversion-1770134450.771 Flannel users/info is ENQUEUED 
[02/04/26, 01:00:51:159] info: [API-Q] (T08KF7TD5AN) 2daffbe9-1770134450.770 users.channelSections.list is RESOLVED 
[02/04/26, 01:00:51:159] info: [API-Q] (T08KF7TD5AN) noversion-1770134450.771 Flannel users/info is ACTIVE 
[02/04/26, 01:00:51:360] info: [API-Q] (T08KF7TD5AN) noversion-1770134450.771 Flannel users/info is RESOLVED 
[02/04/26, 01:03:50:004] info: [SIDEBAR-NOISE-METRICS] (T06AU05DL0L) Logging sidebar noise metrics 
[02/04/26, 01:03:50:004] info: [SIDEBAR-STATS] (T06AU05DL0L) Begin gathering sidebar stats 
[02/04/26, 01:03:50:008] info: [SIDEBAR-NOISE-METRICS] (T06AU05DL0L) Clogging new data after the hour interval has passed 
[02/04/26, 01:03:50:770] info: [SIDEBAR-NOISE-METRICS] (T08KF7TD5AN) Logging sidebar noise metrics 
[02/04/26, 01:03:50:770] info: [SIDEBAR-STATS] (T08KF7TD5AN) Begin gathering sidebar stats 
[02/04/26, 01:03:50:770] info: [SIDEBAR-NOISE-METRICS] (T08KF7TD5AN) Updated sidebar metrics for today 
[02/04/26, 01:03:50:771] info: [API-Q] (T08KF7TD5AN) noversion-1770134630.771 Flannel users/info called with reason: flannel-call:users/info 
[02/04/26, 01:03:50:771] info: [API-Q] (T08KF7TD5AN) noversion-1770134630.771 Flannel users/info is ENQUEUED 
[02/04/26, 01:03:50:771] info: [API-Q] (T08KF7TD5AN) noversion-1770134630.771 Flannel users/info is ACTIVE 
[02/04/26, 01:03:50:981] info: [API-Q] (T08KF7TD5AN) noversion-1770134630.771 Flannel users/info is RESOLVED 
[02/04/26, 01:03:50:984] info: [API-Q] (T06AU05DL0L) 2daffbe9-1770134630.983 team.info called with reason: conditional-fetching 
[02/04/26, 01:03:50:984] info: [API-Q] (T06AU05DL0L) 2daffbe9-1770134630.983 team.info is ENQUEUED 
[02/04/26, 01:03:50:984] info: [API-Q] (T06AU05DL0L) 2daffbe9-1770134630.983 team.info is ACTIVE 
[02/04/26, 01:03:51:387] info: [API-Q] (T06AU05DL0L) 2daffbe9-1770134630.983 team.info is RESOLVED 
[02/04/26, 01:08:50:316] info: [RTM-EVENT-METRICS] Metrics collection sampling has been reset. 
[02/04/26, 01:15:50:006] info: [CHECK-FOR-OLD-CHANNEL] (T06AU05DL0L) Start cleaning up DMs/MPDMs — starting with 11 entries. 
[02/04/26, 01:15:50:006] info: [CHECK-FOR-OLD-CHANNEL] (T06AU05DL0L) Eligible DMs/MPDMs for cleanup — [external DMs]:0, [internal DMs]: 11, [app DMs]: 0 
[02/04/26, 01:15:50:006] info: [CHECK-FOR-OLD-CHANNEL] (T06AU05DL0L) Identified 0 DMs/MPDMs of externalDMs type for closure 
[02/04/26, 01:15:50:006] info: [CHECK-FOR-OLD-CHANNEL] (T06AU05DL0L) Not eligible D07MBHNNPGE: Slackbot 
[02/04/26, 01:15:50:006] info: [CHECK-FOR-OLD-CHANNEL] (T06AU05DL0L) Not eligible D07MJ421FB5: Not idle 
[02/04/26, 01:15:50:006] info: [CHECK-FOR-OLD-CHANNEL] (T06AU05DL0L) Not eligible D07MJ6RJF98: Self DM 
[02/04/26, 01:15:50:006] info: [CHECK-FOR-OLD-CHANNEL] (T06AU05DL0L) Identified 0 DMs/MPDMs of internalDMs type for closure 
[02/04/26, 01:15:50:006] info: [CHECK-FOR-OLD-CHANNEL] (T06AU05DL0L) Identified 0 DMs/MPDMs of appDMs type for closure 
[02/04/26, 01:15:50:771] info: [CHECK-FOR-OLD-CHANNEL] (T08KF7TD5AN) Start cleaning up DMs/MPDMs — starting with 6 entries. 
[02/04/26, 01:15:50:771] info: [CHECK-FOR-OLD-CHANNEL] (T08KF7TD5AN) Eligible DMs/MPDMs for cleanup — [external DMs]:0, [internal DMs]: 6, [app DMs]: 0 
[02/04/26, 01:15:50:771] info: [CHECK-FOR-OLD-CHANNEL] (T08KF7TD5AN) Identified 0 DMs/MPDMs of externalDMs type for closure 
[02/04/26, 01:15:50:771] info: [CHECK-FOR-OLD-CHANNEL] (T08KF7TD5AN) Not eligible D08KAB9CCVB: Not idle 
[02/04/26, 01:15:50:771] info: [CHECK-FOR-OLD-CHANNEL] (T08KF7TD5AN) Not eligible D08KG48JDNG: Slackbot 
[02/04/26, 01:15:50:771] info: [CHECK-FOR-OLD-CHANNEL] (T08KF7TD5AN) Not eligible D08KG48KFLL: Self DM 
[02/04/26, 01:15:50:771] info: [CHECK-FOR-OLD-CHANNEL] (T08KF7TD5AN) Not eligible D08KG4AU4J0: Not idle 
[02/04/26, 01:15:50:772] info: [CHECK-FOR-OLD-CHANNEL] (T08KF7TD5AN) Identified 0 DMs/MPDMs of internalDMs type for closure 
[02/04/26, 01:15:50:772] info: [CHECK-FOR-OLD-CHANNEL] (T08KF7TD5AN) Identified 0 DMs/MPDMs of appDMs type for closure 
[02/04/26, 01:16:53:569] info: [FOCUS-EVENT] (T06AU05DL0L) Main window focused 
[02/04/26, 01:16:53:591] info: [CHECK-UNREADS] (T06AU05DL0L) Checking unreads after window became focused 
[02/04/26, 01:16:53:591] info: [CHECK-UNREADS] (T06AU05DL0L) Not marking D07MJ421FB5 because last_read >= latest && channel is read 
[02/04/26, 01:16:56:858] info: [FOCUS-EVENT] (T06AU05DL0L) Main window blurred 
[02/04/26, 01:16:56:879] info: [MESSAGE-LIST] (T06AU05DL0L) getScrollmark reason:with_serialization channelId:D07MJ421FB5 at end 
[02/04/26, 01:16:56:880] info: [PERSIST] (T06AU05DL0L) Persisting state to storage because the window is about to unload 
[02/04/26, 01:16:56:887] info: [MESSAGE-LIST] (T06AU05DL0L) getScrollmark reason:with_serialization channelId:D07MJ421FB5 at end 
[02/04/26, 01:16:56:888] info: [PERSIST] (T08KF7TD5AN) Persisting state to storage because the window is about to unload 
[02/04/26, 01:16:56:893] info: [VISIBILITY-STATE] (T06AU05DL0L) Main window visibility state changed: hidden 
[02/04/26, 01:16:56:941] info: [PERSIST] (T06AU05DL0L) Successfully persisted state 
[02/04/26, 01:16:56:950] info: [PERSIST] (T08KF7TD5AN) Successfully persisted state 
[02/04/26, 01:16:59:279] info: Store: QUIT_APP  
[02/04/26, 01:16:59:280] info: [DESKTOP-SIDE-EFFECT] Update from desktop for keys  ["app"] 
[02/04/26, 01:16:59:282] info: Store: DOWNLOADS_CLEANED_UP  
[02/04/26, 01:16:59:331] info: [WIN-RESTORE] Flushing current window restoration data and ignoring all future saves due to app quit 
[02/04/26, 01:16:59:332] warn: Couldn't complete metrics measurement for start mark 'session_lifespan' 
[02/04/26, 01:16:59:332] warn: Couldn't complete metrics measurement for start mark 'session_lifespan' 
[02/04/26, 01:16:59:332] warn: Couldn't complete metrics measurement for start mark 'session_lifespan' 
[02/04/26, 01:16:59:332] info: [RELOAD] Page is about to unload. This might not be a reload, it could be a window close or navigation 
[02/04/26, 01:16:59:332] info: [WINDOW-UNLOADING] (T06AU05DL0L) Main window unloading 
[02/04/26, 01:16:59:334] info: [WINDOW-UNLOADING] (T06AU05DL0L) workspace handling window unloading event 
[02/04/26, 01:16:59:334] info: [WINDOW-UNLOADING] (T08KF7TD5AN) workspace handling window unloading event 
[02/04/26, 01:16:59:337] info: Store: UPSERT_WEB_CONTENTS {
  "id": 1,
  "state": "page-closed"
} 
[02/16/26, 09:59:22:365] info: 
╔═════════════════════════════════════════════════════════╗
║      Slack 4.47.69, linux 6.18.9-zen1-2-zen on x64      ║
╚═════════════════════════════════════════════════════════╝ 
[02/16/26, 09:59:22:365] info: Configured logger via 
{
  "enableConsoleTransport": true,
  "identifierOverride": "webapp-console",
  "loggerInstanceCount": 3
}
[02/16/26, 09:59:22:365] info: Predefined values for process 
{
  "NODE_ENV": "production",
  "platform": "linux",
  "type": "browser",
  "timeZone": "Asia/Tokyo",
  "PACKAGE_MANIFEST.productName": "Slack",
  "PACKAGE_MANIFEST.version": "4.47.69",
  "PACKAGE_MANIFEST.commit": "72d60eb",
  "PACKAGE_MANIFEST.branch": "HEAD"
}
[02/16/26, 09:59:22:800] info: Starting Sentry (Preload) 
[02/16/26, 09:59:22:800] info: getSentryDSN: Setting sentry URL to slack.com 
[02/16/26, 09:59:22:807] info: [DESKTOP PRELOAD]	Creating desktop interface object 
[02/16/26, 09:59:22:808] info: [DESKTOP PRELOAD]	Exposing context bridge 
[02/16/26, 09:59:22:823] info: Store: WINDOW_CREATED {
  "type": "main",
  "webappType": "app",
  "id": 1,
  "frame": {
    "isHtmlFullScreen": false,
    "isCurrentlyAudible": false,
    "isFullScreen": false,
    "isMinimized": false,
    "isMaximized": false,
    "isVisible": false,
    "isFocused": false,
    "bounds": {
      "x": 0,
      "y": 0,
      "width": 1200,
      "height": 800
    },
    "hasVibrancy": false,
    "isAlwaysOnTop": false
  }
} 
[02/16/26, 09:59:22:834] info: Store: RECORD_PERFORMANCE_TIMING {
  "phase": 1,
  "interval": 111
} 
[02/16/26, 09:59:22:834] info: Store: SET_UPDATE_SUPPORTED false 
[02/16/26, 09:59:22:834] info: Store: UPSERT_WEB_CONTENTS {
  "id": 1,
  "state": "unloaded",
  "type": "app"
} 
[02/16/26, 09:59:22:834] info: Store: SET_HW_ACCEL_AVAILABILITY enabled 
[02/16/26, 09:59:22:834] info: Store: UPSERT_WEB_CONTENTS {
  "id": 1,
  "state": "loaded"
} 
[02/16/26, 09:59:22:835] info: Store: RECORD_PERFORMANCE_TIMING {
  "phase": 2,
  "interval": 629
} 
[02/16/26, 09:59:22:837] info: Store: MAIN_WINDOW_SHOWN  
[02/16/26, 09:59:22:837] info: Store: CLEAR_NOTIFICATIONS  
[02/16/26, 09:59:22:840] info: [WD] All assets have reported back; s: 0; f: 7 
[02/16/26, 09:59:22:840] warn: [WD] The following assets had issues loading: 
[02/16/26, 09:59:22:840] info: console.group 
[02/16/26, 09:59:22:840] warn: https://a.slack-edge.com/bv1-13-br/slack-kit-gantry-v2-styles.10a607fc81b3fd903eae.min.css?cacheKey=gantry-1770128854: Failed to load from CDN 
[02/16/26, 09:59:22:840] warn: https://a.slack-edge.com/bv1-13-br/client-boot-styles.2dc98a53368831cad683.min.css?cacheKey=gantry-1770128854: Failed to load from CDN 
[02/16/26, 09:59:22:840] warn: https://a.slack-edge.com/bv1-13-br/helper-gantry-v2-styles.dfb31eb5269b4366e7ec.min.css?cacheKey=gantry-1770128854: Failed to load from CDN 
[02/16/26, 09:59:22:840] warn: https://a.slack-edge.com/bv1-13-br/gantry-v2-vendors.1e00e10276fbb6965f5b.min.js?cacheKey=gantry-1770128854: Failed to load from CDN 
[02/16/26, 09:59:22:840] warn: https://a.slack-edge.com/bv1-13-br/gantry-v2-vendors-client.2295bd08eafa5a0ababe.min.js?cacheKey=gantry-1770128854: Failed to load from CDN 
[02/16/26, 09:59:22:840] warn: https://a.slack-edge.com/bv1-13-br/gantry-v2-shared.2325283f7ebc1ce1e539.min.js?cacheKey=gantry-1770128854: Failed to load from CDN 
[02/16/26, 09:59:22:840] warn: https://a.slack-edge.com/bv1-13-br/client-boot.507c3641c5a82d136ea4.min.js?cacheKey=gantry-1770128854: Failed to load from CDN 
[02/16/26, 09:59:22:840] info: console.groupEnd 
[02/16/26, 09:59:22:840] warn: [WD] [RELOAD] Need to reload, but not online; won't try reloading 
[02/16/26, 09:59:22:911] info: Store: UPSERT_WEB_CONTENTS {
  "id": 1,
  "type": "app",
  "history": "[REDACTED]"
} 
[02/16/26, 09:59:23:304] error: Breadcrumb: fetch: undefined {
  "method": "GET",
  "url": "[REDACTED]"
} 
[02/16/26, 09:59:23:307] info: [DESKTOP PRELOAD]	NetworkStatus: Network check failed {
  "error": "Failed to fetch"
} 
[02/16/26, 09:59:23:307] info: [DESKTOP PRELOAD]	Network status check {
  "elapsed_time_ms": 7,
  "navigator_online": false,
  "api_test": "offline"
} 
[02/16/26, 09:59:23:310] info: Store: SET_NETWORK_STATUS offline 
[02/16/26, 09:59:23:841] info: Store: UPDATE_SETTINGS {
  "mainWindowSettings": {
    "fullScreen": false,
    "maximized": false,
    "bounds": {
      "x": 0,
      "y": 0,
      "width": 668,
      "height": 748
    }
  }
} 
[02/16/26, 10:00:04:926] info: Store: UPSERT_WEB_CONTENTS {
  "id": 1,
  "history": "[REDACTED]"
} 
[02/16/26, 10:00:05:840] info: Starting Sentry (Preload) 
[02/16/26, 10:00:05:841] info: getSentryDSN: Setting sentry URL to slack.com 
[02/16/26, 10:00:05:842] info: [DESKTOP PRELOAD]	Creating desktop interface object 
[02/16/26, 10:00:05:844] info: [DESKTOP PRELOAD]	Exposing context bridge 
[02/16/26, 10:00:06:062] info: Store: UPSERT_WEB_CONTENTS {
  "id": 1,
  "state": "loaded"
} 
[02/16/26, 10:00:06:750] info: Breadcrumb: fetch: undefined {
  "method": "GET",
  "url": "[REDACTED]",
  "status_code": 200
} 
[02/16/26, 10:00:06:757] info: [DESKTOP PRELOAD]	Network status check {
  "elapsed_time_ms": 415,
  "navigator_online": true,
  "api_test": "online"
} 
[02/16/26, 10:00:06:760] info: Store: SET_NETWORK_STATUS online 
[02/16/26, 10:00:07:117] info: [METRICS] Starting timers for metrics collection 
[02/16/26, 10:00:07:429] info: [APP] client-v2 
[02/16/26, 10:00:07:429] info: [DATE/TIME] 1771203607429 "2026-02-16T01:00:07.429Z" 
[02/16/26, 10:00:07:429] info: [VERSION] version_hash: ca3841b7cf0f391005d0e99703420f93cb6530c8 
[02/16/26, 10:00:07:429] info: [VERSION] version_ts: 1771118251 
[02/16/26, 10:00:07:429] info: [VERSION] min_version_data_ts: 1722374725 
[02/16/26, 10:00:07:429] info: [URL] https://app.slack.com/client/T06AU05DL0L 
[02/16/26, 10:00:07:430] info: [AUTH] authCookieChanged: started listening to the event 
[02/16/26, 10:00:07:430] warn: [AUTH] lc cookie (NaN) is missing 
[02/16/26, 10:00:07:430] info: [AUTH] Credentials are fresh (psc=1769963618, csc=NaN) 
[02/16/26, 10:00:07:430] info: [LOCAL-CONFIG] ingestIncomingConfig(): no incoming payload to process; current teams: T06AU05DL0L:U07N70LR48G,T08KF7TD5AN:U08KG48A77W 
[02/16/26, 10:00:07:430] info: [BOOT] Initial user team ID: T06AU05DL0L 
[02/16/26, 10:00:07:431] info: [BOOT] (T06AU05DL0L) Minimum supported data version is 1722374725; currently on 1769946127 
[02/16/26, 10:00:07:431] info: [PERSIST] (T06AU05DL0L) Getting state from IndexedDB 
[02/16/26, 10:00:07:433] info: [TRACER] Tracing is not sampled by default for this team. 
[02/16/26, 10:00:07:451] info: [TRACER] Tracing is not sampled by default for this session. 
[02/16/26, 10:00:07:453] info: [BOOT-QUEUE] T06AU05DL0L noversion-1771203607.452 features.access.policies.list called 
[02/16/26, 10:00:07:453] info: [BOOT-QUEUE] T06AU05DL0L noversion-1771203607.452 features.access.policies.list is ENQUEUED 
[02/16/26, 10:00:07:454] info: [BOOT-QUEUE] T06AU05DL0L noversion-1771203607.454 experiments.getByUser called 
[02/16/26, 10:00:07:454] info: [BOOT-QUEUE] T06AU05DL0L noversion-1771203607.454 experiments.getByUser is ENQUEUED 
[02/16/26, 10:00:07:454] info: [BOOT-QUEUE] T06AU05DL0L noversion-1771203607.454 api.features called 
[02/16/26, 10:00:07:454] info: [BOOT-QUEUE] T06AU05DL0L noversion-1771203607.454 api.features is ENQUEUED 
[02/16/26, 10:00:07:455] info: [BOOT-QUEUE] T06AU05DL0L noversion-1771203607.455 client.shouldReload called with reason: boot 
[02/16/26, 10:00:07:455] info: [BOOT-QUEUE] T06AU05DL0L noversion-1771203607.455 client.shouldReload is ENQUEUED 
[02/16/26, 10:00:07:456] info: [BOOT] Couldn't determine boot channel. Falling back to default channel 
[02/16/26, 10:00:07:457] info: Store: UPDATE_SETTINGS {
  "userTheme": "dark"
} 
[02/16/26, 10:00:07:459] info: Store: UPDATE_SETTINGS {
  "systemThemeSyncEnabled": true
} 
[02/16/26, 10:00:07:460] info: Store: SELECTION_CHANGED T06AU05DL0L 
[02/16/26, 10:00:07:460] info: [OBJECT-STORE-T06AU05D] openDB upgrading from version 284 to 287 
[02/16/26, 10:00:07:460] info: [OBJECT-STORE-T06AU05D] openDB adding stores [] 
[02/16/26, 10:00:07:460] info: [OBJECT-STORE-T06AU05D] openDB removing stores [] 
[02/16/26, 10:00:07:460] info: [OBJECT-STORE-T06AU05D] openDB clearing stores [] 
[02/16/26, 10:00:07:627] info: [PERSIST] (T06AU05DL0L) Successfully got state from IndexedDB 
[02/16/26, 10:00:07:668] info: [EMOJI_TRANSLATION] Emoji translations not needed for default locale, only adding keywords 
[02/16/26, 10:00:07:729] info: [BOOT-QUEUE] T06AU05DL0L noversion-1771203607.452 features.access.policies.list is ACTIVE 
[02/16/26, 10:00:07:730] info: [BOOT-QUEUE] T06AU05DL0L noversion-1771203607.454 experiments.getByUser is ACTIVE 
[02/16/26, 10:00:07:730] info: [BOOT-QUEUE] T06AU05DL0L noversion-1771203607.454 api.features is ACTIVE 
[02/16/26, 10:00:07:731] info: [BOOT-QUEUE] T06AU05DL0L noversion-1771203607.455 client.shouldReload is ACTIVE 
[02/16/26, 10:00:07:790] info: [BOOT-QUEUE] T06AU05DL0L noversion-1771203607.790 client.userBoot called with reason: initial-data 
[02/16/26, 10:00:07:791] info: [BOOT-QUEUE] T06AU05DL0L noversion-1771203607.790 client.userBoot is ENQUEUED 
[02/16/26, 10:00:07:791] info: [BOOT-QUEUE] T06AU05DL0L noversion-1771203607.790 client.userBoot is ACTIVE 
[02/16/26, 10:00:08:998] info: [BOOT] (T06AU05DL0L) Booting with empty store 
[02/16/26, 10:00:09:002] info: [BOOT] (T06AU05DL0L) Configuring redux store 
[02/16/26, 10:00:09:011] info: [DESKTOP-MIDDLEWARE] (T06AU05DL0L) Forwarding redux payload to desktop ["theme","notificationPrefs","connectivityPrefs","featureFlags","unreads","locale","version","frontendBuildType","userId"] 
[02/16/26, 10:00:09:019] info: [WD] All assets have reported back; s: 15; f: 0 
[02/16/26, 10:00:09:020] info: [HANDLE_START_ERROR] (T06AU05DL0L) Handling start error 'invalid_auth' 
[02/16/26, 10:00:09:020] info: [INVALID-AUTH] (T06AU05DL0L) updateToken threw an error, time to refetch credentials instead! {"error":"Socket Manager action dispatched for a team without an instance; dispatch a `start` action first"} 
[02/16/26, 10:00:09:020] info: [INVALID-AUTH] (T06AU05DL0L) Refetching credentials due to invalid_auth error, stay tuned... 
[02/16/26, 10:00:09:020] info: [AUTH] fetchAuthAndReturnToUrl: auth fetch times: 1771203609015 
[02/16/26, 10:00:09:020] info: [AUTH] fetchAuthAndReturnToUrl: will return to /client/T06AU05DL0L 
[02/16/26, 10:00:09:020] info: [AUTH] fetchAuthAndReturnToUrl: fetching credentials with iframe at /auth?app=client&lc=1769963618&return_to=%2Fclient%2FT06AU05DL0L&teams=T06AU05DL0L%2CT08KF7TD5AN 
[02/16/26, 10:00:09:021] warn: TRACES You tried to get a team-specific tracer but didn’t provide enough context and are getting the generic tracer instead which is likely not what you want. 
[02/16/26, 10:00:09:021] error: BOOT (T06AU05DL0L) {"error":"unable to fetch messages data invalid_auth: noversion-1771203607.455 conversations.view not ok: invalid_auth"} 
[02/16/26, 10:00:09:021] info: [BOOT-QUEUE] T06AU05DL0L noversion-1771203607.452 features.access.policies.list is REJECTED: API not ok invalid_auth 
[02/16/26, 10:00:09:022] info: [HANDLE_START_ERROR] (T06AU05DL0L) Handling start error 'invalid_auth' 
[02/16/26, 10:00:09:022] info: [INVALID-AUTH] (T06AU05DL0L) updateToken threw an error, time to refetch credentials instead! {"error":"Socket Manager action dispatched for a team without an instance; dispatch a `start` action first"} 
[02/16/26, 10:00:09:022] warn: TRACES You tried to get a team-specific tracer but didn’t provide enough context and are getting the generic tracer instead which is likely not what you want. 
[02/16/26, 10:00:09:022] warn: TRACER (T06AU05DL0L) (clientBootData) was forced closed and marked with the _flush=true tag. 
[02/16/26, 10:00:09:022] warn: TRACER (T06AU05DL0L) (experimentData) was forced closed and marked with the _flush=true tag. 
[02/16/26, 10:00:09:022] warn: TRACER (T06AU05DL0L) (featureFlagData) was forced closed and marked with the _flush=true tag. 
[02/16/26, 10:00:09:022] warn: TRACER (T06AU05DL0L) (shouldReloadData) was forced closed and marked with the _flush=true tag. 
[02/16/26, 10:00:09:022] info: [BOOT] (T06AU05DL0L) (T06AU05DL0L) Mounting client 
[02/16/26, 10:00:09:029] warn: TELEMETRY You tried to get a team-specific telemeter but didn’t provide enough context and are getting the generic telemeter instead which is likely not what you want. 
[02/16/26, 10:00:09:038] warn: TELEMETRY You tried to get a team-specific telemeter but didn’t provide enough context and are getting the generic telemeter instead which is likely not what you want. 
[02/16/26, 10:00:09:054] warn: TELEMETRY You tried to get a team-specific telemeter but didn’t provide enough context and are getting the generic telemeter instead which is likely not what you want. 
[02/16/26, 10:00:09:058] warn: TELEMETRY You tried to get a team-specific telemeter but didn’t provide enough context and are getting the generic telemeter instead which is likely not what you want. 
[02/16/26, 10:00:09:059] warn: TELEMETRY You tried to get a team-specific telemeter but didn’t provide enough context and are getting the generic telemeter instead which is likely not what you want. 
[02/16/26, 10:00:09:075] info: [COUNTS] (T06AU05DL0L) dmsBadgeCount: 0 
[02/16/26, 10:00:09:075] info: [COUNTS] (T06AU05DL0L) activityBadgeCount: 0 
[02/16/26, 10:00:09:090] info: [TODAY-NAVIGATOR] (T06AU05DL0L) Feature disabled {"experimentTodayAutoNavigateGroupOn":false,"isTodayActive":true} 
[02/16/26, 10:00:09:093] info: [BOOT] (T08KF7TD5AN) Minimum supported data version is 1722374725; currently on 1769946127 
[02/16/26, 10:00:09:093] info: [PERSIST] (T08KF7TD5AN) Getting state from IndexedDB 
[02/16/26, 10:00:09:093] info: [TRACER] Tracing is not sampled by default for this team. 
[02/16/26, 10:00:09:093] info: [BOOT-QUEUE] T08KF7TD5AN noversion-1771203609.086 features.access.policies.list called 
[02/16/26, 10:00:09:093] info: [BOOT-QUEUE] T08KF7TD5AN noversion-1771203609.086 features.access.policies.list is ENQUEUED 
[02/16/26, 10:00:09:093] info: [BOOT-QUEUE] T08KF7TD5AN noversion-1771203609.086 experiments.getByUser called 
[02/16/26, 10:00:09:093] info: [BOOT-QUEUE] T08KF7TD5AN noversion-1771203609.086 experiments.getByUser is ENQUEUED 
[02/16/26, 10:00:09:094] info: [BOOT-QUEUE] T08KF7TD5AN noversion-1771203609.087 api.features called 
[02/16/26, 10:00:09:094] info: [BOOT-QUEUE] T08KF7TD5AN noversion-1771203609.087 api.features is ENQUEUED 
[02/16/26, 10:00:09:094] info: [BOOT] Couldn't determine boot channel. Falling back to default channel 
[02/16/26, 10:00:09:094] info: [BOOT-QUEUE] T08KF7TD5AN noversion-1771203609.086 features.access.policies.list is ACTIVE 
[02/16/26, 10:00:09:094] info: [BOOT-QUEUE] T08KF7TD5AN noversion-1771203609.086 experiments.getByUser is ACTIVE 
[02/16/26, 10:00:09:094] info: [BOOT-QUEUE] T08KF7TD5AN noversion-1771203609.087 api.features is ACTIVE 
[02/16/26, 10:00:09:094] info: [MIN-VERSION] No need to reload 
[02/16/26, 10:00:09:094] info: [BOOT-QUEUE] T06AU05DL0L noversion-1771203607.455 client.shouldReload is REJECTED: API not ok invalid_auth 
[02/16/26, 10:00:09:094] info: [HANDLE_START_ERROR] (T06AU05DL0L) Handling start error 'invalid_auth' 
[02/16/26, 10:00:09:095] info: [INVALID-AUTH] (T06AU05DL0L) updateToken threw an error, time to refetch credentials instead! {"error":"Socket Manager action dispatched for a team without an instance; dispatch a `start` action first"} 
[02/16/26, 10:00:09:095] warn: TRACES You tried to get a team-specific tracer but didn’t provide enough context and are getting the generic tracer instead which is likely not what you want. 
[02/16/26, 10:00:09:095] info: [BOOT-QUEUE] T06AU05DL0L noversion-1771203607.454 api.features is REJECTED: API not ok invalid_auth 
[02/16/26, 10:00:09:097] info: [HANDLE_START_ERROR] (T06AU05DL0L) Handling start error 'invalid_auth' 
[02/16/26, 10:00:09:097] info: [INVALID-AUTH] (T06AU05DL0L) updateToken threw an error, time to refetch credentials instead! {"error":"Socket Manager action dispatched for a team without an instance; dispatch a `start` action first"} 
[02/16/26, 10:00:09:097] warn: TRACES You tried to get a team-specific tracer but didn’t provide enough context and are getting the generic tracer instead which is likely not what you want. 
[02/16/26, 10:00:09:097] info: [BOOT-QUEUE] T06AU05DL0L noversion-1771203607.454 experiments.getByUser is REJECTED: API not ok invalid_auth 
[02/16/26, 10:00:09:097] info: [HANDLE_START_ERROR] (T06AU05DL0L) Handling start error 'invalid_auth' 
[02/16/26, 10:00:09:097] info: [INVALID-AUTH] (T06AU05DL0L) updateToken threw an error, time to refetch credentials instead! {"error":"Socket Manager action dispatched for a team without an instance; dispatch a `start` action first"} 
[02/16/26, 10:00:09:098] warn: TRACES You tried to get a team-specific tracer but didn’t provide enough context and are getting the generic tracer instead which is likely not what you want. 
[02/16/26, 10:00:09:098] info: [BOOT-QUEUE] T06AU05DL0L noversion-1771203607.790 client.userBoot is REJECTED: API not ok invalid_auth 
[02/16/26, 10:00:09:098] info: [HANDLE_START_ERROR] (T06AU05DL0L) Handling start error 'invalid_auth' 
[02/16/26, 10:00:09:098] info: [INVALID-AUTH] (T06AU05DL0L) updateToken threw an error, time to refetch credentials instead! {"error":"Socket Manager action dispatched for a team without an instance; dispatch a `start` action first"} 
[02/16/26, 10:00:09:098] warn: TRACES You tried to get a team-specific tracer but didn’t provide enough context and are getting the generic tracer instead which is likely not what you want. 
[02/16/26, 10:00:09:098] info: Store: REDUX_UPDATE_FROM_WEBAPP (T06AU05DL0L) Changed keys [theme,notificationPrefs,connectivityPrefs,featureFlags,unreads,locale,version,frontendBuildType,userId] 
[02/16/26, 10:00:09:105] warn: TELEMETRY You tried to get a team-specific telemeter but didn’t provide enough context and are getting the generic telemeter instead which is likely not what you want. 
[02/16/26, 10:00:09:105] info: [UFM-TEAMS] (T06AU05DL0L) requesting T06AU05DL0L (1) 
[02/16/26, 10:00:09:106] warn: TRACES You tried to get a team-specific tracer but didn’t provide enough context and are getting the generic tracer instead which is likely not what you want. 
[02/16/26, 10:00:09:106] warn: TRACES You tried to get a team-specific tracer but didn’t provide enough context and are getting the generic tracer instead which is likely not what you want. 
[02/16/26, 10:00:09:106] info: [API-Q] (T06AU05DL0L) noversion-1771203609.105 team.info called with reason: UnknownFetchManager 
[02/16/26, 10:00:09:106] info: [API-Q] (T06AU05DL0L) noversion-1771203609.105 team.info is ENQUEUED 
[02/16/26, 10:00:09:106] info: [API-Q] (T06AU05DL0L) noversion-1771203609.105 team.info is ACTIVE 
[02/16/26, 10:00:09:106] warn: TELEMETRY You tried to get a team-specific telemeter but didn’t provide enough context and are getting the generic telemeter instead which is likely not what you want. 
[02/16/26, 10:00:09:107] info: [UFM-PERMISSIONS] (T06AU05DL0L) requesting CREATE_PUBLIC_CHANNEL,CREATE_PRIVATE_CHANNEL,ACCESS_SLACK_AI_SEARCH,ADD_FULL_USER_TO_WORKSPACE,ACCESS_SLACK_AI_RECAP,ACCESS_SLACK_AI_CHANNEL_THREAD_SUMMARIES,ACCESS_SLACK_AI_FILE_SUMMARIES,VIEW_TOP_LEVEL_WORKFLOWS,ADD_GUEST_USER_TO_WORKSPACE,REMOVE_GUEST_USER_FROM_WORKSPACE,REMOVE_FULL_USER_FROM_WORKSPACE,CONVERT_TO_GUEST,CONVERT_TO_MEMBER,READ_LEGAL_HOLDS,WRITE_LEGAL_HOLDS (1) 
[02/16/26, 10:00:09:107] warn: TRACES You tried to get a team-specific tracer but didn’t provide enough context and are getting the generic tracer instead which is likely not what you want. 
[02/16/26, 10:00:09:107] warn: TRACES You tried to get a team-specific tracer but didn’t provide enough context and are getting the generic tracer instead which is likely not what you want. 
[02/16/26, 10:00:09:107] info: [API-Q] (T06AU05DL0L) noversion-1771203609.107 api.getFlannelHttpUrl called with reason: client-needs-valid-flannel-url 
[02/16/26, 10:00:09:108] info: [API-Q] (T06AU05DL0L) noversion-1771203609.107 api.getFlannelHttpUrl is ENQUEUED 
[02/16/26, 10:00:09:108] warn: TRACES You tried to get a team-specific tracer but didn’t provide enough context and are getting the generic tracer instead which is likely not what you want. 
[02/16/26, 10:00:09:108] warn: TRACES You tried to get a team-specific tracer but didn’t provide enough context and are getting the generic tracer instead which is likely not what you want. 
[02/16/26, 10:00:09:109] info: [API-Q] (T06AU05DL0L) noversion-1771203609.108 slackAi.permissions.getForUser called with reason: fetch-slack-ai-permissions 
[02/16/26, 10:00:09:109] info: [API-Q] (T06AU05DL0L) noversion-1771203609.108 slackAi.permissions.getForUser is ENQUEUED 
[02/16/26, 10:00:09:109] info: [API-Q] (T06AU05DL0L) noversion-1771203609.107 api.getFlannelHttpUrl is ACTIVE 
[02/16/26, 10:00:09:109] info: [API-Q] (T06AU05DL0L) noversion-1771203609.108 slackAi.permissions.getForUser is ACTIVE 
[02/16/26, 10:00:09:121] warn: TELEMETRY You tried to get a team-specific telemeter but didn’t provide enough context and are getting the generic telemeter instead which is likely not what you want. 
[02/16/26, 10:00:09:121] warn: TELEMETRY You tried to get a team-specific telemeter but didn’t provide enough context and are getting the generic telemeter instead which is likely not what you want. 
[02/16/26, 10:00:09:145] info: Store: EXTEND_MENU global: menucategory-file,menucategory-view,menucategory-jump-to 
[02/16/26, 10:00:09:146] info: Store: EXTEND_MENU T06AU05DL0L: menucategory-file,menucategory-view,menucategory-edit,menucategory-help,menucategory-history 
[02/16/26, 10:00:09:147] info: Store: UPDATE_SETTINGS {
  "zoomLevel": 0
} 
[02/16/26, 10:00:09:156] info: [OBJECT-STORE-T08KF7TD] openDB upgrading from version 284 to 287 
[02/16/26, 10:00:09:156] info: [OBJECT-STORE-T08KF7TD] openDB adding stores [] 
[02/16/26, 10:00:09:157] info: [OBJECT-STORE-T08KF7TD] openDB removing stores [] 
[02/16/26, 10:00:09:157] info: [OBJECT-STORE-T08KF7TD] openDB clearing stores [] 
[02/16/26, 10:00:09:270] info: [PERSIST] (T08KF7TD5AN) Successfully got state from IndexedDB 
[02/16/26, 10:00:09:271] info: [BOOT-QUEUE] T08KF7TD5AN noversion-1771203609.270 client.userBoot called with reason: initial-data 
[02/16/26, 10:00:09:272] info: [BOOT-QUEUE] T08KF7TD5AN noversion-1771203609.270 client.userBoot is ENQUEUED 
[02/16/26, 10:00:09:272] info: [BOOT] (T08KF7TD5AN) Booting with empty store 
[02/16/26, 10:00:09:273] info: [BOOT-QUEUE] T08KF7TD5AN noversion-1771203609.270 client.userBoot is ACTIVE 
[02/16/26, 10:00:09:276] info: [BOOT] (T08KF7TD5AN) Configuring redux store 
[02/16/26, 10:00:09:284] info: [DESKTOP-MIDDLEWARE] (T08KF7TD5AN) Forwarding redux payload to desktop ["theme","notificationPrefs","connectivityPrefs","featureFlags","unreads","locale","version","frontendBuildType","userId"] 
[02/16/26, 10:00:09:297] info: Store: REDUX_UPDATE_FROM_WEBAPP (T08KF7TD5AN) Changed keys [theme,notificationPrefs,connectivityPrefs,featureFlags,unreads,locale,version,frontendBuildType,userId] 
[02/16/26, 10:00:09:372] info: [AUTH] credentials are ready 
[02/16/26, 10:00:09:377] info: [AUTH] credentials are ready ({"added":[],"changed":[],"removed":["T06AU05DL0L","T08KF7TD5AN"],"pending":[],"isNoOp":false,"areChangedTeamsIncompatible":true}) 
[02/16/26, 10:00:09:377] info: [AUTH] credentials are ready; reloading to /client/T06AU05DL0L 
[02/16/26, 10:00:09:378] warn: Couldn't complete metrics measurement for start mark 'session_lifespan' 
[02/16/26, 10:00:09:380] info: [WINDOW-UNLOADING] (T06AU05DL0L) Main window unloading 
[02/16/26, 10:00:09:396] info: Store: UPSERT_WEB_CONTENTS {
  "id": 1,
  "history": "[REDACTED]"
} 
[02/16/26, 10:00:09:397] info: [AUTH] authCookieChanged: event occurred 
[02/16/26, 10:00:09:398] info: [AUTH] authCookieChanged 0: event happened, re-starting listening to the event, isFetchingAuth=true 
[02/16/26, 10:00:09:453] info: [API-Q] (T06AU05DL0L) noversion-1771203609.108 slackAi.permissions.getForUser is REJECTED: API not ok invalid_auth 
[02/16/26, 10:00:09:454] info: [HANDLE_START_ERROR] (T06AU05DL0L) Handling start error 'invalid_auth' 
[02/16/26, 10:00:09:454] info: [INVALID-AUTH] (T06AU05DL0L) updateToken threw an error, time to refetch credentials instead! {"error":"Socket Manager action dispatched for a team without an instance; dispatch a `start` action first"} 
[02/16/26, 10:00:09:454] warn: TRACES You tried to get a team-specific tracer but didn’t provide enough context and are getting the generic tracer instead which is likely not what you want. 
[02/16/26, 10:00:09:455] error: (T06AU05DL0L) API call to slackAi.permissions.getForUser
						with reason fetch-slack-ai-permissions failed, initiated by generated fetcher 
[02/16/26, 10:00:09:457] info: [API-Q] (T06AU05DL0L) noversion-1771203609.105 team.info is REJECTED: API not ok invalid_auth 
[02/16/26, 10:00:09:459] info: [HANDLE_START_ERROR] (T06AU05DL0L) Handling start error 'invalid_auth' 
[02/16/26, 10:00:09:459] info: [INVALID-AUTH] (T06AU05DL0L) updateToken threw an error, time to refetch credentials instead! {"error":"Socket Manager action dispatched for a team without an instance; dispatch a `start` action first"} 
[02/16/26, 10:00:09:459] warn: TRACES You tried to get a team-specific tracer but didn’t provide enough context and are getting the generic tracer instead which is likely not what you want. 
[02/16/26, 10:00:09:461] info: [UFM-TEAMS] (T06AU05DL0L) received T06AU05DL0L (1) 
[02/16/26, 10:00:09:461] warn: UFM-teams (T06AU05DL0L) UnknownFetchManager requested 1 objects but received 0. Missing objects: T06AU05DL0L 
[02/16/26, 10:00:09:473] warn: TELEMETRY You tried to get a team-specific telemeter but didn’t provide enough context and are getting the generic telemeter instead which is likely not what you want. 
[02/16/26, 10:00:09:483] warn: TELEMETRY You tried to get a team-specific telemeter but didn’t provide enough context and are getting the generic telemeter instead which is likely not what you want. 
[02/16/26, 10:00:09:483] warn: TELEMETRY You tried to get a team-specific telemeter but didn’t provide enough context and are getting the generic telemeter instead which is likely not what you want. 
[02/16/26, 10:00:09:486] warn: TELEMETRY You tried to get a team-specific telemeter but didn’t provide enough context and are getting the generic telemeter instead which is likely not what you want. 
[02/16/26, 10:00:09:497] info: [API-Q] (T06AU05DL0L) noversion-1771203609.107 api.getFlannelHttpUrl is REJECTED: API not ok invalid_auth 
[02/16/26, 10:00:09:498] info: [HANDLE_START_ERROR] (T06AU05DL0L) Handling start error 'invalid_auth' 
[02/16/26, 10:00:09:499] info: [INVALID-AUTH] (T06AU05DL0L) updateToken threw an error, time to refetch credentials instead! {"error":"Socket Manager action dispatched for a team without an instance; dispatch a `start` action first"} 
[02/16/26, 10:00:09:499] warn: TRACES You tried to get a team-specific tracer but didn’t provide enough context and are getting the generic tracer instead which is likely not what you want. 
[02/16/26, 10:00:09:501] info: [FLANNEL] (T06AU05DL0L) giving up on permissions/info call 
[02/16/26, 10:00:09:501] error: Error fetching permissions.info (T06AU05DL0L) invalid_auth 
[02/16/26, 10:00:09:503] error: Error fetching slackAi.permissions.getForUser (T06AU05DL0L) invalid_auth 
[02/16/26, 10:00:09:504] info: [UFM-PERMISSIONS] (T06AU05DL0L) received CREATE_PUBLIC_CHANNEL,CREATE_PRIVATE_CHANNEL,ACCESS_SLACK_AI_SEARCH,ADD_FULL_USER_TO_WORKSPACE,ACCESS_SLACK_AI_RECAP,ACCESS_SLACK_AI_CHANNEL_THREAD_SUMMARIES,ACCESS_SLACK_AI_FILE_SUMMARIES,VIEW_TOP_LEVEL_WORKFLOWS,ADD_GUEST_USER_TO_WORKSPACE,REMOVE_GUEST_USER_FROM_WORKSPACE,REMOVE_FULL_USER_FROM_WORKSPACE,CONVERT_TO_GUEST,CONVERT_TO_MEMBER,READ_LEGAL_HOLDS,WRITE_LEGAL_HOLDS (1) 
[02/16/26, 10:00:09:504] warn: UFM-permissions (T06AU05DL0L) UnknownFetchManager requested 15 objects but received 0. Missing objects: CREATE_PUBLIC_CHANNEL,CREATE_PRIVATE_CHANNEL,ACCESS_SLACK_AI_SEARCH,ADD_FULL_USER_TO_WORKSPACE,ACCESS_SLACK_AI_RECAP,ACCESS_SLACK_AI_CHANNEL_THREAD_SUMMARIES,ACCESS_SLACK_AI_FILE_SUMMARIES,VIEW_TOP_LEVEL_WORKFLOWS,ADD_GUEST_USER_TO_WORKSPACE,REMOVE_GUEST_USER_FROM_WORKSPACE,REMOVE_FULL_USER_FROM_WORKSPACE,CONVERT_TO_GUEST,CONVERT_TO_MEMBER,READ_LEGAL_HOLDS,WRITE_LEGAL_HOLDS 
[02/16/26, 10:00:09:509] info: [BOOT-QUEUE] T08KF7TD5AN noversion-1771203609.086 experiments.getByUser is REJECTED: API not ok invalid_auth 
[02/16/26, 10:00:09:510] info: [HANDLE_START_ERROR] (T08KF7TD5AN) Handling start error 'invalid_auth' 
[02/16/26, 10:00:09:511] info: [INVALID-AUTH] (T08KF7TD5AN) updateToken threw an error, time to refetch credentials instead! {"error":"Socket Manager action dispatched for a team without an instance; dispatch a `start` action first"} 
[02/16/26, 10:00:09:511] info: [INVALID-AUTH] (T08KF7TD5AN) Refetching credentials due to invalid_auth error, stay tuned... 
[02/16/26, 10:00:09:511] warn: TRACES You tried to get a team-specific tracer but didn’t provide enough context and are getting the generic tracer instead which is likely not what you want. 
[02/16/26, 10:00:09:512] warn: TRACER (T08KF7TD5AN) (clientBootData) was forced closed and marked with the _flush=true tag. 
[02/16/26, 10:00:09:512] warn: TRACER (T08KF7TD5AN) (featureAccessData) was forced closed and marked with the _flush=true tag. 
[02/16/26, 10:00:09:513] warn: TRACER (T08KF7TD5AN) (featureFlagData) was forced closed and marked with the _flush=true tag. 
[02/16/26, 10:00:09:513] warn: TRACER (T08KF7TD5AN) (viewData) was forced closed and marked with the _flush=true tag. 
[02/16/26, 10:00:09:523] info: [MIN-VERSION] Starting client min-version poll. 
[02/16/26, 10:00:09:535] info: [PERSIST] Purging persisted models, except for the following teamIds ["T06AU05DL0L","T08KF7TD5AN"] 
[02/16/26, 10:00:09:536] info: [BOOT-QUEUE] T08KF7TD5AN noversion-1771203609.086 features.access.policies.list is REJECTED: API not ok invalid_auth 
[02/16/26, 10:00:09:538] info: [HANDLE_START_ERROR] (T08KF7TD5AN) Handling start error 'invalid_auth' 
[02/16/26, 10:00:09:538] info: [INVALID-AUTH] (T08KF7TD5AN) updateToken threw an error, time to refetch credentials instead! {"error":"Socket Manager action dispatched for a team without an instance; dispatch a `start` action first"} 
[02/16/26, 10:00:09:538] warn: TRACES You tried to get a team-specific tracer but didn’t provide enough context and are getting the generic tracer instead which is likely not what you want. 
[02/16/26, 10:00:09:541] info: [HANDLE_START_ERROR] (T08KF7TD5AN) Handling start error 'invalid_auth' 
[02/16/26, 10:00:09:542] info: [INVALID-AUTH] (T08KF7TD5AN) updateToken threw an error, time to refetch credentials instead! {"error":"Socket Manager action dispatched for a team without an instance; dispatch a `start` action first"} 
[02/16/26, 10:00:09:542] warn: TRACES You tried to get a team-specific tracer but didn’t provide enough context and are getting the generic tracer instead which is likely not what you want. 
[02/16/26, 10:00:09:542] error: BOOT (T08KF7TD5AN) {"error":"unable to fetch messages data invalid_auth: noversion-1771203609.087 conversations.view not ok: invalid_auth"} 
[02/16/26, 10:00:09:546] info: [BOOT-QUEUE] T08KF7TD5AN noversion-1771203609.087 api.features is REJECTED: API not ok invalid_auth 
[02/16/26, 10:00:09:548] info: [HANDLE_START_ERROR] (T08KF7TD5AN) Handling start error 'invalid_auth' 
[02/16/26, 10:00:09:548] info: [INVALID-AUTH] (T08KF7TD5AN) updateToken threw an error, time to refetch credentials instead! {"error":"Socket Manager action dispatched for a team without an instance; dispatch a `start` action first"} 
[02/16/26, 10:00:09:548] warn: TRACES You tried to get a team-specific tracer but didn’t provide enough context and are getting the generic tracer instead which is likely not what you want. 
[02/16/26, 10:00:09:557] info: [OBJECT-STORE] attempting to delete shards [] 
[02/16/26, 10:00:09:558] info: [PERSIST] Purged persisted models [] 
[02/16/26, 10:00:09:563] info: [BOOT] Client boot completed 
[02/16/26, 10:00:09:574] info: [SIGNAL-TO-DESKTOP] (T06AU05DL0L) Attempted boot for all workspaces, signaling desktop 
[02/16/26, 10:00:09:577] info: [RTM-EVENT-METRICS] Metrics collection sampling has been reset. 
[02/16/26, 10:00:09:579] warn: TRACES You tried to get a team-specific tracer but didn’t provide enough context and are getting the generic tracer instead which is likely not what you want. 
[02/16/26, 10:00:09:583] warn: SERVICE-WORKER Found existing value for https://slack.com/fake-url-for-service-worker-item-storage/locales; Will overwrite value. 
[02/16/26, 10:00:09:583] info: [SERVICE-WORKER] Writing (["en-US"]) to Service Worker with key https://slack.com/fake-url-for-service-worker-item-storage/locales. 
[02/16/26, 10:00:09:584] info: Store: SYNC (Empty) 
[02/16/26, 10:00:09:587] info: [SERVICE-WORKER] registration success {} 
[02/16/26, 10:00:09:588] info: [SERVICE-WORKER-STATE] initial activated 
[02/16/26, 10:00:09:614] info: [BOOT-QUEUE] T08KF7TD5AN noversion-1771203609.270 client.userBoot is REJECTED: API not ok invalid_auth 
[02/16/26, 10:00:09:615] info: [HANDLE_START_ERROR] (T08KF7TD5AN) Handling start error 'invalid_auth' 
[02/16/26, 10:00:09:616] info: [INVALID-AUTH] (T08KF7TD5AN) updateToken threw an error, time to refetch credentials instead! {"error":"Socket Manager action dispatched for a team without an instance; dispatch a `start` action first"} 
[02/16/26, 10:00:09:616] warn: TRACES You tried to get a team-specific tracer but didn’t provide enough context and are getting the generic tracer instead which is likely not what you want. 
[02/16/26, 10:00:09:745] info: [VISIBILITY-STATE] (T06AU05DL0L) Main window visibility state changed: hidden 
[02/16/26, 10:00:09:797] info: Starting Sentry (Preload) 
[02/16/26, 10:00:09:797] info: getSentryDSN: Setting sentry URL to slack.com 
[02/16/26, 10:00:09:800] info: [DESKTOP PRELOAD]	Creating desktop interface object 
[02/16/26, 10:00:09:800] info: [DESKTOP PRELOAD]	Exposing context bridge 
[02/16/26, 10:00:10:039] info: Store: UPSERT_WEB_CONTENTS {
  "id": 1,
  "state": "loaded"
} 
[02/16/26, 10:00:10:053] info: [METRICS] Starting timers for metrics collection 
[02/16/26, 10:00:10:255] info: [APP] client-v2 
[02/16/26, 10:00:10:256] info: [DATE/TIME] 1771203610249 "2026-02-16T01:00:10.249Z" 
[02/16/26, 10:00:10:256] info: [VERSION] version_hash: ca3841b7cf0f391005d0e99703420f93cb6530c8 
[02/16/26, 10:00:10:256] info: [VERSION] version_ts: 1771118251 
[02/16/26, 10:00:10:256] info: [VERSION] min_version_data_ts: 1722374725 
[02/16/26, 10:00:10:256] info: [URL] https://app.slack.com/client/T06AU05DL0L 
[02/16/26, 10:00:10:257] info: [AUTH] authCookieChanged: started listening to the event 
[02/16/26, 10:00:10:258] info: [AUTH] Need to re-fetch auth (sc=true, psc=1769963618, csc=1771203575, mfc=false, lf=1769963628, mf=1635006011, sae=false) 
[02/16/26, 10:00:10:258] info: [AUTH] fetchAuthAndReturnToUrl: auth fetch times: 1771203610251 
[02/16/26, 10:00:10:258] info: [AUTH] fetchAuthAndReturnToUrl: will return to /client/T06AU05DL0L 
[02/16/26, 10:00:10:258] info: [AUTH] fetchAuthAndReturnToUrl: fetching credentials with iframe at /auth?app=client&lc=1769963618&return_to=%2Fclient%2FT06AU05DL0L&teams=T06AU05DL0L%2CT08KF7TD5AN 
[02/16/26, 10:00:10:261] info: [WD] All assets have reported back; s: 7; f: 0 
[02/16/26, 10:00:10:262] info: Store: UPDATE_SETTINGS {
  "userTheme": "dark"
} 
[02/16/26, 10:00:10:262] info: Store: UPDATE_SETTINGS {
  "systemThemeSyncEnabled": true
} 
[02/16/26, 10:00:10:601] info: [AUTH] credentials are ready 
[02/16/26, 10:00:10:604] info: [AUTH] credentials are ready ({"added":[],"changed":[],"removed":["T06AU05DL0L","T08KF7TD5AN"],"pending":[],"isNoOp":false,"areChangedTeamsIncompatible":true}) 
[02/16/26, 10:00:10:604] info: [LOCAL-CONFIG] ingestIncomingConfig(): processing 101 bytes of data 
[02/16/26, 10:00:10:610] info: [LOCAL-CONFIG] Setting isExpired on team and moving to localConfig prevTeams: T06AU05DL0L 
[02/16/26, 10:00:10:610] info: [LOCAL-CONFIG] Removing expired team from localConfig teams: T06AU05DL0L 
[02/16/26, 10:00:10:611] info: [LOCAL-CONFIG] Setting isExpired on team and moving to localConfig prevTeams: T08KF7TD5AN 
[02/16/26, 10:00:10:611] info: [LOCAL-CONFIG] Removing expired team from localConfig teams: T08KF7TD5AN 
[02/16/26, 10:00:10:617] info: [LOCAL-CONFIG] No "teams" in new local config. IncomingConfig: . New Config: . Previous Config: {"teams":{"T06AU05DL0L":{"id":"T06AU05DL0L","name":"MASAKEN","url":"https://masaken-hq.slack.com/","domain":"masaken-hq","user_locale":"en-US","user_id":"U07N70LR48G","is_unified_user_client_enabled":true,"channelSidebarBackground":"#19171D","teamSwitcherBackground":"rgb(5,3,9)","textColor":"#D1D2D3","customTheme":false,"windowGradient":true,"iaTheming":{"primary":{"palette":"aubergine"},"highlight1":{"palette":"aubergine"},"highlight2":{"palette":"jade"},"important":{"palette":"aubergine"},"brightness":6,"sidebarInverted":true,"useCustomHex":false,"mode":"dark"},"topNavBackground":"#121016","topNavTextColor":"#D1D2D3","versionDataTs":1769946127,"lastViewState":{"__activeTab":"home","home":{"sidebar":{"id":"ChannelList","viewType":"ChannelList","uiState":{"ghostLastRead":"1769574682.740079"}},"primary":{"id":"D07MJ421FB5","viewType":"Channel","params":{"parentTab":"D07MJ421FB5"},"uiState":{"preventMoveFocus":false}}},"dms":{"sidebar":{"id":"DmsList","viewType":"DmsList"},"primary":{"id":"Pempty","viewType":"Page"}},"activity":{"sidebar":{"id":"ActivityList","viewType":"ActivityList"},"primary":{"id":"Pempty","viewType":"Page"}},"activity-inbox":{"sidebar":{"id":"ActivityInbox","viewType":"ActivityInbox"},"primary":{"id":"ActivityEmpty","viewType":"ActivityEmpty"}},"unified-files":{"sidebar":{"id":"UnifiedFilesSidebar","viewType":"UnifiedFilesSidebar"},"primary":{"id":"BrowseUnifiedFiles","viewType":"BrowseUnifiedFiles"}},"solutions":{"sidebar":{"id":"MoreSolutionsSidebar","viewType":"MoreSolutionsSidebar"},"primary":{"id":"Solutions","viewType":"Solutions"}},"agents":{"sidebar":{"id":"MoreAgentsSidebar","viewType":"MoreAgentsSidebar"},"primary":{"id":"Agents","viewType":"Agents"}},"sidekicks":{"sidebar":{"id":"MoreSidekicksSidebar","viewType":"MoreSidekicksSidebar"},"primary":{"id":"Sidekicks","viewType":"Sidekicks"}},"slack-kit-playground":{"primary":{"id":"SlackKitPlayground","viewType":"SlackKitPlayground"}},"assistant":{"primary":{"id":"AssistantHome","viewType":"AssistantHome"}},"later":{"sidebar":{"id":"LaterList","viewType":"LaterList"},"primary":{"id":"Pempty","viewType":"Page"}},"sales-home":{"sidebar":{"id":"SalesSidebar","viewType":"SalesSidebar"},"primary":{"id":"SalesHome","viewType":"SalesHome"}},"records":{"primary":{"id":"RecordChannelCreate","viewType":"RecordChannelCreate"}},"external-connections":{"sidebar":{"id":"MoreExternalConnectionsSidebar","viewType":"MoreExternalConnectionsSidebar"},"primary":{"id":"ExternalOrganizations","viewType":"ExternalOrganizations"}},"browse":{"sidebar":{"id":"BrowseList","viewType":"BrowseList"},"primary":{"id":"RecentFiles","viewType":"RecentFiles"}},"search":{"sidebar":{"id":"Search","viewType":"Search"},"primary":{"id":"SearchEmpty","viewType":"SearchEmpty"}},"files":{"sidebar":{"id":"MoreFilesSidebar","viewType":"MoreFilesSidebar"},"primary":{"id":"RecentFiles","viewType":"RecentFiles"}},"people":{"primary":{"id":"BrowsePeople","viewType":"BrowsePeople"},"sidebar":{"id":"MorePeopleSidebar","viewType":"MorePeopleSidebar"}},"channels":{"primary":{"id":"BrowseChannels","viewType":"BrowseChannels"}},"platform":{"sidebar":{"id":"MorePlatformSidebar","viewType":"MorePlatformSidebar"},"primary":{"id":"Pempty","viewType":"Page"}},"lists":{"sidebar":{"id":"MoreListsSidebar","viewType":"MoreListsSidebar"},"primary":{"id":"Pbrowse-lists","viewType":"BrowseLists"}},"todos":{"primary":{"id":"Ptodos","viewType":"Tasks"}},"huddles":{"primary":{"id":"Phuddles","viewType":"Page"}},"bbm":{"sidebar":{"id":"BBMMain","viewType":"BBMMain"}},"admin":{"sidebar":{"id":"Admin","viewType":"Admin"}},"today":{"primary":{"id":"Ptoday-v2","viewType":"TodayV2"}}}},"T08KF7TD5AN":{"id":"T08KF7TD5AN","name":"JSTさきがけ未来数理科学「最適輸送理論による細胞分化ダイナミクスの推定・制御基盤の構築」","url":"https://jst-as13331.slack.com/","domain":"jst-as13331","user_locale":"en-US","user_id":"U08KG48A77W","is_unified_user_client_enabled":true,"channelSidebarBackground":"#19171D","teamSwitcherBackground":"rgb(5,3,9)","textColor":"#D1D2D3","customTheme":false,"windowGradient":true,"iaTheming":{"primary":{"palette":"aubergine"},"highlight1":{"palette":"aubergine"},"highlight2":{"palette":"jade"},"important":{"palette":"aubergine"},"brightness":6,"sidebarInverted":true,"useCustomHex":false,"mode":"dark"},"topNavBackground":"#121016","topNavTextColor":"#D1D2D3","versionDataTs":1769946127,"lastViewState":{"__activeTab":"home","home":{"sidebar":{"id":"ChannelList","viewType":"ChannelList"},"primary":{"id":"C08KF7TD62W","viewType":"Channel"}},"dms":{"sidebar":{"id":"DmsList","viewType":"DmsList"},"primary":{"id":"Pempty","viewType":"Page"}},"activity":{"sidebar":{"id":"ActivityList","viewType":"ActivityList"},"primary":{"id":"Pempty","viewType":"Page"}},"activity-inbox":{"sidebar":{"id":"ActivityInbox","viewType":"ActivityInbox"},"primary":{"id":"ActivityEmpty","viewType":"ActivityEmpty"}},"unified-files":{"sidebar":{"id":"UnifiedFilesSidebar","viewType":"UnifiedFilesSidebar"},"primary":{"id":"BrowseUnifiedFiles","viewType":"BrowseUnifiedFiles"}},"solutions":{"sidebar":{"id":"MoreSolutionsSidebar","viewType":"MoreSolutionsSidebar"},"primary":{"id":"Solutions","viewType":"Solutions"}},"agents":{"sidebar":{"id":"MoreAgentsSidebar","viewType":"MoreAgentsSidebar"},"primary":{"id":"Agents","viewType":"Agents"}},"sidekicks":{"sidebar":{"id":"MoreSidekicksSidebar","viewType":"MoreSidekicksSidebar"},"primary":{"id":"Sidekicks","viewType":"Sidekicks"}},"slack-kit-playground":{"primary":{"id":"SlackKitPlayground","viewType":"SlackKitPlayground"}},"assistant":{"primary":{"id":"AssistantHome","viewType":"AssistantHome"}},"later":{"sidebar":{"id":"LaterList","viewType":"LaterList"},"primary":{"id":"Pempty","viewType":"Page"}},"sales-home":{"sidebar":{"id":"SalesSidebar","viewType":"SalesSidebar"},"primary":{"id":"SalesHome","viewType":"SalesHome"}},"records":{"primary":{"id":"RecordChannelCreate","viewType":"RecordChannelCreate"}},"external-connections":{"sidebar":{"id":"MoreExternalConnectionsSidebar","viewType":"MoreExternalConnectionsSidebar"},"primary":{"id":"ExternalOrganizations","viewType":"ExternalOrganizations"}},"browse":{"sidebar":{"id":"BrowseList","viewType":"BrowseList"},"primary":{"id":"RecentFiles","viewType":"RecentFiles"}},"search":{"sidebar":{"id":"Search","viewType":"Search"},"primary":{"id":"SearchEmpty","viewType":"SearchEmpty"}},"files":{"sidebar":{"id":"MoreFilesSidebar","viewType":"MoreFilesSidebar"},"primary":{"id":"RecentFiles","viewType":"RecentFiles"}},"people":{"primary":{"id":"BrowsePeople","viewType":"BrowsePeople"},"sidebar":{"id":"MorePeopleSidebar","viewType":"MorePeopleSidebar"}},"channels":{"primary":{"id":"BrowseChannels","viewType":"BrowseChannels"}},"platform":{"sidebar":{"id":"MorePlatformSidebar","viewType":"MorePlatformSidebar"},"primary":{"id":"Pempty","viewType":"Page"}},"lists":{"sidebar":{"id":"MoreListsSidebar","viewType":"MoreListsSidebar"},"primary":{"id":"Pbrowse-lists","viewType":"BrowseLists"}},"todos":{"primary":{"id":"Ptodos","viewType":"Tasks"}},"huddles":{"primary":{"id":"Phuddles","viewType":"Page"}},"bbm":{"sidebar":{"id":"BBMMain","viewType":"BBMMain"}},"admin":{"sidebar":{"id":"Admin","viewType":"Admin"}},"today":{"primary":{"id":"Ptoday-v2","viewType":"TodayV2"}}}}},"prevTeams":{},"orderedTeamIds":["T06AU05DL0L","T08KF7TD5AN"],"pendingAuthTeams":{},"lc":"1769963618","lastFetched":"1769963628","lastActiveTeamId":"T06AU05DL0L","canAccessClientV2":true,"lastColdBootTs":1769963637387,"viewLayoutSplitWidthMode":"sticky","slack-zoom-initial-setting":0,"recents":[{"__activeTab":"home","home":{"sidebar":{"id":"ChannelList","viewType":"ChannelList","uiState":{"ghostLastRead":"1769574682.740079"}},"primary":{"id":"D07MJ421FB5","viewType":"Channel","params":{"parentTab":"D07MJ421FB5"},"uiState":{"preventMoveFocus":false}}},"dms":{"sidebar":{"id":"DmsList","viewType":"DmsList"},"primary":{"id":"Pempty","viewType":"Page"}},"activity":{"sidebar":{"id":"ActivityList","viewType":"ActivityList"},"primary":{"id":"Pempty","viewType":"Page"}},"activity-inbox":{"sidebar":{"id":"ActivityInbox","viewType":"ActivityInbox"},"primary":{"id":"ActivityEmpty","viewType":"ActivityEmpty"}},"unified-files":{"sidebar":{"id":"UnifiedFilesSidebar","viewType":"UnifiedFilesSidebar"},"primary":{"id":"BrowseUnifiedFiles","viewType":"BrowseUnifiedFiles"}},"solutions":{"sidebar":{"id":"MoreSolutionsSidebar","viewType":"MoreSolutionsSidebar"},"primary":{"id":"Solutions","viewType":"Solutions"}},"agents":{"sidebar":{"id":"MoreAgentsSidebar","viewType":"MoreAgentsSidebar"},"primary":{"id":"Agents","viewType":"Agents"}},"sidekicks":{"sidebar":{"id":"MoreSidekicksSidebar","viewType":"MoreSidekicksSidebar"},"primary":{"id":"Sidekicks","viewType":"Sidekicks"}},"slack-kit-playground":{"primary":{"id":"SlackKitPlayground","viewType":"SlackKitPlayground"}},"assistant":{"primary":{"id":"AssistantHome","viewType":"AssistantHome"}},"later":{"sidebar":{"id":"LaterList","viewType":"LaterList"},"primary":{"id":"Pempty","viewType":"Page"}},"sales-home":{"sidebar":{"id":"SalesSidebar","viewType":"SalesSidebar"},"primary":{"id":"SalesHome","viewType":"SalesHome"}},"records":{"primary":{"id":"RecordChannelCreate","viewType":"RecordChannelCreate"}},"external-connections":{"sidebar":{"id":"MoreExternalConnectionsSidebar","viewType":"MoreExternalConnectionsSidebar"},"primary":{"id":"ExternalOrganizations","viewType":"ExternalOrganizations"}},"browse":{"sidebar":{"id":"BrowseList","viewType":"BrowseList"},"primary":{"id":"RecentFiles","viewType":"RecentFiles"}},"search":{"sidebar":{"id":"Search","viewType":"Search"},"primary":{"id":"SearchEmpty","viewType":"SearchEmpty"}},"files":{"sidebar":{"id":"MoreFilesSidebar","viewType":"MoreFilesSidebar"},"primary":{"id":"RecentFiles","viewType":"RecentFiles"}},"people":{"primary":{"id":"BrowsePeople","viewType":"BrowsePeople"},"sidebar":{"id":"MorePeopleSidebar","viewType":"MorePeopleSidebar"}},"channels":{"primary":{"id":"BrowseChannels","viewType":"BrowseChannels"}},"platform":{"sidebar":{"id":"MorePlatformSidebar","viewType":"MorePlatformSidebar"},"primary":{"id":"Pempty","viewType":"Page"}},"lists":{"sidebar":{"id":"MoreListsSidebar","viewType":"MoreListsSidebar"},"primary":{"id":"Pbrowse-lists","viewType":"BrowseLists"}},"todos":{"primary":{"id":"Ptodos","viewType":"Tasks"}},"huddles":{"primary":{"id":"Phuddles","viewType":"Page"}},"bbm":{"sidebar":{"id":"BBMMain","viewType":"BBMMain"}},"admin":{"sidebar":{"id":"Admin","viewType":"Admin"}},"today":{"primary":{"id":"Ptoday-v2","viewType":"TodayV2"}},"id":"978ac21d-8f62-4e83-a0cd-12fb81e6ff14","ts":1770134329418,"teamId":"T06AU05DL0L","isIA4":true},{"__activeTab":"home","home":{"sidebar":{"id":"ChannelList","viewType":"ChannelList"},"primary":{"id":"C06AB0RTDE3","viewType":"Channel","params":{"parentTab":"C06AB0RTDE3"}}},"dms":{"sidebar":{"id":"DmsList","viewType":"DmsList"},"primary":{"id":"Pempty","viewType":"Page"}},"activity":{"sidebar":{"id":"ActivityList","viewType":"ActivityList"},"primary":{"id":"Pempty","viewType":"Page"}},"activity-inbox":{"sidebar":{"id":"ActivityInbox","viewType":"ActivityInbox"},"primary":{"id":"ActivityEmpty","viewType":"ActivityEmpty"}},"unified-files":{"sidebar":{"id":"UnifiedFilesSidebar","viewType":"UnifiedFilesSidebar"},"primary":{"id":"BrowseUnifiedFiles","viewType":"BrowseUnifiedFiles"}},"solutions":{"sidebar":{"id":"MoreSolutionsSidebar","viewType":"MoreSolutionsSidebar"},"primary":{"id":"Solutions","viewType":"Solutions"}},"agents":{"sidebar":{"id":"MoreAgentsSidebar","viewType":"MoreAgentsSidebar"},"primary":{"id":"Agents","viewType":"Agents"}},"sidekicks":{"sidebar":{"id":"MoreSidekicksSidebar","viewType":"MoreSidekicksSidebar"},"primary":{"id":"Sidekicks","viewType":"Sidekicks"}},"slack-kit-playground":{"primary":{"id":"SlackKitPlayground","viewType":"SlackKitPlayground"}},"assistant":{"primary":{"id":"AssistantHome","viewType":"AssistantHome"}},"later":{"sidebar":{"id":"LaterList","viewType":"LaterList"},"primary":{"id":"Pempty","viewType":"Page"}},"sales-home":{"sidebar":{"id":"SalesSidebar","viewType":"SalesSidebar"},"primary":{"id":"SalesHome","viewType":"SalesHome"}},"records":{"primary":{"id":"RecordChannelCreate","viewType":"RecordChannelCreate"}},"external-connections":{"sidebar":{"id":"MoreExternalConnectionsSidebar","viewType":"MoreExternalConnectionsSidebar"},"primary":{"id":"ExternalOrganizations","viewType":"ExternalOrganizations"}},"browse":{"sidebar":{"id":"BrowseList","viewType":"BrowseList"},"primary":{"id":"RecentFiles","viewType":"RecentFiles"}},"search":{"sidebar":{"id":"Search","viewType":"Search"},"primary":{"id":"SearchEmpty","viewType":"SearchEmpty"}},"files":{"sidebar":{"id":"MoreFilesSidebar","viewType":"MoreFilesSidebar"},"primary":{"id":"RecentFiles","viewType":"RecentFiles"}},"people":{"primary":{"id":"BrowsePeople","viewType":"BrowsePeople"},"sidebar":{"id":"MorePeopleSidebar","viewType":"MorePeopleSidebar"}},"channels":{"primary":{"id":"BrowseChannels","viewType":"BrowseChannels"}},"platform":{"sidebar":{"id":"MorePlatformSidebar","viewType":"MorePlatformSidebar"},"primary":{"id":"Pempty","viewType":"Page"}},"lists":{"sidebar":{"id":"MoreListsSidebar","viewType":"MoreListsSidebar"},"primary":{"id":"Pbrowse-lists","viewType":"BrowseLists"}},"todos":{"primary":{"id":"Ptodos","viewType":"Tasks"}},"huddles":{"primary":{"id":"Phuddles","viewType":"Page"}},"bbm":{"sidebar":{"id":"BBMMain","viewType":"BBMMain"}},"admin":{"sidebar":{"id":"Admin","viewType":"Admin"}},"today":{"primary":{"id":"Ptoday-v2","viewType":"TodayV2"}},"id":"769b0cb3-a933-4e87-9727-5e7df81923c9","ts":1770083079455,"teamId":"T06AU05DL0L","isIA4":true},{"__activeTab":"home","home":{"sidebar":{"id":"ChannelList","viewType":"ChannelList"},"primary":{"id":"C06U9KZMPT8","viewType":"Channel","params":{"parentTab":"C06U9KZMPT8"}},"secondary":{"id":"thread","viewType":"Thread","params":{"threadId":"C06U9KZMPT8-1768225692.602019","replyTs":"1768780811.373659","highlightRoot":false,"dangerouslyOverrideRouting":false,"parentTab":"C06U9KZMPT8"}}},"dms":{"sidebar":{"id":"DmsList","viewType":"DmsList"},"primary":{"id":"Pempty","viewType":"Page"}},"activity":{"sidebar":{"id":"ActivityList","viewType":"ActivityList"},"primary":{"id":"Pempty","viewType":"Page"}},"activity-inbox":{"sidebar":{"id":"ActivityInbox","viewType":"ActivityInbox"},"primary":{"id":"ActivityEmpty","viewType":"ActivityEmpty"}},"unified-files":{"sidebar":{"id":"UnifiedFilesSidebar","viewType":"UnifiedFilesSidebar"},"primary":{"id":"BrowseUnifiedFiles","viewType":"BrowseUnifiedFiles"}},"solutions":{"sidebar":{"id":"MoreSolutionsSidebar","viewType":"MoreSolutionsSidebar"},"primary":{"id":"Solutions","viewType":"Solutions"}},"agents":{"sidebar":{"id":"MoreAgentsSidebar","viewType":"MoreAgentsSidebar"},"primary":{"id":"Agents","viewType":"Agents"}},"sidekicks":{"sidebar":{"id":"MoreSidekicksSidebar","viewType":"MoreSidekicksSidebar"},"primary":{"id":"Sidekicks","viewType":"Sidekicks"}},"slack-kit-playground":{"primary":{"id":"SlackKitPlayground","viewType":"SlackKitPlayground"}},"assistant":{"primary":{"id":"AssistantHome","viewType":"AssistantHome"}},"later":{"sidebar":{"id":"LaterList","viewType":"LaterList"},"primary":{"id":"Pempty","viewType":"Page"}},"sales-home":{"sidebar":{"id":"SalesSidebar","viewType":"SalesSidebar"},"primary":{"id":"SalesHome","viewType":"SalesHome"}},"records":{"primary":{"id":"RecordChannelCreate","viewType":"RecordChannelCreate"}},"external-connections":{"sidebar":{"id":"MoreExternalConnectionsSidebar","viewType":"MoreExternalConnectionsSidebar"},"primary":{"id":"ExternalOrganizations","viewType":"ExternalOrganizations"}},"browse":{"sidebar":{"id":"BrowseList","viewType":"BrowseList"},"primary":{"id":"RecentFiles","viewType":"RecentFiles"}},"search":{"sidebar":{"id":"Search","viewType":"Search"},"primary":{"id":"SearchEmpty","viewType":"SearchEmpty"}},"files":{"sidebar":{"id":"MoreFilesSidebar","viewType":"MoreFilesSidebar"},"primary":{"id":"RecentFiles","viewType":"RecentFiles"}},"people":{"primary":{"id":"BrowsePeople","viewType":"BrowsePeople"},"sidebar":{"id":"MorePeopleSidebar","viewType":"MorePeopleSidebar"}},"channels":{"primary":{"id":"BrowseChannels","viewType":"BrowseChannels"}},"platform":{"sidebar":{"id":"MorePlatformSidebar","viewType":"MorePlatformSidebar"},"primary":{"id":"Pempty","viewType":"Page"}},"lists":{"sidebar":{"id":"MoreListsSidebar","viewType":"MoreListsSidebar"},"primary":{"id":"Pbrowse-lists","viewType":"BrowseLists"}},"todos":{"primary":{"id":"Ptodos","viewType":"Tasks"}},"huddles":{"primary":{"id":"Phuddles","viewType":"Page"}},"bbm":{"sidebar":{"id":"BBMMain","viewType":"BBMMain"}},"admin":{"sidebar":{"id":"Admin","viewType":"Admin"}},"today":{"primary":{"id":"Ptoday-v2","viewType":"TodayV2"}},"id":"c3aadd14-492a-4891-8458-a7028f9e0411","ts":1770083032458,"teamId":"T06AU05DL0L","isIA4":true},{"__activeTab":"home","home":{"sidebar":{"id":"ChannelList","viewType":"ChannelList"},"primary":{"id":"C06U9KZMPT8","viewType":"Channel","params":{"parentTab":"C06U9KZMPT8"}}},"dms":{"sidebar":{"id":"DmsList","viewType":"DmsList"},"primary":{"id":"Pempty","viewType":"Page"}},"activity":{"sidebar":{"id":"ActivityList","viewType":"ActivityList"},"primary":{"id":"Pempty","viewType":"Page"}},"activity-inbox":{"sidebar":{"id":"ActivityInbox","viewType":"ActivityInbox"},"primary":{"id":"ActivityEmpty","viewType":"ActivityEmpty"}},"unified-files":{"sidebar":{"id":"UnifiedFilesSidebar","viewType":"UnifiedFilesSidebar"},"primary":{"id":"BrowseUnifiedFiles","viewType":"BrowseUnifiedFiles"}},"solutions":{"sidebar":{"id":"MoreSolutionsSidebar","viewType":"MoreSolutionsSidebar"},"primary":{"id":"Solutions","viewType":"Solutions"}},"agents":{"sidebar":{"id":"MoreAgentsSidebar","viewType":"MoreAgentsSidebar"},"primary":{"id":"Agents","viewType":"Agents"}},"sidekicks":{"sidebar":{"id":"MoreSidekicksSidebar","viewType":"MoreSidekicksSidebar"},"primary":{"id":"Sidekicks","viewType":"Sidekicks"}},"slack-kit-playground":{"primary":{"id":"SlackKitPlayground","viewType":"SlackKitPlayground"}},"assistant":{"primary":{"id":"AssistantHome","viewType":"AssistantHome"}},"later":{"sidebar":{"id":"LaterList","viewType":"LaterList"},"primary":{"id":"Pempty","viewType":"Page"}},"sales-home":{"sidebar":{"id":"SalesSidebar","viewType":"SalesSidebar"},"primary":{"id":"SalesHome","viewType":"SalesHome"}},"records":{"primary":{"id":"RecordChannelCreate","viewType":"RecordChannelCreate"}},"external-connections":{"sidebar":{"id":"MoreExternalConnectionsSidebar","viewType":"MoreExternalConnectionsSidebar"},"primary":{"id":"ExternalOrganizations","viewType":"ExternalOrganizations"}},"browse":{"sidebar":{"id":"BrowseList","viewType":"BrowseList"},"primary":{"id":"RecentFiles","viewType":"RecentFiles"}},"search":{"sidebar":{"id":"Search","viewType":"Search"},"primary":{"id":"SearchEmpty","viewType":"SearchEmpty"}},"files":{"sidebar":{"id":"MoreFilesSidebar","viewType":"MoreFilesSidebar"},"primary":{"id":"RecentFiles","viewType":"RecentFiles"}},"people":{"primary":{"id":"BrowsePeople","viewType":"BrowsePeople"},"sidebar":{"id":"MorePeopleSidebar","viewType":"MorePeopleSidebar"}},"channels":{"primary":{"id":"BrowseChannels","viewType":"BrowseChannels"}},"platform":{"sidebar":{"id":"MorePlatformSidebar","viewType":"MorePlatformSidebar"},"primary":{"id":"Pempty","viewType":"Page"}},"lists":{"sidebar":{"id":"MoreListsSidebar","viewType":"MoreListsSidebar"},"primary":{"id":"Pbrowse-lists","viewType":"BrowseLists"}},"todos":{"primary":{"id":"Ptodos","viewType":"Tasks"}},"huddles":{"primary":{"id":"Phuddles","viewType":"Page"}},"bbm":{"sidebar":{"id":"BBMMain","viewType":"BBMMain"}},"admin":{"sidebar":{"id":"Admin","viewType":"Admin"}},"today":{"primary":{"id":"Ptoday-v2","viewType":"TodayV2"}},"id":"a1c792f4-0aae-45fb-8535-7bace97834ed","ts":1770083016935,"teamId":"T06AU05DL0L","isIA4":true},{"__activeTab":"home","home":{"sidebar":{"id":"ChannelList","viewType":"ChannelList"},"primary":{"id":"C06ARGB5GCS","viewType":"Channel","params":{"parentTab":"C06ARGB5GCS"}}},"dms":{"sidebar":{"id":"DmsList","viewType":"DmsList"},"primary":{"id":"Pempty","viewType":"Page"}},"activity":{"sidebar":{"id":"ActivityList","viewType":"ActivityList"},"primary":{"id":"Pempty","viewType":"Page"}},"activity-inbox":{"sidebar":{"id":"ActivityInbox","viewType":"ActivityInbox"},"primary":{"id":"ActivityEmpty","viewType":"ActivityEmpty"}},"unified-files":{"sidebar":{"id":"UnifiedFilesSidebar","viewType":"UnifiedFilesSidebar"},"primary":{"id":"BrowseUnifiedFiles","viewType":"BrowseUnifiedFiles"}},"solutions":{"sidebar":{"id":"MoreSolutionsSidebar","viewType":"MoreSolutionsSidebar"},"primary":{"id":"Solutions","viewType":"Solutions"}},"agents":{"sidebar":{"id":"MoreAgentsSidebar","viewType":"MoreAgentsSidebar"},"primary":{"id":"Agents","viewType":"Agents"}},"sidekicks":{"sidebar":{"id":"MoreSidekicksSidebar","viewType":"MoreSidekicksSidebar"},"primary":{"id":"Sidekicks","viewType":"Sidekicks"}},"slack-kit-playground":{"primary":{"id":"SlackKitPlayground","viewType":"SlackKitPlayground"}},"assistant":{"primary":{"id":"AssistantHome","viewType":"AssistantHome"}},"later":{"sidebar":{"id":"LaterList","viewType":"LaterList"},"primary":{"id":"Pempty","viewType":"Page"}},"sales-home":{"sidebar":{"id":"SalesSidebar","viewType":"SalesSidebar"},"primary":{"id":"SalesHome","viewType":"SalesHome"}},"records":{"primary":{"id":"RecordChannelCreate","viewType":"RecordChannelCreate"}},"external-connections":{"sidebar":{"id":"MoreExternalConnectionsSidebar","viewType":"MoreExternalConnectionsSidebar"},"primary":{"id":"ExternalOrganizations","viewType":"ExternalOrganizations"}},"browse":{"sidebar":{"id":"BrowseList","viewType":"BrowseList"},"primary":{"id":"RecentFiles","viewType":"RecentFiles"}},"search":{"sidebar":{"id":"Search","viewType":"Search"},"primary":{"id":"SearchEmpty","viewType":"SearchEmpty"}},"files":{"sidebar":{"id":"MoreFilesSidebar","viewType":"MoreFilesSidebar"},"primary":{"id":"RecentFiles","viewType":"RecentFiles"}},"people":{"primary":{"id":"BrowsePeople","viewType":"BrowsePeople"},"sidebar":{"id":"MorePeopleSidebar","viewType":"MorePeopleSidebar"}},"channels":{"primary":{"id":"BrowseChannels","viewType":"BrowseChannels"}},"platform":{"sidebar":{"id":"MorePlatformSidebar","viewType":"MorePlatformSidebar"},"primary":{"id":"Pempty","viewType":"Page"}},"lists":{"sidebar":{"id":"MoreListsSidebar","viewType":"MoreListsSidebar"},"primary":{"id":"Pbrowse-lists","viewType":"BrowseLists"}},"todos":{"primary":{"id":"Ptodos","viewType":"Tasks"}},"huddles":{"primary":{"id":"Phuddles","viewType":"Page"}},"bbm":{"sidebar":{"id":"BBMMain","viewType":"BBMMain"}},"admin":{"sidebar":{"id":"Admin","viewType":"Admin"}},"today":{"primary":{"id":"Ptoday-v2","viewType":"TodayV2"}},"id":"c1dd8438-6f5b-4dc1-9367-353cd2dea927","ts":1770082983843,"teamId":"T06AU05DL0L","isIA4":true},{"__activeTab":"home","home":{"sidebar":{"id":"ChannelList","viewType":"ChannelList"},"primary":{"id":"C06U9KZMPT8","viewType":"Channel","params":{"parentTab":"C06U9KZMPT8"}}},"dms":{"sidebar":{"id":"DmsList","viewType":"DmsList"},"primary":{"id":"Pempty","viewType":"Page"}},"activity":{"sidebar":{"id":"ActivityList","viewType":"ActivityList"},"primary":{"id":"Pempty","viewType":"Page"}},"activity-inbox":{"sidebar":{"id":"ActivityInbox","viewType":"ActivityInbox"},"primary":{"id":"ActivityEmpty","viewType":"ActivityEmpty"}},"unified-files":{"sidebar":{"id":"UnifiedFilesSidebar","viewType":"UnifiedFilesSidebar"},"primary":{"id":"BrowseUnifiedFiles","viewType":"BrowseUnifiedFiles"}},"solutions":{"sidebar":{"id":"MoreSolutionsSidebar","viewType":"MoreSolutionsSidebar"},"primary":{"id":"Solutions","viewType":"Solutions"}},"agents":{"sidebar":{"id":"MoreAgentsSidebar","viewType":"MoreAgentsSidebar"},"primary":{"id":"Agents","viewType":"Agents"}},"sidekicks":{"sidebar":{"id":"MoreSidekicksSidebar","viewType":"MoreSidekicksSidebar"},"primary":{"id":"Sidekicks","viewType":"Sidekicks"}},"slack-kit-playground":{"primary":{"id":"SlackKitPlayground","viewType":"SlackKitPlayground"}},"assistant":{"primary":{"id":"AssistantHome","viewType":"AssistantHome"}},"later":{"sidebar":{"id":"LaterList","viewType":"LaterList"},"primary":{"id":"Pempty","viewType":"Page"}},"sales-home":{"sidebar":{"id":"SalesSidebar","viewType":"SalesSidebar"},"primary":{"id":"SalesHome","viewType":"SalesHome"}},"records":{"primary":{"id":"RecordChannelCreate","viewType":"RecordChannelCreate"}},"external-connections":{"sidebar":{"id":"MoreExternalConnectionsSidebar","viewType":"MoreExternalConnectionsSidebar"},"primary":{"id":"ExternalOrganizations","viewType":"ExternalOrganizations"}},"browse":{"sidebar":{"id":"BrowseList","viewType":"BrowseList"},"primary":{"id":"RecentFiles","viewType":"RecentFiles"}},"search":{"sidebar":{"id":"Search","viewType":"Search"},"primary":{"id":"SearchEmpty","viewType":"SearchEmpty"}},"files":{"sidebar":{"id":"MoreFilesSidebar","viewType":"MoreFilesSidebar"},"primary":{"id":"RecentFiles","viewType":"RecentFiles"}},"people":{"primary":{"id":"BrowsePeople","viewType":"BrowsePeople"},"sidebar":{"id":"MorePeopleSidebar","viewType":"MorePeopleSidebar"}},"channels":{"primary":{"id":"BrowseChannels","viewType":"BrowseChannels"}},"platform":{"sidebar":{"id":"MorePlatformSidebar","viewType":"MorePlatformSidebar"},"primary":{"id":"Pempty","viewType":"Page"}},"lists":{"sidebar":{"id":"MoreListsSidebar","viewType":"MoreListsSidebar"},"primary":{"id":"Pbrowse-lists","viewType":"BrowseLists"}},"todos":{"primary":{"id":"Ptodos","viewType":"Tasks"}},"huddles":{"primary":{"id":"Phuddles","viewType":"Page"}},"bbm":{"sidebar":{"id":"BBMMain","viewType":"BBMMain"}},"admin":{"sidebar":{"id":"Admin","viewType":"Admin"}},"today":{"primary":{"id":"Ptoday-v2","viewType":"TodayV2"}},"id":"17009d5f-817b-43dd-ae9f-f9e02bc7a711","ts":1770082981165,"teamId":"T06AU05DL0L","isIA4":true},{"__activeTab":"home","home":{"sidebar":{"id":"ChannelList","viewType":"ChannelList"},"primary":{"id":"D07MJ421FB5","viewType":"Channel","params":{"parentTab":"D07MJ421FB5"}}},"dms":{"sidebar":{"id":"DmsList","viewType":"DmsList"},"primary":{"id":"Pempty","viewType":"Page"}},"activity":{"sidebar":{"id":"ActivityList","viewType":"ActivityList"},"primary":{"id":"Pempty","viewType":"Page"}},"activity-inbox":{"sidebar":{"id":"ActivityInbox","viewType":"ActivityInbox"},"primary":{"id":"ActivityEmpty","viewType":"ActivityEmpty"}},"unified-files":{"sidebar":{"id":"UnifiedFilesSidebar","viewType":"UnifiedFilesSidebar"},"primary":{"id":"BrowseUnifiedFiles","viewType":"BrowseUnifiedFiles"}},"solutions":{"sidebar":{"id":"MoreSolutionsSidebar","viewType":"MoreSolutionsSidebar"},"primary":{"id":"Solutions","viewType":"Solutions"}},"agents":{"sidebar":{"id":"MoreAgentsSidebar","viewType":"MoreAgentsSidebar"},"primary":{"id":"Agents","viewType":"Agents"}},"sidekicks":{"sidebar":{"id":"MoreSidekicksSidebar","viewType":"MoreSidekicksSidebar"},"primary":{"id":"Sidekicks","viewType":"Sidekicks"}},"slack-kit-playground":{"primary":{"id":"SlackKitPlayground","viewType":"SlackKitPlayground"}},"assistant":{"primary":{"id":"AssistantHome","viewType":"AssistantHome"}},"later":{"sidebar":{"id":"LaterList","viewType":"LaterList"},"primary":{"id":"Pempty","viewType":"Page"}},"sales-home":{"sidebar":{"id":"SalesSidebar","viewType":"SalesSidebar"},"primary":{"id":"SalesHome","viewType":"SalesHome"}},"records":{"primary":{"id":"RecordChannelCreate","viewType":"RecordChannelCreate"}},"external-connections":{"sidebar":{"id":"MoreExternalConnectionsSidebar","viewType":"MoreExternalConnectionsSidebar"},"primary":{"id":"ExternalOrganizations","viewType":"ExternalOrganizations"}},"browse":{"sidebar":{"id":"BrowseList","viewType":"BrowseList"},"primary":{"id":"RecentFiles","viewType":"RecentFiles"}},"search":{"sidebar":{"id":"Search","viewType":"Search"},"primary":{"id":"SearchEmpty","viewType":"SearchEmpty"}},"files":{"sidebar":{"id":"MoreFilesSidebar","viewType":"MoreFilesSidebar"},"primary":{"id":"RecentFiles","viewType":"RecentFiles"}},"people":{"primary":{"id":"BrowsePeople","viewType":"BrowsePeople"},"sidebar":{"id":"MorePeopleSidebar","viewType":"MorePeopleSidebar"}},"channels":{"primary":{"id":"BrowseChannels","viewType":"BrowseChannels"}},"platform":{"sidebar":{"id":"MorePlatformSidebar","viewType":"MorePlatformSidebar"},"primary":{"id":"Pempty","viewType":"Page"}},"lists":{"sidebar":{"id":"MoreListsSidebar","viewType":"MoreListsSidebar"},"primary":{"id":"Pbrowse-lists","viewType":"BrowseLists"}},"todos":{"primary":{"id":"Ptodos","viewType":"Tasks"}},"huddles":{"primary":{"id":"Phuddles","viewType":"Page"}},"bbm":{"sidebar":{"id":"BBMMain","viewType":"BBMMain"}},"admin":{"sidebar":{"id":"Admin","viewType":"Admin"}},"today":{"primary":{"id":"Ptoday-v2","viewType":"TodayV2"}},"id":"fc407cdf-76ca-48ff-b626-d542beaedcd3","ts":1770079485549,"teamId":"T06AU05DL0L","isIA4":true},{"__activeTab":"home","home":{"sidebar":{"id":"ChannelList","viewType":"ChannelList"},"primary":{"id":"C06ARGB5GCS","viewType":"Channel","uiState":{"unreadLineVisible":true}}},"dms":{"sidebar":{"id":"DmsList","viewType":"DmsList"},"primary":{"id":"Pempty","viewType":"Page"}},"activity":{"sidebar":{"id":"ActivityList","viewType":"ActivityList"},"primary":{"id":"Pempty","viewType":"Page"}},"activity-inbox":{"sidebar":{"id":"ActivityInbox","viewType":"ActivityInbox"},"primary":{"id":"ActivityEmpty","viewType":"ActivityEmpty"}},"unified-files":{"sidebar":{"id":"UnifiedFilesSidebar","viewType":"UnifiedFilesSidebar"},"primary":{"id":"BrowseUnifiedFiles","viewType":"BrowseUnifiedFiles"}},"solutions":{"sidebar":{"id":"MoreSolutionsSidebar","viewType":"MoreSolutionsSidebar"},"primary":{"id":"Solutions","viewType":"Solutions"}},"agents":{"sidebar":{"id":"MoreAgentsSidebar","viewType":"MoreAgentsSidebar"},"primary":{"id":"Agents","viewType":"Agents"}},"sidekicks":{"sidebar":{"id":"MoreSidekicksSidebar","viewType":"MoreSidekicksSidebar"},"primary":{"id":"Sidekicks","viewType":"Sidekicks"}},"slack-kit-playground":{"primary":{"id":"SlackKitPlayground","viewType":"SlackKitPlayground"}},"assistant":{"primary":{"id":"AssistantHome","viewType":"AssistantHome"}},"later":{"sidebar":{"id":"LaterList","viewType":"LaterList"},"primary":{"id":"Pempty","viewType":"Page"}},"sales-home":{"sidebar":{"id":"SalesSidebar","viewType":"SalesSidebar"},"primary":{"id":"SalesHome","viewType":"SalesHome"}},"records":{"primary":{"id":"RecordChannelCreate","viewType":"RecordChannelCreate"}},"external-connections":{"sidebar":{"id":"MoreExternalConnectionsSidebar","viewType":"MoreExternalConnectionsSidebar"},"primary":{"id":"ExternalOrganizations","viewType":"ExternalOrganizations"}},"browse":{"sidebar":{"id":"BrowseList","viewType":"BrowseList"},"primary":{"id":"RecentFiles","viewType":"RecentFiles"}},"search":{"sidebar":{"id":"Search","viewType":"Search"},"primary":{"id":"SearchEmpty","viewType":"SearchEmpty"}},"files":{"sidebar":{"id":"MoreFilesSidebar","viewType":"MoreFilesSidebar"},"primary":{"id":"RecentFiles","viewType":"RecentFiles"}},"people":{"primary":{"id":"BrowsePeople","viewType":"BrowsePeople"},"sidebar":{"id":"MorePeopleSidebar","viewType":"MorePeopleSidebar"}},"channels":{"primary":{"id":"BrowseChannels","viewType":"BrowseChannels"}},"platform":{"sidebar":{"id":"MorePlatformSidebar","viewType":"MorePlatformSidebar"},"primary":{"id":"Pempty","viewType":"Page"}},"lists":{"sidebar":{"id":"MoreListsSidebar","viewType":"MoreListsSidebar"},"primary":{"id":"Pbrowse-lists","viewType":"BrowseLists"}},"todos":{"primary":{"id":"Ptodos","viewType":"Tasks"}},"huddles":{"primary":{"id":"Phuddles","viewType":"Page"}},"bbm":{"sidebar":{"id":"BBMMain","viewType":"BBMMain"}},"admin":{"sidebar":{"id":"Admin","viewType":"Admin"}},"today":{"primary":{"id":"Ptoday-v2","viewType":"TodayV2"}},"id":"30bc6bd4-78d2-4fb4-ad06-264b943aad18","ts":1770079483968,"teamId":"T06AU05DL0L","isIA4":true}],"viewLayoutLastSidebarWidth":180,"conversationIncomingMessageSound":"","conversationSentMessageSound":"","conversationIncomingMessageAnnouncement":true,"viewLayoutIsWorkspaceSwitcherVisible":true,"hasSeenWorkspaceSwitcherAwareness":true}. 
[02/16/26, 10:00:10:618] info: [LOCAL-CONFIG] ingestIncomingConfig(): teams before: T06AU05DL0L:U07N70LR48G,T08KF7TD5AN:U08KG48A77W, teams now: (none) 
[02/16/26, 10:00:10:619] info: [BOOT] Initial user team ID: undefined 
[02/16/26, 10:00:10:620] warn: [AUTH] Not signed into any teams 
[02/16/26, 10:00:10:620] info: [AUTH] Navigating to sign-in 
[02/16/26, 10:00:10:621] info: [AUTH] SSB Sign in. Expired team id: T06AU05DL0L {"orderedTeamIds":["T06AU05DL0L","T08KF7TD5AN"],"prevTeams":{"T06AU05DL0L":{"id":"T06AU05DL0L","name":"MASAKEN","url":"https://masaken-hq.slack.com/","domain":"masaken-hq","user_locale":"en-US","user_id":"U07N70LR48G","is_unified_user_client_enabled":true,"icon":{"image_68":"https://a.slack-edge.com/80588/img/avatars-teams/ava_0023-68.png","image_88":"https://a.slack-edge.com/80588/img/avatars-teams/ava_0023-88.png","image_default":true},"channelSidebarBackground":"#19171D","teamSwitcherBackground":"rgb(5,3,9)","textColor":"#D1D2D3","customTheme":false,"windowGradient":true,"iaTheming":{"primary":{"palette":"aubergine"},"highlight1":{"palette":"aubergine"},"highlight2":{"palette":"jade"},"important":{"palette":"aubergine"},"brightness":6,"sidebarInverted":true,"useCustomHex":false,"mode":"dark"},"topNavBackground":"#121016","topNavTextColor":"#D1D2D3","versionDataTs":1769946127,"lastViewState":{"__activeTab":"home","home":{"sidebar":{"id":"ChannelList","viewType":"ChannelList","uiState":{"ghostLastRead":"1769574682.740079"}},"primary":{"id":"D07MJ421FB5","viewType":"Channel","params":{"parentTab":"D07MJ421FB5"},"uiState":{"preventMoveFocus":false}}},"dms":{"sidebar":{"id":"DmsList","viewType":"DmsList"},"primary":{"id":"Pempty","viewType":"Page"}},"activity":{"sidebar":{"id":"ActivityList","viewType":"ActivityList"},"primary":{"id":"Pempty","viewType":"Page"}},"activity-inbox":{"sidebar":{"id":"ActivityInbox","viewType":"ActivityInbox"},"primary":{"id":"ActivityEmpty","viewType":"ActivityEmpty"}},"unified-files":{"sidebar":{"id":"UnifiedFilesSidebar","viewType":"UnifiedFilesSidebar"},"primary":{"id":"BrowseUnifiedFiles","viewType":"BrowseUnifiedFiles"}},"solutions":{"sidebar":{"id":"MoreSolutionsSidebar","viewType":"MoreSolutionsSidebar"},"primary":{"id":"Solutions","viewType":"Solutions"}},"agents":{"sidebar":{"id":"MoreAgentsSidebar","viewType":"MoreAgentsSidebar"},"primary":{"id":"Agents","viewType":"Agents"}},"sidekicks":{"sidebar":{"id":"MoreSidekicksSidebar","viewType":"MoreSidekicksSidebar"},"primary":{"id":"Sidekicks","viewType":"Sidekicks"}},"slack-kit-playground":{"primary":{"id":"SlackKitPlayground","viewType":"SlackKitPlayground"}},"assistant":{"primary":{"id":"AssistantHome","viewType":"AssistantHome"}},"later":{"sidebar":{"id":"LaterList","viewType":"LaterList"},"primary":{"id":"Pempty","viewType":"Page"}},"sales-home":{"sidebar":{"id":"SalesSidebar","viewType":"SalesSidebar"},"primary":{"id":"SalesHome","viewType":"SalesHome"}},"records":{"primary":{"id":"RecordChannelCreate","viewType":"RecordChannelCreate"}},"external-connections":{"sidebar":{"id":"MoreExternalConnectionsSidebar","viewType":"MoreExternalConnectionsSidebar"},"primary":{"id":"ExternalOrganizations","viewType":"ExternalOrganizations"}},"browse":{"sidebar":{"id":"BrowseList","viewType":"BrowseList"},"primary":{"id":"RecentFiles","viewType":"RecentFiles"}},"search":{"sidebar":{"id":"Search","viewType":"Search"},"primary":{"id":"SearchEmpty","viewType":"SearchEmpty"}},"files":{"sidebar":{"id":"MoreFilesSidebar","viewType":"MoreFilesSidebar"},"primary":{"id":"RecentFiles","viewType":"RecentFiles"}},"people":{"primary":{"id":"BrowsePeople","viewType":"BrowsePeople"},"sidebar":{"id":"MorePeopleSidebar","viewType":"MorePeopleSidebar"}},"channels":{"primary":{"id":"BrowseChannels","viewType":"BrowseChannels"}},"platform":{"sidebar":{"id":"MorePlatformSidebar","viewType":"MorePlatformSidebar"},"primary":{"id":"Pempty","viewType":"Page"}},"lists":{"sidebar":{"id":"MoreListsSidebar","viewType":"MoreListsSidebar"},"primary":{"id":"Pbrowse-lists","viewType":"BrowseLists"}},"todos":{"primary":{"id":"Ptodos","viewType":"Tasks"}},"huddles":{"primary":{"id":"Phuddles","viewType":"Page"}},"bbm":{"sidebar":{"id":"BBMMain","viewType":"BBMMain"}},"admin":{"sidebar":{"id":"Admin","viewType":"Admin"}},"today":{"primary":{"id":"Ptoday-v2","viewType":"TodayV2"}}},"isExpired":true},"T08KF7TD5AN":{"id":"T08KF7TD5AN","name":"JSTさきがけ未来数理科学「最適輸送理論による細胞分化ダイナミクスの推定・制御基盤の構築」","url":"https://jst-as13331.slack.com/","domain":"jst-as13331","user_locale":"en-US","user_id":"U08KG48A77W","is_unified_user_client_enabled":true,"icon":{"image_68":"https://a.slack-edge.com/80588/img/avatars-teams/ava_0026-68.png","image_88":"https://a.slack-edge.com/80588/img/avatars-teams/ava_0026-88.png","image_default":true},"channelSidebarBackground":"#19171D","teamSwitcherBackground":"rgb(5,3,9)","textColor":"#D1D2D3","customTheme":false,"windowGradient":true,"iaTheming":{"primary":{"palette":"aubergine"},"highlight1":{"palette":"aubergine"},"highlight2":{"palette":"jade"},"important":{"palette":"aubergine"},"brightness":6,"sidebarInverted":true,"useCustomHex":false,"mode":"dark"},"topNavBackground":"#121016","topNavTextColor":"#D1D2D3","versionDataTs":1769946127,"lastViewState":{"__activeTab":"home","home":{"sidebar":{"id":"ChannelList","viewType":"ChannelList"},"primary":{"id":"C08KF7TD62W","viewType":"Channel"}},"dms":{"sidebar":{"id":"DmsList","viewType":"DmsList"},"primary":{"id":"Pempty","viewType":"Page"}},"activity":{"sidebar":{"id":"ActivityList","viewType":"ActivityList"},"primary":{"id":"Pempty","viewType":"Page"}},"activity-inbox":{"sidebar":{"id":"ActivityInbox","viewType":"ActivityInbox"},"primary":{"id":"ActivityEmpty","viewType":"ActivityEmpty"}},"unified-files":{"sidebar":{"id":"UnifiedFilesSidebar","viewType":"UnifiedFilesSidebar"},"primary":{"id":"BrowseUnifiedFiles","viewType":"BrowseUnifiedFiles"}},"solutions":{"sidebar":{"id":"MoreSolutionsSidebar","viewType":"MoreSolutionsSidebar"},"primary":{"id":"Solutions","viewType":"Solutions"}},"agents":{"sidebar":{"id":"MoreAgentsSidebar","viewType":"MoreAgentsSidebar"},"primary":{"id":"Agents","viewType":"Agents"}},"sidekicks":{"sidebar":{"id":"MoreSidekicksSidebar","viewType":"MoreSidekicksSidebar"},"primary":{"id":"Sidekicks","viewType":"Sidekicks"}},"slack-kit-playground":{"primary":{"id":"SlackKitPlayground","viewType":"SlackKitPlayground"}},"assistant":{"primary":{"id":"AssistantHome","viewType":"AssistantHome"}},"later":{"sidebar":{"id":"LaterList","viewType":"LaterList"},"primary":{"id":"Pempty","viewType":"Page"}},"sales-home":{"sidebar":{"id":"SalesSidebar","viewType":"SalesSidebar"},"primary":{"id":"SalesHome","viewType":"SalesHome"}},"records":{"primary":{"id":"RecordChannelCreate","viewType":"RecordChannelCreate"}},"external-connections":{"sidebar":{"id":"MoreExternalConnectionsSidebar","viewType":"MoreExternalConnectionsSidebar"},"primary":{"id":"ExternalOrganizations","viewType":"ExternalOrganizations"}},"browse":{"sidebar":{"id":"BrowseList","viewType":"BrowseList"},"primary":{"id":"RecentFiles","viewType":"RecentFiles"}},"search":{"sidebar":{"id":"Search","viewType":"Search"},"primary":{"id":"SearchEmpty","viewType":"SearchEmpty"}},"files":{"sidebar":{"id":"MoreFilesSidebar","viewType":"MoreFilesSidebar"},"primary":{"id":"RecentFiles","viewType":"RecentFiles"}},"people":{"primary":{"id":"BrowsePeople","viewType":"BrowsePeople"},"sidebar":{"id":"MorePeopleSidebar","viewType":"MorePeopleSidebar"}},"channels":{"primary":{"id":"BrowseChannels","viewType":"BrowseChannels"}},"platform":{"sidebar":{"id":"MorePlatformSidebar","viewType":"MorePlatformSidebar"},"primary":{"id":"Pempty","viewType":"Page"}},"lists":{"sidebar":{"id":"MoreListsSidebar","viewType":"MoreListsSidebar"},"primary":{"id":"Pbrowse-lists","viewType":"BrowseLists"}},"todos":{"primary":{"id":"Ptodos","viewType":"Tasks"}},"huddles":{"primary":{"id":"Phuddles","viewType":"Page"}},"bbm":{"sidebar":{"id":"BBMMain","viewType":"BBMMain"}},"admin":{"sidebar":{"id":"Admin","viewType":"Admin"}},"today":{"primary":{"id":"Ptoday-v2","viewType":"TodayV2"}}},"isExpired":true}}} 
[02/16/26, 10:00:10:621] info: [AUTH] Expired team: T06AU05DL0L. Sign in url: https://app.slack.com/ssb/first?v=4.47.69&redir=%2Fgantry%2Fauth%3Fapp%3Dclient%26lc%3D1771203575%26return_to%3D%252Fclient%252FT06AU05DL0L%26teams%3DT06AU05DL0L%252CT08KF7TD5AN&team=T06AU05DL0L 
[02/16/26, 10:00:10:631] info: Breadcrumb: fetch: undefined {
  "method": "GET",
  "url": "[REDACTED]",
  "status_code": 200
} 
[02/16/26, 10:00:10:632] info: [DESKTOP PRELOAD]	Network status check {
  "elapsed_time_ms": 327,
  "navigator_online": true,
  "api_test": "online"
} 
[02/16/26, 10:00:10:634] info: Store: UPSERT_WEB_CONTENTS {
  "id": 1,
  "history": "[REDACTED]"
} 
[02/16/26, 10:00:10:639] info: Store: SET_NETWORK_STATUS online 
[02/16/26, 10:00:11:089] info: Starting Sentry (Preload) 
[02/16/26, 10:00:11:090] info: getSentryDSN: Setting sentry URL to slack.com 
[02/16/26, 10:00:11:093] info: [DESKTOP PRELOAD]	Creating desktop interface object 
[02/16/26, 10:00:11:094] info: [DESKTOP PRELOAD]	Exposing context bridge 
[02/16/26, 10:00:11:696] info: Store: UPDATE_SETTINGS {
  "userTheme": "light"
} 
[02/16/26, 10:00:11:699] info: 10 CDN assets loaded OK 
[02/16/26, 10:00:11:703] info: [TRACER] Tracing is not sampled by default for this session. 
[02/16/26, 10:00:11:705] warn: TELEMETRY You tried to get a team-specific telemeter but didn’t provide enough context and are getting the generic telemeter instead which is likely not what you want. 
[02/16/26, 10:00:11:707] warn: TELEMETRY You tried to get a team-specific telemeter but didn’t provide enough context and are getting the generic telemeter instead which is likely not what you want. 
[02/16/26, 10:00:11:724] warn: (T00000000) [PORTABLE-REACT-MODAL] Unable to find undefined 
[02/16/26, 10:00:11:780] info: Store: UPDATE_SETTINGS {
  "systemThemeSyncEnabled": false
} 
[02/16/26, 10:00:11:792] info: Store: UPSERT_WEB_CONTENTS {
  "id": 1,
  "state": "loaded"
} 
[02/16/26, 10:00:12:081] info: Breadcrumb: fetch: undefined {
  "method": "GET",
  "url": "[REDACTED]",
  "status_code": 200
} 
[02/16/26, 10:00:12:082] info: [DESKTOP PRELOAD]	Network status check {
  "elapsed_time_ms": 384,
  "navigator_online": true,
  "api_test": "online"
} 
[02/16/26, 10:00:12:083] info: Store: SET_NETWORK_STATUS online 
[02/16/26, 10:00:21:742] info: Breadcrumb: ui.click: p > a > button.c-link--button.c-link--invert.button[type="button"]  
[02/16/26, 10:00:22:135] info: Store: UPDATE_SETTINGS {
  "lastClogForProxyInfo": 1771203622129
} 
[02/16/26, 10:00:23:406] info: Breadcrumb: ui.click: div.p-find_workspaces__name > div.p-find_workspaces__title  
[02/16/26, 10:00:25:956] info: Breadcrumb: ui.click: div.p-find_workspaces__name > div.p-find_workspaces__title  
[02/16/26, 10:00:30:870] info: Store: RELOAD  
[02/16/26, 10:00:31:353] info: Starting Sentry (Preload) 
[02/16/26, 10:00:31:353] info: getSentryDSN: Setting sentry URL to slack.com 
[02/16/26, 10:00:31:355] info: [DESKTOP PRELOAD]	Creating desktop interface object 
[02/16/26, 10:00:31:355] info: [DESKTOP PRELOAD]	Exposing context bridge 
[02/16/26, 10:00:31:791] info: Store: UPDATE_SETTINGS {
  "userTheme": "light"
} 
[02/16/26, 10:00:31:800] info: Store: UPDATE_SETTINGS {
  "systemThemeSyncEnabled": false
} 
[02/16/26, 10:00:31:801] info: 10 CDN assets loaded OK 
[02/16/26, 10:00:31:813] info: [TRACER] Tracing is not sampled by default for this session. 
[02/16/26, 10:00:31:815] warn: TELEMETRY You tried to get a team-specific telemeter but didn’t provide enough context and are getting the generic telemeter instead which is likely not what you want. 
[02/16/26, 10:00:31:830] warn: (T00000000) [PORTABLE-REACT-MODAL] Unable to find undefined 
[02/16/26, 10:00:31:877] info: Store: UPSERT_WEB_CONTENTS {
  "id": 1,
  "state": "loaded"
} 
[02/16/26, 10:00:32:204] info: Breadcrumb: fetch: undefined {
  "method": "GET",
  "url": "[REDACTED]",
  "status_code": 200
} 
[02/16/26, 10:00:32:206] info: [DESKTOP PRELOAD]	Network status check {
  "elapsed_time_ms": 329,
  "navigator_online": true,
  "api_test": "online"
} 
[02/16/26, 10:00:32:209] info: Store: SET_NETWORK_STATUS online 
[02/16/26, 10:00:35:019] info: Breadcrumb: ui.click: div#page_contents > div.p-autoclog__hook > div.p-find_workspaces.is-loaded  
[02/16/26, 10:00:48:993] info: Store: UPDATE_SETTINGS {
  "mainWindowSettings": {
    "fullScreen": false,
    "maximized": false,
    "bounds": {
      "x": 0,
      "y": 0,
      "width": 1256,
      "height": 748
    }
  }
} 
[02/16/26, 10:00:50:385] info: Breadcrumb: ui.click: a.c-link.c-button.c-button--outline.c-button--medium.p-find_workspaces__signin_button  
[02/16/26, 10:00:52:834] info: Breadcrumb: ui.click: a.c-link.c-button.c-button--outline.c-button--medium.p-find_workspaces__signin_button  
[02/16/26, 10:01:55:287] info: Store: HANDLE_DEEP_LINK {
  "url": "[REDACTED]"
} 
[02/16/26, 10:01:55:287] info: Store: MAGIC_LOGIN_IN_PROGRESS true 
[02/16/26, 10:01:55:288] info: Store: FOCUS_WINDOW  
[02/16/26, 10:01:55:288] info: Store: UPSERT_WEB_CONTENTS {
  "id": 2,
  "state": "unloaded"
} 
[02/16/26, 10:01:56:043] info: Store: UPSERT_WEB_CONTENTS {
  "id": 2,
  "state": "loaded"
} 
[02/16/26, 10:01:56:051] info: Store: UPSERT_WEB_CONTENTS {
  "id": 2,
  "type": "auth",
  "history": "[REDACTED]"
} 
[02/16/26, 10:01:56:057] info: Store: UPSERT_WEB_CONTENTS {
  "id": 2,
  "state": "page-closed"
} 
[02/16/26, 10:01:56:064] info: Store: MAGIC_LOGIN_IN_PROGRESS false 
[02/16/26, 10:01:56:064] info: Store: REMOVE_WEB_CONTENTS {
  "id": 2
} 
[02/16/26, 10:01:59:217] info: Breadcrumb: ui.click: a.c-link.c-button.c-button--outline.c-button--medium.p-find_workspaces__signin_button  
[02/16/26, 10:02:52:534] info: Store: HANDLE_DEEP_LINK {
  "url": "[REDACTED]"
} 
[02/16/26, 10:02:52:534] info: Store: MAGIC_LOGIN_IN_PROGRESS true 
[02/16/26, 10:02:52:536] info: Store: FOCUS_WINDOW  
[02/16/26, 10:02:52:536] info: Store: UPSERT_WEB_CONTENTS {
  "id": 3,
  "state": "unloaded"
} 
[02/16/26, 10:02:53:264] info: Store: UPSERT_WEB_CONTENTS {
  "id": 3,
  "state": "loaded"
} 
[02/16/26, 10:02:53:271] info: Store: UPSERT_WEB_CONTENTS {
  "id": 3,
  "type": "auth",
  "history": "[REDACTED]"
} 
[02/16/26, 10:02:53:275] info: Store: UPSERT_WEB_CONTENTS {
  "id": 3,
  "state": "page-closed"
} 
[02/16/26, 10:02:53:281] info: Store: MAGIC_LOGIN_IN_PROGRESS false 
[02/16/26, 10:02:53:282] info: Store: REMOVE_WEB_CONTENTS {
  "id": 3
} 
[02/16/26, 10:02:56:353] info: Breadcrumb: ui.click: div.p-find_workspaces__name > div.p-find_workspaces__url  
[02/16/26, 10:03:02:047] info: Store: QUIT_APP  
[02/16/26, 10:03:02:047] info: Store: DOWNLOADS_CLEANED_UP  
[02/16/26, 10:03:02:053] info: Store: UPSERT_WEB_CONTENTS {
  "id": 1,
  "state": "page-closed"
} 
[02/16/26, 10:03:27:737] info: 
╔═════════════════════════════════════════════════════════╗
║      Slack 4.47.69, linux 6.18.9-zen1-2-zen on x64      ║
╚═════════════════════════════════════════════════════════╝ 
[02/16/26, 10:03:27:737] info: Configured logger via 
{
  "enableConsoleTransport": true,
  "identifierOverride": "webapp-console",
  "loggerInstanceCount": 3
}
[02/16/26, 10:03:27:738] info: Predefined values for process 
{
  "NODE_ENV": "production",
  "platform": "linux",
  "type": "browser",
  "timeZone": "Asia/Tokyo",
  "PACKAGE_MANIFEST.productName": "Slack",
  "PACKAGE_MANIFEST.version": "4.47.69",
  "PACKAGE_MANIFEST.commit": "72d60eb",
  "PACKAGE_MANIFEST.branch": "HEAD"
}
[02/16/26, 10:03:28:635] info: Starting Sentry (Preload) 
[02/16/26, 10:03:28:635] info: getSentryDSN: Setting sentry URL to slack.com 
[02/16/26, 10:03:28:639] info: [DESKTOP PRELOAD]	Creating desktop interface object 
[02/16/26, 10:03:28:640] info: [DESKTOP PRELOAD]	Exposing context bridge 
[02/16/26, 10:03:28:644] info: Store: WINDOW_CREATED {
  "type": "main",
  "webappType": "app",
  "id": 2,
  "frame": {
    "isHtmlFullScreen": false,
    "isCurrentlyAudible": false,
    "isFullScreen": false,
    "isMinimized": false,
    "isMaximized": false,
    "isVisible": false,
    "isFocused": false,
    "bounds": {
      "x": 0,
      "y": 0,
      "width": 1256,
      "height": 748
    },
    "hasVibrancy": false,
    "isAlwaysOnTop": false
  }
} 
[02/16/26, 10:03:28:645] info: Store: RECORD_PERFORMANCE_TIMING {
  "phase": 1,
  "interval": 79
} 
[02/16/26, 10:03:28:646] info: Store: SET_UPDATE_SUPPORTED false 
[02/16/26, 10:03:28:646] info: Store: UPSERT_WEB_CONTENTS {
  "id": 2,
  "state": "unloaded",
  "type": "app"
} 
[02/16/26, 10:03:28:646] info: Store: SET_HW_ACCEL_AVAILABILITY enabled 
[02/16/26, 10:03:28:646] info: Store: UPDATE_DESKTOP_FEATURES [
  "desktop_loading_screen",
  "extended_unresponsive_timeout"
] 
[02/16/26, 10:03:28:646] info: Store: UPDATE_SETTINGS {
  "signInMethod": "browser"
} 
[02/16/26, 10:03:28:647] info: Store: UPDATE_SETTINGS {
  "devToolsEnabled": false
} 
[02/16/26, 10:03:28:648] info: Store: MAGIC_LOGIN_IN_PROGRESS false 
[02/16/26, 10:03:28:880] info: Store: UPDATE_SETTINGS {
  "userTheme": "light"
} 
[02/16/26, 10:03:28:880] info: 10 CDN assets loaded OK 
[02/16/26, 10:03:28:887] info: [TRACER] Tracing is not sampled by default for this session. 
[02/16/26, 10:03:28:888] warn: TELEMETRY You tried to get a team-specific telemeter but didn’t provide enough context and are getting the generic telemeter instead which is likely not what you want. 
[02/16/26, 10:03:28:890] warn: TELEMETRY You tried to get a team-specific telemeter but didn’t provide enough context and are getting the generic telemeter instead which is likely not what you want. 
[02/16/26, 10:03:28:898] info: Slow network is detected. See https://www.chromestatus.com/feature/5636954674692096 for more details. Fallback font will be used while loading: https://a.slack-edge.com/bv1-13-br/avant-garde-8402dfbd4149ce947d8b.woff2 
[02/16/26, 10:03:28:949] info: Store: UPDATE_SETTINGS {
  "systemThemeSyncEnabled": false
} 
[02/16/26, 10:03:28:950] info: Store: UPSERT_WEB_CONTENTS {
  "id": 2,
  "state": "loaded"
} 
[02/16/26, 10:03:28:952] info: Store: RECORD_PERFORMANCE_TIMING {
  "phase": 2,
  "interval": 3562
} 
[02/16/26, 10:03:28:982] info: Store: MAIN_WINDOW_SHOWN  
[02/16/26, 10:03:28:982] info: Store: CLEAR_NOTIFICATIONS  
[02/16/26, 10:03:29:002] info: Store: UPSERT_WEB_CONTENTS {
  "id": 2,
  "type": "app",
  "history": "[REDACTED]"
} 
[02/16/26, 10:03:29:582] info: Breadcrumb: fetch: undefined {
  "method": "GET",
  "url": "[REDACTED]",
  "status_code": 200
} 
[02/16/26, 10:03:29:586] info: [DESKTOP PRELOAD]	Network status check {
  "elapsed_time_ms": 449,
  "navigator_online": true,
  "api_test": "online"
} 
[02/16/26, 10:03:29:587] info: Store: SET_NETWORK_STATUS online 
[02/16/26, 10:03:29:956] info: Store: UPDATE_SETTINGS {
  "mainWindowSettings": {
    "fullScreen": false,
    "maximized": false,
    "bounds": {
      "x": 0,
      "y": 0,
      "width": 668,
      "height": 748
    }
  }
} 
[02/16/26, 10:03:33:051] info: Breadcrumb: ui.click: a.c-link.c-button.c-button--primary.c-button--large.p-ssb_landing__button.c-button--focus-visible.p-ssb_landing_button_focus  
[02/16/26, 10:04:05:177] info: Store: HANDLE_DEEP_LINK {
  "url": "[REDACTED]"
} 
[02/16/26, 10:04:05:177] info: Store: MAGIC_LOGIN_IN_PROGRESS true 
[02/16/26, 10:04:05:179] info: Store: FOCUS_WINDOW  
[02/16/26, 10:04:05:179] info: Store: UPSERT_WEB_CONTENTS {
  "id": 3,
  "state": "unloaded"
} 
[02/16/26, 10:04:06:088] info: Store: UPSERT_WEB_CONTENTS {
  "id": 2,
  "history": "[REDACTED]"
} 
[02/16/26, 10:04:06:146] info: Store: UPSERT_WEB_CONTENTS {
  "id": 3,
  "state": "loaded"
} 
[02/16/26, 10:04:06:161] info: Store: UPSERT_WEB_CONTENTS {
  "id": 3,
  "type": "auth",
  "history": "[REDACTED]"
} 
[02/16/26, 10:04:06:170] info: Store: UPSERT_WEB_CONTENTS {
  "id": 3,
  "state": "page-closed"
} 
[02/16/26, 10:04:06:183] info: Store: MAGIC_LOGIN_IN_PROGRESS false 
[02/16/26, 10:04:06:183] info: Store: REMOVE_WEB_CONTENTS {
  "id": 3
} 
[02/16/26, 10:04:07:315] info: Starting Sentry (Preload) 
[02/16/26, 10:04:07:316] info: getSentryDSN: Setting sentry URL to slack.com 
[02/16/26, 10:04:07:320] info: [DESKTOP PRELOAD]	Creating desktop interface object 
[02/16/26, 10:04:07:321] info: [DESKTOP PRELOAD]	Exposing context bridge 
[02/16/26, 10:04:07:587] info: Store: UPSERT_WEB_CONTENTS {
  "id": 2,
  "state": "loaded"
} 
[02/16/26, 10:04:07:723] info: [METRICS] Starting timers for metrics collection 
[02/16/26, 10:04:08:140] info: [APP] client-v2 
[02/16/26, 10:04:08:140] info: [DATE/TIME] 1771203848139 "2026-02-16T01:04:08.139Z" 
[02/16/26, 10:04:08:140] info: [VERSION] version_hash: ca3841b7cf0f391005d0e99703420f93cb6530c8 
[02/16/26, 10:04:08:140] info: [VERSION] version_ts: 1771118251 
[02/16/26, 10:04:08:140] info: [VERSION] min_version_data_ts: 1722374725 
[02/16/26, 10:04:08:141] info: [URL] https://app.slack.com/client 
[02/16/26, 10:04:08:141] info: [AUTH] authCookieChanged: started listening to the event 
[02/16/26, 10:04:08:141] info: [AUTH] Need to re-fetch auth (sc=true, psc=1771203575, csc=1771203812, mfc=false, lf=1771203576, mf=1635006011, sae=false) 
[02/16/26, 10:04:08:141] info: [AUTH] fetchAuthAndReturnToUrl: auth fetch times: 1771203848140 
[02/16/26, 10:04:08:141] info: [AUTH] fetchAuthAndReturnToUrl: will return to /client 
[02/16/26, 10:04:08:141] info: [AUTH] fetchAuthAndReturnToUrl: fetching credentials with iframe at /auth?app=client&lc=1771203575&return_to=%2Fclient&teams=T06AU05DL0L%2CT08KF7TD5AN 
[02/16/26, 10:04:08:182] info: [WD] All assets have reported back; s: 7; f: 0 
[02/16/26, 10:04:08:183] info: Store: UPDATE_SETTINGS {
  "userTheme": "dark"
} 
[02/16/26, 10:04:08:184] info: Store: UPDATE_SETTINGS {
  "systemThemeSyncEnabled": true
} 
[02/16/26, 10:04:08:509] info: [AUTH] credentials are ready 
[02/16/26, 10:04:08:523] info: [AUTH] credentials are ready ({"added":["T06AU05DL0L","T08KF7TD5AN"],"changed":[],"removed":[],"pending":[],"isNoOp":false,"areChangedTeamsIncompatible":true}) 
[02/16/26, 10:04:08:524] info: [LOCAL-CONFIG] ingestIncomingConfig(): processing 1150 bytes of data 
[02/16/26, 10:04:08:533] info: [LOCAL-CONFIG] ingestIncomingConfig(): teams before: (none), teams now: T06AU05DL0L:U07N70LR48G,T08KF7TD5AN:U08KG48A77W 
[02/16/26, 10:04:08:533] info: [BOOT] Initial user team ID: T06AU05DL0L 
[02/16/26, 10:04:08:537] info: [BOOT] (T06AU05DL0L) Minimum supported data version is 1722374725; currently on undefined 
[02/16/26, 10:04:08:537] info: [BOOT] (T06AU05DL0L) Skipping checking persisted store because if it exists it's out of date 
[02/16/26, 10:04:08:538] info: [PERSIST] (T06AU05DL0L) Purging persisted model... 
[02/16/26, 10:04:08:543] info: [TRACER] Tracing is not sampled by default for this team. 
[02/16/26, 10:04:08:599] info: [TRACER] Tracing is not sampled by default for this session. 
[02/16/26, 10:04:08:606] info: [BOOT-QUEUE] T06AU05DL0L noversion-1771203848.602 features.access.policies.list called 
[02/16/26, 10:04:08:606] info: [BOOT-QUEUE] T06AU05DL0L noversion-1771203848.602 features.access.policies.list is ENQUEUED 
[02/16/26, 10:04:08:609] info: [BOOT-QUEUE] T06AU05DL0L noversion-1771203848.607 experiments.getByUser called 
[02/16/26, 10:04:08:609] info: [BOOT-QUEUE] T06AU05DL0L noversion-1771203848.607 experiments.getByUser is ENQUEUED 
[02/16/26, 10:04:08:609] info: [BOOT-QUEUE] T06AU05DL0L noversion-1771203848.608 api.features called 
[02/16/26, 10:04:08:610] info: [BOOT-QUEUE] T06AU05DL0L noversion-1771203848.608 api.features is ENQUEUED 
[02/16/26, 10:04:08:613] info: [BOOT-QUEUE] T06AU05DL0L noversion-1771203848.612 client.shouldReload called with reason: boot 
[02/16/26, 10:04:08:614] info: [BOOT-QUEUE] T06AU05DL0L noversion-1771203848.612 client.shouldReload is ENQUEUED 
[02/16/26, 10:04:08:614] info: [BOOT] Couldn't determine boot channel. Falling back to default channel 
[02/16/26, 10:04:08:617] info: Breadcrumb: fetch: undefined {
  "method": "GET",
  "url": "[REDACTED]",
  "status_code": 200
} 
[02/16/26, 10:04:08:620] info: Store: SELECTION_CHANGED T06AU05DL0L 
[02/16/26, 10:04:08:625] info: [OBJECT-STORE-T06AU05D] deleting database with shard name: objectStore-T06AU05DL0L-U07N70LR48G 
[02/16/26, 10:04:08:627] info: [DESKTOP PRELOAD]	Network status check {
  "elapsed_time_ms": 443,
  "navigator_online": true,
  "api_test": "online"
} 
[02/16/26, 10:04:08:635] info: Store: SET_NETWORK_STATUS online 
[02/16/26, 10:04:08:687] info: [EMOJI_TRANSLATION] Emoji translations not needed for default locale, only adding keywords 
[02/16/26, 10:04:08:689] info: [PERSIST] (T06AU05DL0L) Purged model 
[02/16/26, 10:04:08:714] info: [OBJECT-STORE] attempting to delete shards ["objectStore-T06AU05DL0L-U07N70LR48G"] 
[02/16/26, 10:04:08:736] info: [BOOT-QUEUE] T06AU05DL0L noversion-1771203848.602 features.access.policies.list is ACTIVE 
[02/16/26, 10:04:08:736] info: [BOOT-QUEUE] T06AU05DL0L noversion-1771203848.607 experiments.getByUser is ACTIVE 
[02/16/26, 10:04:08:736] info: [BOOT-QUEUE] T06AU05DL0L noversion-1771203848.608 api.features is ACTIVE 
[02/16/26, 10:04:08:736] info: [BOOT-QUEUE] T06AU05DL0L noversion-1771203848.612 client.shouldReload is ACTIVE 
[02/16/26, 10:04:08:796] info: [BOOT-QUEUE] T06AU05DL0L noversion-1771203848.795 client.userBoot called with reason: initial-data 
[02/16/26, 10:04:08:796] info: [BOOT-QUEUE] T06AU05DL0L noversion-1771203848.795 client.userBoot is ENQUEUED 
[02/16/26, 10:04:08:796] info: [BOOT-QUEUE] T06AU05DL0L noversion-1771203848.795 client.userBoot is ACTIVE 
[02/16/26, 10:04:09:932] info: [BOOT] (T06AU05DL0L) Booting with empty store 
[02/16/26, 10:04:09:935] info: [BOOT] (T06AU05DL0L) Configuring redux store 
[02/16/26, 10:04:09:945] info: [DESKTOP-MIDDLEWARE] (T06AU05DL0L) Forwarding redux payload to desktop ["theme","notificationPrefs","connectivityPrefs","featureFlags","unreads","locale","version","frontendBuildType","userId"] 
[02/16/26, 10:04:10:035] info: [WD] All assets have reported back; s: 15; f: 0 
[02/16/26, 10:04:10:043] info: [BOOT-QUEUE] T06AU05DL0L noversion-1771203848.608 api.features is RESOLVED 
[02/16/26, 10:04:10:045] info: [BOOT-QUEUE] T06AU05DL0L noversion-1771203848.612 client.shouldReload is RESOLVED 
[02/16/26, 10:04:10:045] info: [MIN-VERSION] No need to reload 
[02/16/26, 10:04:10:046] info: [BOOT-QUEUE] T06AU05DL0L noversion-1771203848.602 features.access.policies.list is RESOLVED 
[02/16/26, 10:04:10:048] info: [BOOT-QUEUE] T06AU05DL0L noversion-1771203848.795 client.userBoot is RESOLVED 
[02/16/26, 10:04:10:053] info: [BOOT-QUEUE] T06AU05DL0L noversion-1771203848.607 experiments.getByUser is RESOLVED 
[02/16/26, 10:04:10:053] info: [BOOT] Feature flag config version: 1771203815; Experiments config version: 1771203815 
[02/16/26, 10:04:10:054] info: [BOOT] Current earliest config version: 1771203815; All config versions: {"T06AU05DL0L":1771203815} 
[02/16/26, 10:04:10:057] info: [BOOT] (T06AU05DL0L) Dispatching API data 
[02/16/26, 10:04:10:057] info: [BOOT] (T06AU05DL0L) Dispatching boot data 
[02/16/26, 10:04:10:058] info: [DESKTOP-MIDDLEWARE] (T06AU05DL0L) Forwarding redux payload to desktop ["userId"] 
[02/16/26, 10:04:10:074] info: [DESKTOP-MIDDLEWARE] (T06AU05DL0L) Forwarding redux payload to desktop ["notificationPrefs","unreads"] 
[02/16/26, 10:04:10:076] info: [DESKTOP-MIDDLEWARE] (T06AU05DL0L) Forwarding redux payload to desktop ["connectivityPrefs"] 
[02/16/26, 10:04:10:092] info: [EMOJI_TRANSLATION] Emoji translations not needed for default locale, only adding keywords 
[02/16/26, 10:04:10:093] info: [API-Q] (T06AU05DL0L) ca3841b7-1771203850.093 search.autocomplete.topEmojis called with reason: loadEmoji-maybeReloadEmoji-setModelData 
[02/16/26, 10:04:10:094] info: [API-Q] (T06AU05DL0L) ca3841b7-1771203850.093 search.autocomplete.topEmojis is ENQUEUED 
[02/16/26, 10:04:10:094] info: [BOOT] (T06AU05DL0L) workspaces changed since last boot -- invalidating cached state 
[02/16/26, 10:04:10:095] info: [API-Q] (T06AU05DL0L) ca3841b7-1771203850.095 client.appCommands called with reason: set-model-data 
[02/16/26, 10:04:10:096] info: [API-Q] (T06AU05DL0L) ca3841b7-1771203850.095 client.appCommands is ENQUEUED 
[02/16/26, 10:04:10:096] info: [API-Q] (T06AU05DL0L) ca3841b7-1771203850.095 links.getDomains called with reason: siws-get-domains 
[02/16/26, 10:04:10:096] info: [API-Q] (T06AU05DL0L) ca3841b7-1771203850.095 links.getDomains is ENQUEUED 
[02/16/26, 10:04:10:097] info: [API-Q] (T06AU05DL0L) ca3841b7-1771203850.093 search.autocomplete.topEmojis is ACTIVE 
[02/16/26, 10:04:10:097] info: [API-Q] (T06AU05DL0L) ca3841b7-1771203850.095 client.appCommands is ACTIVE 
[02/16/26, 10:04:10:097] info: [API-Q] (T06AU05DL0L) ca3841b7-1771203850.095 links.getDomains is ACTIVE 
[02/16/26, 10:04:10:098] info: [BOOT] (T06AU05DL0L) Dispatching initial api data for initial view 
[02/16/26, 10:04:10:109] info: [BOOT] (T06AU05DL0L) processing mutation timestamps for C06ARGB5GCS 
[02/16/26, 10:04:10:109] info: [COUNTS] (T06AU05DL0L) purging cached history for channel C06ARGB5GCS since counts history_invalid 1717642140.003000 > cached historyInvalidTs undefined 
[02/16/26, 10:04:10:112] info: [PLATFORM-CHANNEL-ACTI] (T06AU05DL0L) setting count for channel C06ARGB5GCS to 0, and marking channel as stale. 
[02/16/26, 10:04:10:117] info: [NAVIGATION-MIDDLEWARE] Starting a new navigation middleware execution {"context":"client-boot","nextViewSet":{"sidebar":{"id":"ChannelList","viewType":"ChannelList"},"primary":{"id":"C06ARGB5GCS","viewType":"Channel"}},"middlewareCount":9} 
[02/16/26, 10:04:10:118] info: [BOOT] (T06AU05DL0L) Boot complete 
[02/16/26, 10:04:10:125] info: [DESKTOP-SIDE-EFFECT] (T06AU05DL0L) Reacting to  {"type":"[21] Set a value that represents whether we are currently in the boot phase","payload":false,"error":false} 
[02/16/26, 10:04:10:127] info: [AUTH] Installing incremental auth handler 
[02/16/26, 10:04:10:128] info: [SOCKET-MANAGER] (T06AU05DL0L) Changing from never_connected to prov_connect 
[02/16/26, 10:04:10:128] info: [SOCKET-MANAGER] (T06AU05DL0L) will stay in prov_connect state for up to 10000 ms 
[02/16/26, 10:04:10:128] info: [SOCKET-MANAGER] (T06AU05DL0L) Connecting with token ending: 074b 
[02/16/26, 10:04:10:128] info: [SOCKET-MANAGER] (T06AU05DL0L) Changing from prov_connect to prov_connecting 
[02/16/26, 10:04:10:128] info: [SOCKET-MANAGER] (T06AU05DL0L) will stay in prov_connecting state for up to 35000 ms 
[02/16/26, 10:04:10:129] info: [ENDPOINT-MANAGER] (T06AU05DL0L) No stale versions to clear. 
[02/16/26, 10:04:10:129] info: [ENDPOINT-MANAGER] (T06AU05DL0L) socketUrl - fetching endpoint 
[02/16/26, 10:04:10:129] info: [SOCKET-MANAGER-MIDDLE] (T06AU05DL0L) Initialized Socket Manager instance 
[02/16/26, 10:04:10:130] info: [NAVIGATION-MIDDLEWARE] Async action execution is complete for a view {"nextView":{"id":"ChannelList","viewType":"ChannelList"},"results":[["EnsureChannelHasParentTabMiddleware",false],["EnsureMessagesTabHasTabIdMiddleware",false],["RedirectFileChannel",false],["RedirectChannelCanvasToCanvas",false],["AttemptToSetSolutionsGalleryPref",false],["EnsureAppViewType",false],["CanvasSetScrollParam",false],["EnsureActivityInboxMiddleware",false],["EnsureSearchSidebarPrototypeMiddleware",false]],"shouldTerminateNavigation":false,"executionTime":12.700000000011642} 
[02/16/26, 10:04:10:132] info: [NAVIGATION-MIDDLEWARE] Finish middleware execution for sidebar container {"maybeTransformedViewSet":{"sidebar":{"id":"ChannelList","viewType":"ChannelList"},"primary":{"id":"C06ARGB5GCS","viewType":"Channel"}},"terminateNavigation":false,"isViewTransformed":false,"iterationCount":0,"executionTime":14.700000000011642} 
[02/16/26, 10:04:10:137] info: [EMOJI_TRANSLATION] Emoji translations not needed for default locale, only adding keywords 
[02/16/26, 10:04:10:137] info: [NAVIGATION-MIDDLEWARE] Async action execution is complete for a view {"nextView":{"id":"C06ARGB5GCS","viewType":"Channel"},"results":[["EnsureChannelHasParentTabMiddleware",false],["EnsureMessagesTabHasTabIdMiddleware",false],["RedirectFileChannel",false],["RedirectChannelCanvasToCanvas",false],["AttemptToSetSolutionsGalleryPref",false],["EnsureAppViewType",false],["CanvasSetScrollParam",false],["EnsureActivityInboxMiddleware",false],["EnsureSearchSidebarPrototypeMiddleware",false]],"shouldTerminateNavigation":false,"executionTime":5.5} 
[02/16/26, 10:04:10:138] info: [NAVIGATION-MIDDLEWARE] Finish middleware execution for primary container {"maybeTransformedViewSet":{"sidebar":{"id":"ChannelList","viewType":"ChannelList"},"primary":{"id":"C06ARGB5GCS","viewType":"Channel"}},"terminateNavigation":false,"isViewTransformed":false,"iterationCount":0,"executionTime":5.7999999999883585} 
[02/16/26, 10:04:10:138] info: [NAVIGATION-MIDDLEWARE] Navigation middleware execution is complete {"maybeUpdatedViewSet":{"sidebar":{"id":"ChannelList","viewType":"ChannelList"},"primary":{"id":"C06ARGB5GCS","viewType":"Channel"}},"terminateNavigation":false,"executionTime":21} 
[02/16/26, 10:04:10:146] info: [DESKTOP-SIDE-EFFECT] (T06AU05DL0L) Creating desktop delegate 
[02/16/26, 10:04:10:146] info: [DESKTOP PRELOAD]	Exposing workspace desktop delegate for  {
  "workspaceId": "T06AU05DL0L"
} 
[02/16/26, 10:04:10:146] info: [DESKTOP PRELOAD]	Setting global desktop delegate 
[02/16/26, 10:04:10:147] info: [BOOT] (T06AU05DL0L) (T06AU05DL0L) Mounting client 
[02/16/26, 10:04:10:251] info: [COUNTS] (T06AU05DL0L) dmsBadgeCount: 0 
[02/16/26, 10:04:10:251] info: [COUNTS] (T06AU05DL0L) activityBadgeCount: 0 
[02/16/26, 10:04:10:255] info: [DEVICE-PERMISSIONS-MA] Initializing media device permissions manager 
[02/16/26, 10:04:10:255] info: [DEVICE-PERMISSIONS-MA] Permissions loaded from local storage {"permissions":{"microphone":{"status":"granted"},"camera":{"status":"granted"},"screen":{"status":"granted"}},"timestamp":1770134334084} 
[02/16/26, 10:04:10:255] warn: DEVICE-PERMISSIONS-MANAGER Permissions not considered trustworthy. Requiring refresh 
[02/16/26, 10:04:10:255] info: [DEVICE-PERMISSIONS-MA] Using desktop device permissions strategy 
[02/16/26, 10:04:10:255] info: [DEVICE-PERMISSIONS-MA] Scheduled permissions refresh 
[02/16/26, 10:04:10:255] info: [(?)] Initializing device preferences manager with teamId: T06AU05DL0L 
[02/16/26, 10:04:10:255] info: [DEVICE-PREFS] Using device preferences manager 
[02/16/26, 10:04:10:256] info: [DEVICE-PREFS] Updating available devices (original flow) 
[02/16/26, 10:04:10:278] info: [TODAY-NAVIGATOR] (T06AU05DL0L) Feature disabled {"experimentTodayAutoNavigateGroupOn":false,"isTodayActive":true,"todayAutoNavigate":true} 
[02/16/26, 10:04:10:284] warn: TRACER (T06AU05DL0L) (boot:time_to_mount_client) was forced closed and marked with the _flush=true tag. 
[02/16/26, 10:04:10:285] info: [BOOT] No client.extras to fetch 
[02/16/26, 10:04:10:286] info: [API-Q] (T06AU05DL0L) ca3841b7-1771203850.285 drafts.list called with reason: client-v2-boot-team 
[02/16/26, 10:04:10:286] info: [API-Q] (T06AU05DL0L) ca3841b7-1771203850.285 drafts.list is ENQUEUED 
[02/16/26, 10:04:10:286] info: [DRAFTS] (T06AU05DL0L) No local drafts - skipping fetch to purge inactive drafts 
[02/16/26, 10:04:10:290] info: [EMOJI_TRANSLATION] Emoji translations not needed for default locale, only adding keywords 
[02/16/26, 10:04:10:290] info: [API-Q] (T06AU05DL0L) ca3841b7-1771203850.290 search.autocomplete.topEmojis called with reason: loadEmoji-maybeReloadEmoji-client-v2-boot-team 
[02/16/26, 10:04:10:290] info: [API-Q] (T06AU05DL0L) ca3841b7-1771203850.290 search.autocomplete.topEmojis is ENQUEUED 
[02/16/26, 10:04:10:291] info: [API-Q] (T06AU05DL0L) ca3841b7-1771203850.290 workflows.triggers.listRecentlyRunForUser called with reason: fetch_and_upsert_recently_run_triggers 
[02/16/26, 10:04:10:291] info: [API-Q] (T06AU05DL0L) ca3841b7-1771203850.290 workflows.triggers.listRecentlyRunForUser is ENQUEUED 
[02/16/26, 10:04:10:291] info: [API-Q] (T06AU05DL0L) ca3841b7-1771203850.291 functions.workflows.list called with reason: automations_gallery 
[02/16/26, 10:04:10:291] info: [API-Q] (T06AU05DL0L) ca3841b7-1771203850.291 functions.workflows.list is ENQUEUED 
[02/16/26, 10:04:10:292] info: [API-Q] (T06AU05DL0L) ca3841b7-1771203850.292 megaphone.notifications.list called with reason: boot 
[02/16/26, 10:04:10:292] info: [API-Q] (T06AU05DL0L) ca3841b7-1771203850.292 megaphone.notifications.list is ENQUEUED 
[02/16/26, 10:04:10:293] info: [API-Q] (T06AU05DL0L) ca3841b7-1771203850.292 megaphone.notifications.list called with reason: boot 
[02/16/26, 10:04:10:293] info: [API-Q] (T06AU05DL0L) ca3841b7-1771203850.292 megaphone.notifications.list is ENQUEUED 
[02/16/26, 10:04:10:294] info: [API-Q] (T06AU05DL0L) ca3841b7-1771203850.294 teams.trials.info called with reason: client-v2-boot-team 
[02/16/26, 10:04:10:295] info: [API-Q] (T06AU05DL0L) ca3841b7-1771203850.294 teams.trials.info is ENQUEUED 
[02/16/26, 10:04:10:295] info: [API-Q] (T06AU05DL0L) ca3841b7-1771203850.294 users.prefs.get called with reason: fetch-frecency-prefs 
[02/16/26, 10:04:10:295] info: [API-Q] (T06AU05DL0L) ca3841b7-1771203850.294 users.prefs.get is ENQUEUED 
[02/16/26, 10:04:10:295] info: [API-Q] (T06AU05DL0L) ca3841b7-1771203850.295 users.prefs.get called with reason: fetch-user-expectation-last-triggered-pref 
[02/16/26, 10:04:10:295] info: [API-Q] (T06AU05DL0L) ca3841b7-1771203850.295 users.prefs.get is ENQUEUED 
[02/16/26, 10:04:10:296] info: [API-Q] (T06AU05DL0L) ca3841b7-1771203850.295 users.priority.list called with reason: fetch-priority-users-on-boot-render 
[02/16/26, 10:04:10:296] info: [API-Q] (T06AU05DL0L) ca3841b7-1771203850.295 users.priority.list is ENQUEUED 
[02/16/26, 10:04:10:297] info: [API-Q] (T06AU05DL0L) ca3841b7-1771203850.296 activity.views called with reason: fetch-deferred-messaging-client-data 
[02/16/26, 10:04:10:297] info: [API-Q] (T06AU05DL0L) ca3841b7-1771203850.296 activity.views is ENQUEUED 
[02/16/26, 10:04:10:298] info: [API-Q] (T06AU05DL0L) ca3841b7-1771203850.298 aiApps.list called with reason: fetch-deferred-messaging-client-data 
[02/16/26, 10:04:10:298] info: [API-Q] (T06AU05DL0L) ca3841b7-1771203850.298 aiApps.list is ENQUEUED 
[02/16/26, 10:04:10:299] info: [API-Q] (T06AU05DL0L) ca3841b7-1771203850.285 drafts.list is ACTIVE 
[02/16/26, 10:04:10:299] info: [API-Q] (T06AU05DL0L) ca3841b7-1771203850.290 search.autocomplete.topEmojis is ACTIVE 
[02/16/26, 10:04:10:299] info: [API-Q] (T06AU05DL0L) ca3841b7-1771203850.290 workflows.triggers.listRecentlyRunForUser is ACTIVE 
[02/16/26, 10:04:10:299] info: [API-Q] (T06AU05DL0L) ca3841b7-1771203850.291 functions.workflows.list is ACTIVE 
[02/16/26, 10:04:10:299] info: [API-Q] (T06AU05DL0L) ca3841b7-1771203850.292 megaphone.notifications.list is ACTIVE 
[02/16/26, 10:04:10:299] info: [API-Q] (T06AU05DL0L) ca3841b7-1771203850.292 megaphone.notifications.list is ACTIVE 
[02/16/26, 10:04:10:300] info: [API-Q] (T06AU05DL0L) ca3841b7-1771203850.294 teams.trials.info is ACTIVE 
[02/16/26, 10:04:10:300] info: [API-Q] (T06AU05DL0L) ca3841b7-1771203850.300 calendar.getInstalledCalendars called with reason: calendar-get-installed-calendars 
[02/16/26, 10:04:10:300] info: [API-Q] (T06AU05DL0L) ca3841b7-1771203850.300 calendar.getInstalledCalendars is ENQUEUED 
[02/16/26, 10:04:10:305] info: [BOOT] Setting reducedSignInWorkflowExperiment object in local storage. teamId: T06AU05DL0L, enterpriseId: undefined, isOn: true 
[02/16/26, 10:04:10:308] info: [NAVIGATE-LISTENERS] (T06AU05DL0L) Starting navigation listeners for triggerType CLIENT_MOUNT 
[02/16/26, 10:04:10:311] info: [NAVIGATE-LISTENERS] (T06AU05DL0L) Navigation listeners complete without errors 
[02/16/26, 10:04:10:313] info: [BOOT] (T08KF7TD5AN) Minimum supported data version is 1722374725; currently on undefined 
[02/16/26, 10:04:10:313] info: [BOOT] (T08KF7TD5AN) Skipping checking persisted store because if it exists it's out of date 
[02/16/26, 10:04:10:313] info: [PERSIST] (T08KF7TD5AN) Purging persisted model... 
[02/16/26, 10:04:10:313] info: [TRACER] Tracing is not sampled by default for this team. 
[02/16/26, 10:04:10:315] info: [BOOT-QUEUE] T08KF7TD5AN noversion-1771203850.314 features.access.policies.list called 
[02/16/26, 10:04:10:315] info: [BOOT-QUEUE] T08KF7TD5AN noversion-1771203850.314 features.access.policies.list is ENQUEUED 
[02/16/26, 10:04:10:315] info: [BOOT-QUEUE] T08KF7TD5AN noversion-1771203850.315 experiments.getByUser called 
[02/16/26, 10:04:10:315] info: [BOOT-QUEUE] T08KF7TD5AN noversion-1771203850.315 experiments.getByUser is ENQUEUED 
[02/16/26, 10:04:10:315] info: [BOOT-QUEUE] T08KF7TD5AN noversion-1771203850.315 api.features called 
[02/16/26, 10:04:10:315] info: [BOOT-QUEUE] T08KF7TD5AN noversion-1771203850.315 api.features is ENQUEUED 
[02/16/26, 10:04:10:315] info: [BOOT] Couldn't determine boot channel. Falling back to default channel 
[02/16/26, 10:04:10:316] info: [BOOT-QUEUE] T08KF7TD5AN noversion-1771203850.314 features.access.policies.list is ACTIVE 
[02/16/26, 10:04:10:316] info: [BOOT-QUEUE] T08KF7TD5AN noversion-1771203850.315 experiments.getByUser is ACTIVE 
[02/16/26, 10:04:10:316] info: [BOOT-QUEUE] T08KF7TD5AN noversion-1771203850.315 api.features is ACTIVE 
[02/16/26, 10:04:10:317] info: [MIN-VERSION] No need to reload 
[02/16/26, 10:04:10:339] info: [CHECK-UNREADS] (T06AU05DL0L) Checking unreads after window became focused 
[02/16/26, 10:04:10:340] info: [CHECK-UNREADS] (T06AU05DL0L) Not marking C06ARGB5GCS because last_read >= latest && channel is read 
[02/16/26, 10:04:10:341] info: Store: REDUX_UPDATE_FROM_WEBAPP (T06AU05DL0L) Changed keys [theme,notificationPrefs,connectivityPrefs,featureFlags,unreads,locale,version,frontendBuildType,userId] 
[02/16/26, 10:04:10:342] info: [GS_REQUEST] (T06AU05DL0L) received a user_subscribe_request call while we are not connected; deferring 
[02/16/26, 10:04:10:344] info: [API-Q] (T06AU05DL0L) ca3841b7-1771203850.343 api.getFlannelHttpUrl called with reason: client-needs-valid-flannel-url 
[02/16/26, 10:04:10:344] info: [API-Q] (T06AU05DL0L) ca3841b7-1771203850.343 api.getFlannelHttpUrl is ENQUEUED 
[02/16/26, 10:04:10:345] info: [UFM-MEMBERS] (T06AU05DL0L) requesting U06AB0DEHV5,U083C60QSNM,USLACKBOT,U06AJT403P0,U06JH0FSP5H,U087S7DGVLN,U08B96B2U5N,U08G9Q726RY,U09DXN8RR25,U09F5J5THNZ (1) 
[02/16/26, 10:04:10:368] info: [DND_V2] (T06AU05DL0L) fetchAndUpsertDndForUsers - Preparing to fetch DND times for the following members: U07N70LR48G 
[02/16/26, 10:04:10:368] info: [API-Q] (T06AU05DL0L) ca3841b7-1771203850.368 dnd.info called with reason: fetchAndUpsertDndForUsers-getDndTimesFor:self 
[02/16/26, 10:04:10:368] info: [API-Q] (T06AU05DL0L) ca3841b7-1771203850.368 dnd.info is ENQUEUED 
[02/16/26, 10:04:10:369] info: [API-Q] (T06AU05DL0L) ca3841b7-1771203850.368 users.channelSections.list called with reason: conditional-fetch-manager 
[02/16/26, 10:04:10:369] info: [API-Q] (T06AU05DL0L) ca3841b7-1771203850.368 users.channelSections.list is ENQUEUED 
[02/16/26, 10:04:10:369] info: [UFM-PERMISSIONS] (T06AU05DL0L) requesting ACCESS_SLACK_AI_SLACKBOT,ACCESS_SLACK_AI_SEARCH,ACCESS_SLACK_AI_FILTERS,CREATE_PUBLIC_CHANNEL,CREATE_PRIVATE_CHANNEL,ACCESS_SLACK_AI_HUDDLE_SUMMARIES,ACCESS_SLACK_AI_RECAP,ACCESS_SLACK_AI_CHANNEL_THREAD_SUMMARIES,ACCESS_SLACK_AI_FILE_SUMMARIES,VIEW_TOP_LEVEL_WORKFLOWS,ADD_GUEST_USER_TO_WORKSPACE,ADD_FULL_USER_TO_WORKSPACE,REMOVE_GUEST_USER_FROM_WORKSPACE,REMOVE_FULL_USER_FROM_WORKSPACE,CONVERT_TO_GUEST,CONVERT_TO_MEMBER,READ_LEGAL_HOLDS,WRITE_LEGAL_HOLDS,READ_AUDIT_LOGS,ARCHIVE_CHANNEL,CONVERT_MPDM_TO_PRIVATE,EDIT_CHANNEL_WORKSPACES,CAN_AT_CHANNEL,VIEW_OVERVIEW_ANALYTICS,VIEW_WORKSPACE_ANALYTICS,VIEW_MEMBER_ANALYTICS,VIEW_ORG_WIDE_CHANNEL_ANALYTICS,VIEW_HUDDLE_ANALYTICS,VIEW_CLIP_ANALYTICS,VIEW_APP_ANALYTICS,VIEW_CHANNEL_ANALYTICS,VIEW_AI_ANALYTICS,VIEW_CANVAS_ANALYTICS,VIEW_WORKFLOW_ANALYTICS,VIEW_LIST_ANALYTICS,ADD_COLLABORATOR_TO_ANY_WORKFLOW,UNPUBLISH_ANY_WORKFLOW,CREATE_WORKFLOWS,CREATE_CANVAS_TEMPLATES,PUBLISH_CANVAS_ORG_TEMPLATES,MANAGE_SALES_HOME,MANAGE_SALES_HOME_DATA_SOURCE,ADD_CUSTOM_EMOJI,DELETE_CUSTOM_EMOJI,EDIT_SLACKBOT_RESPONSES,UPDATE_NAME,UPDATE_DISPLAY_NAME,EDIT_PROFILE_PHOTO,ACCEPT_SLACK_CONNECT_INVITES,MANAGE_SLACK_CONNECT,CREATE_SLACK_CONNECT_DM,VIEW_APP_REQUESTS,MANAGE_AAA_AUTOMATION_RULES,MANAGE_SCOPE_RATINGS,VIEW_INSTALLED_APPS,MANAGE_ORG_LEVEL_APP_APPROVAL,VIEW_APPROVED_APPS,VIEW_RESTRICTED_APPS,ADD_ORG_APPS_TO_WORKSPACES,REMOVE_ORG_APPS_FROM_WORKSPACES,VIEW_DEPRECATIONS,MANAGE_WORKFLOW_CONNECTORS,MANAGE_WORKFLOW_TRIGGERS,CREATE_SOLUTION_TEMPLATE,PUBLISH_SOLUTION_TEMPLATE,MANAGE_SOLUTION_TEMPLATE,CREATE_LIST_TEMPLATE,CREATE_USER_GROUPS,EDIT_USER_GROUPS,DELETE_USER_GROUPS,ACCESS_SLACK_AI_ACTION_ITEMS,ACCESS_SLACK_AI_DETAILED_FEEDBACK,ACCESS_SLACK_AI_STEPS_IN_WORKFLOW,ACCESS_SLACK_AI_TRANSLATIONS,ACCESS_SLACK_AI_WORKFLOW_BUILDER,ACCESS_SLACK_AI_RECORD_CHANNEL_DIGEST,ACCESS_SLACK_AI_DEVELOPMENT,ACCESS_SLACK_AI_EXPLAIN,ACCESS_SLACK_AI_CANVAS,ACCESS_SLACK_AI_SALESFORCE_CSV_MAPPER,ACCESS_SLACK_AI_SUGGESTED_SECTIONS,ACCESS_ENTERPRISE_SEARCH,CAN_MANAGE_XWS_CHANNELS,CREATE_AND_EDIT_ORG_USER_GROUPS,EDIT_ORG_USER_GROUPS,DELETE_ORG_USER_GROUPS (1) 
[02/16/26, 10:04:10:370] info: [API-Q] (T06AU05DL0L) ca3841b7-1771203850.370 slackAi.permissions.getForUser called with reason: fetch-slack-ai-permissions 
[02/16/26, 10:04:10:370] info: [API-Q] (T06AU05DL0L) ca3841b7-1771203850.370 slackAi.permissions.getForUser is ENQUEUED 
[02/16/26, 10:04:10:370] info: [API-Q] (T06AU05DL0L) ca3841b7-1771203850.370 help.issues.ticketStats called with reason: fetchAndUpsertTicketStats 
[02/16/26, 10:04:10:370] info: [API-Q] (T06AU05DL0L) ca3841b7-1771203850.370 help.issues.ticketStats is ENQUEUED 
[02/16/26, 10:04:10:371] info: [UFM] (T06AU05DL0L) requesting C06ARGB5GCS (1) 
[02/16/26, 10:04:10:371] info: [API-Q] (T06AU05DL0L) ca3841b7-1771203850.371 team.targetingCriteria called with reason: team_targeting_criteria 
[02/16/26, 10:04:10:371] info: [API-Q] (T06AU05DL0L) ca3841b7-1771203850.371 team.targetingCriteria is ENQUEUED 
[02/16/26, 10:04:10:402] info: [OBJECT-STORE-T06AU05D] openDB initializing at version 287 
[02/16/26, 10:04:10:402] info: [OBJECT-STORE-T06AU05D] openDB adding stores ["sundryStorage"] 
[02/16/26, 10:04:10:402] info: [OBJECT-STORE-T06AU05D] openDB removing stores [] 
[02/16/26, 10:04:10:402] info: [OBJECT-STORE-T06AU05D] openDB clearing stores [] 
[02/16/26, 10:04:10:402] info: [OBJECT-STORE-T08KF7TD] deleting database with shard name: objectStore-T08KF7TD5AN-U08KG48A77W 
[02/16/26, 10:04:10:450] info: Store: REDUX_UPDATE_FROM_WEBAPP (T06AU05DL0L) Changed keys [userId] 
[02/16/26, 10:04:10:450] info: Store: REDUX_UPDATE_FROM_WEBAPP (T06AU05DL0L) Changed keys [notificationPrefs,unreads] 
[02/16/26, 10:04:10:451] info: Store: REDUX_UPDATE_FROM_WEBAPP (T06AU05DL0L) Changed keys [connectivityPrefs] 
[02/16/26, 10:04:10:451] info: Store: STORE_USER_WORKSPACES {
  "userTeamId": "T06AU05DL0L",
  "workspaceIds": [
    "T06AU05DL0L"
  ]
} 
[02/16/26, 10:04:10:451] info: Store: SELECTION_CHANGED T06AU05DL0L 
[02/16/26, 10:04:10:451] info: Store: EXTEND_MENU global: menucategory-file,menucategory-view,menucategory-jump-to 
[02/16/26, 10:04:10:451] info: Store: EXTEND_MENU T06AU05DL0L: menucategory-file,menucategory-view,menucategory-edit,menucategory-help,menucategory-history 
[02/16/26, 10:04:10:451] info: Store: UPDATE_SETTINGS {
  "zoomLevel": 0
} 
[02/16/26, 10:04:10:453] info: [DESKTOP-SIDE-EFFECT] Update from desktop for keys  ["settings"] 
[02/16/26, 10:04:10:496] info: [WD] All assets have reported back; s: 17; f: 0 
[02/16/26, 10:04:10:497] info: [DEVICE-PREFS] Device list validation result: true 
[02/16/26, 10:04:10:497] info: [DEVICE-PREFS] Device list updated [{},{},{},{},{},{},{},{}] 
[02/16/26, 10:04:10:497] info: [DEVICE-PREFS] Processing device list [{},{},{},{},{},{},{},{}] 
[02/16/26, 10:04:10:497] info: [DEVICE-PREFS] Amending label for OS default audioinput device: Default -> System Default (Default) 
[02/16/26, 10:04:10:497] info: [DEVICE-PREFS] Amending label for OS default audiooutput device: Default -> System Default (Default) 
[02/16/26, 10:04:10:497] info: [DEVICE-PREFS] Device list processing complete 
[02/16/26, 10:04:10:498] info: [DEVICE-PREFS] Device list change handler updated 
[02/16/26, 10:04:10:498] info: [DEVICE-PREFS] Device preferences manager initialized 
[02/16/26, 10:04:10:498] info: [DEVICE-PREFS] Analyzing stored device records 
[02/16/26, 10:04:10:498] info: [DEVICE-PREFS] Returning all records for initialization analyses 
[02/16/26, 10:04:10:498] info: [DEVICE-PREFS] Device selection records analysis: {"totalRecords":0,"webAudioDevices":0,"webAudioSelectedDevices":0,"webAudioUsedDevices":0,"microphoneCount":0,"speakerCount":0,"cameraCount":0} 
[02/16/26, 10:04:10:498] info: [(?)] Device preferences manager initialized 
[02/16/26, 10:04:10:513] info: [PERSIST] (T08KF7TD5AN) Purged model 
[02/16/26, 10:04:10:515] info: [API-Q] (T06AU05DL0L) ca3841b7-1771203850.093 search.autocomplete.topEmojis is RESOLVED 
[02/16/26, 10:04:10:516] info: [API-Q] (T06AU05DL0L) ca3841b7-1771203850.343 api.getFlannelHttpUrl is ACTIVE 
[02/16/26, 10:04:10:517] info: [API-Q] (T06AU05DL0L) ca3841b7-1771203850.095 links.getDomains is RESOLVED 
[02/16/26, 10:04:10:517] info: [API-Q] (T06AU05DL0L) ca3841b7-1771203850.295 users.prefs.get is ACTIVE 
[02/16/26, 10:04:10:517] info: [API-Q] (T06AU05DL0L) ca3841b7-1771203850.095 client.appCommands is RESOLVED 
[02/16/26, 10:04:10:518] info: [API-Q] (T06AU05DL0L) ca3841b7-1771203850.294 users.prefs.get is ACTIVE 
[02/16/26, 10:04:10:527] info: [OBJECT-STORE] attempting to delete shards ["objectStore-T08KF7TD5AN-U08KG48A77W"] 
[02/16/26, 10:04:10:536] info: [ENDPOINT-MANAGER] (T06AU05DL0L) socketUrl - got endpoint 
[02/16/26, 10:04:10:544] info: [BOOT-QUEUE] T08KF7TD5AN noversion-1771203850.544 client.userBoot called with reason: initial-data 
[02/16/26, 10:04:10:544] info: [BOOT-QUEUE] T08KF7TD5AN noversion-1771203850.544 client.userBoot is ENQUEUED 
[02/16/26, 10:04:10:544] info: [BOOT] (T08KF7TD5AN) Booting with empty store 
[02/16/26, 10:04:10:545] info: [BOOT-QUEUE] T08KF7TD5AN noversion-1771203850.544 client.userBoot is ACTIVE 
[02/16/26, 10:04:10:545] info: [BOOT] (T08KF7TD5AN) Configuring redux store 
[02/16/26, 10:04:10:548] info: [DESKTOP-MIDDLEWARE] (T08KF7TD5AN) Forwarding redux payload to desktop ["theme","notificationPrefs","connectivityPrefs","featureFlags","unreads","locale","version","frontendBuildType","userId"] 
[02/16/26, 10:04:10:555] info: Store: REDUX_UPDATE_FROM_WEBAPP (T08KF7TD5AN) Changed keys [theme,notificationPrefs,connectivityPrefs,featureFlags,unreads,locale,version,frontendBuildType,userId] 
[02/16/26, 10:04:10:561] info: [API-Q] (T06AU05DL0L) ca3841b7-1771203850.560 conversations.listPrefs called with reason: client_redux_store 
[02/16/26, 10:04:10:561] info: [API-Q] (T06AU05DL0L) ca3841b7-1771203850.560 conversations.listPrefs is ENQUEUED 
[02/16/26, 10:04:10:570] info: [UFM] (T06AU05DL0L) requesting C06ARGB5GCS (1) 
[02/16/26, 10:04:10:571] info: [UFM] (T06AU05DL0L) received C06ARGB5GCS (1) 
[02/16/26, 10:04:10:572] info: [UFM-PERMISSIONS] (T06AU05DL0L) requesting ASSIGN_CHANNEL_MANAGER (1) 
[02/16/26, 10:04:10:598] info: [UFM] (T06AU05DL0L) requesting F06JUSA7CBW (1) 
[02/16/26, 10:04:10:598] info: [API-Q] (T06AU05DL0L) ca3841b7-1771203850.598 quip.lookupThreadIds called with reason: fetch-quip-ids 
[02/16/26, 10:04:10:599] info: [API-Q] (T06AU05DL0L) ca3841b7-1771203850.598 quip.lookupThreadIds is ENQUEUED 
[02/16/26, 10:04:10:599] info: [UFM-FILES] (T06AU05DL0L) requesting F06JUSA7CBW (1) 
[02/16/26, 10:04:10:599] info: [API-Q] (T06AU05DL0L) ca3841b7-1771203850.598 files.info called with reason: files-store-unknown-fetch 
[02/16/26, 10:04:10:599] info: [API-Q] (T06AU05DL0L) ca3841b7-1771203850.598 files.info is ENQUEUED 
[02/16/26, 10:04:10:658] info: [DRAFTS] (T06AU05DL0L) There are no channels with drafts 
[02/16/26, 10:04:10:658] info: [BOOT] (T06AU05DL0L) Beaconed client boot mount success 
[02/16/26, 10:04:10:658] info: [API-Q] (T06AU05DL0L) ca3841b7-1771203850.658 sharedInvites.canGetLink called with reason: sidebar-mount 
[02/16/26, 10:04:10:658] info: [API-Q] (T06AU05DL0L) ca3841b7-1771203850.658 sharedInvites.canGetLink is ENQUEUED 
[02/16/26, 10:04:10:685] info: [API-Q] (T06AU05DL0L) ca3841b7-1771203850.685 users.interactions.list called with reason: ai_workspace_resource_tab_coachmark 
[02/16/26, 10:04:10:685] info: [API-Q] (T06AU05DL0L) ca3841b7-1771203850.685 users.interactions.list is ENQUEUED 
[02/16/26, 10:04:10:691] info: [ALLTHREADSROWELEMENT] (T06AU05DL0L) From channel badges count, has unreads: false with badge count: 0 
[02/16/26, 10:04:10:893] info: [ALLTHREADSROWELEMENT] (T06AU05DL0L) From channel badges count, has unreads: false with badge count: 0 
[02/16/26, 10:04:10:941] info: [API-Q] (T06AU05DL0L) ca3841b7-1771203850.291 functions.workflows.list is RESOLVED 
[02/16/26, 10:04:10:942] info: [API-Q] (T06AU05DL0L) ca3841b7-1771203850.295 users.priority.list is ACTIVE 
[02/16/26, 10:04:10:942] info: [API-Q] (T06AU05DL0L) ca3841b7-1771203850.290 search.autocomplete.topEmojis is RESOLVED 
[02/16/26, 10:04:10:942] info: [API-Q] (T06AU05DL0L) ca3841b7-1771203850.296 activity.views is ACTIVE 
[02/16/26, 10:04:10:943] info: [API-Q] (T06AU05DL0L) ca3841b7-1771203850.294 teams.trials.info is RESOLVED 
[02/16/26, 10:04:10:943] info: [API-Q] (T06AU05DL0L) ca3841b7-1771203850.298 aiApps.list is ACTIVE 
[02/16/26, 10:04:10:944] info: [API-Q] (T06AU05DL0L) ca3841b7-1771203850.285 drafts.list is RESOLVED 
[02/16/26, 10:04:10:944] info: [API-Q] (T06AU05DL0L) ca3841b7-1771203850.300 calendar.getInstalledCalendars is ACTIVE 
[02/16/26, 10:04:10:944] info: [API-Q] (T06AU05DL0L) ca3841b7-1771203850.290 workflows.triggers.listRecentlyRunForUser is RESOLVED 
[02/16/26, 10:04:10:945] info: [API-Q] (T06AU05DL0L) ca3841b7-1771203850.368 dnd.info is ACTIVE 
[02/16/26, 10:04:10:946] info: [API-Q] (T06AU05DL0L) ca3841b7-1771203850.946 bookmarks.list called with reason: bookmarks-store/conditional-fetching 
[02/16/26, 10:04:10:946] info: [API-Q] (T06AU05DL0L) ca3841b7-1771203850.946 bookmarks.list is ENQUEUED 
[02/16/26, 10:04:10:946] info: [BOOT-QUEUE] T08KF7TD5AN noversion-1771203850.314 features.access.policies.list is RESOLVED 
[02/16/26, 10:04:10:947] info: [BOOT-QUEUE] T08KF7TD5AN noversion-1771203850.315 api.features is RESOLVED 
[02/16/26, 10:04:10:949] info: [API-Q] (T06AU05DL0L) ca3841b7-1771203850.949 saved.list called with reason: saved-api/savedList 
[02/16/26, 10:04:10:949] info: [API-Q] (T06AU05DL0L) ca3841b7-1771203850.949 saved.list is ENQUEUED 
[02/16/26, 10:04:10:949] info: [UFM-REACJITRIGGERS] (T06AU05DL0L) requesting C06ARGB5GCS (1) 
[02/16/26, 10:04:10:950] info: [API-Q] (T06AU05DL0L) ca3841b7-1771203850.949 conversations.bulkReacjiTriggers called with reason: reacji_triggers_ufm 
[02/16/26, 10:04:10:950] info: [API-Q] (T06AU05DL0L) ca3841b7-1771203850.949 conversations.bulkReacjiTriggers is ENQUEUED 
[02/16/26, 10:04:10:950] info: [API-Q] (T06AU05DL0L) ca3841b7-1771203850.292 megaphone.notifications.list is RESOLVED 
[02/16/26, 10:04:10:951] info: [API-Q] (T06AU05DL0L) ca3841b7-1771203850.368 users.channelSections.list is ACTIVE 
[02/16/26, 10:04:10:951] info: [API-Q] (T06AU05DL0L) ca3841b7-1771203850.294 users.prefs.get is RESOLVED 
[02/16/26, 10:04:10:952] info: [API-Q] (T06AU05DL0L) ca3841b7-1771203850.370 slackAi.permissions.getForUser is ACTIVE 
[02/16/26, 10:04:10:952] info: [API-Q] (T06AU05DL0L) ca3841b7-1771203850.343 api.getFlannelHttpUrl is RESOLVED 
[02/16/26, 10:04:10:952] info: [API-Q] (T06AU05DL0L) ca3841b7-1771203850.370 help.issues.ticketStats is ACTIVE 
[02/16/26, 10:04:10:958] info: [API-Q] (T06AU05DL0L) ca3841b7-1771203850.295 users.prefs.get is RESOLVED 
[02/16/26, 10:04:10:958] info: [API-Q] (T06AU05DL0L) ca3841b7-1771203850.371 team.targetingCriteria is ACTIVE 
[02/16/26, 10:04:10:959] info: [API-Q] (T06AU05DL0L) ca3841b7-1771203850.292 megaphone.notifications.list is RESOLVED 
[02/16/26, 10:04:10:959] info: [API-Q] (T06AU05DL0L) ca3841b7-1771203850.560 conversations.listPrefs is ACTIVE 
[02/16/26, 10:04:10:970] info: [DEVICE-PREFS] Propagating device selection history update 
[02/16/26, 10:04:10:971] info: [DEVICE-PREFS] Setting preferred audioinput device in huddle default 
[02/16/26, 10:04:10:972] info: [DEVICE-PREFS] Setting preferred audiooutput device in huddle default 
[02/16/26, 10:04:10:973] info: [BOOT-QUEUE] T08KF7TD5AN noversion-1771203850.544 client.userBoot is RESOLVED 
[02/16/26, 10:04:10:980] info: [API-Q] (T06AU05DL0L) ca3841b7-1771203850.979 workflows.triggers.list called with reason: automations_gallery 
[02/16/26, 10:04:10:980] info: [API-Q] (T06AU05DL0L) ca3841b7-1771203850.979 workflows.triggers.list is ENQUEUED 
[02/16/26, 10:04:10:981] info: [DRAFTS] (T06AU05DL0L) No active drafts 
[02/16/26, 10:04:10:981] info: [DRAFTS] (T06AU05DL0L) Successfully fetched all active and inactive drafts ✨ 
[02/16/26, 10:04:10:987] info: [API-Q] (T06AU05DL0L) noversion-1771203850.986 Flannel users/info called with reason: flannel-call:users/info 
[02/16/26, 10:04:10:987] info: [API-Q] (T06AU05DL0L) noversion-1771203850.986 Flannel users/info is ENQUEUED 
[02/16/26, 10:04:10:987] info: [API-Q] (T06AU05DL0L) noversion-1771203850.987 Flannel users/info called with reason: flannel-call:users/info 
[02/16/26, 10:04:10:987] info: [API-Q] (T06AU05DL0L) noversion-1771203850.987 Flannel users/info is ENQUEUED 
[02/16/26, 10:04:10:987] info: [API-Q] (T06AU05DL0L) noversion-1771203850.987 Flannel permissions/info called with reason: flannel-call:permissions/info 
[02/16/26, 10:04:10:987] info: [API-Q] (T06AU05DL0L) noversion-1771203850.987 Flannel permissions/info is ENQUEUED 
[02/16/26, 10:04:10:988] info: [API-Q] (T06AU05DL0L) noversion-1771203850.987 Flannel huddles/info called with reason: flannel-call:huddles/info 
[02/16/26, 10:04:10:988] info: [API-Q] (T06AU05DL0L) noversion-1771203850.987 Flannel huddles/info is ENQUEUED 
[02/16/26, 10:04:10:988] info: [API-Q] (T06AU05DL0L) noversion-1771203850.987 Flannel users/counts called with reason: flannel-call:users/counts 
[02/16/26, 10:04:10:988] info: [API-Q] (T06AU05DL0L) noversion-1771203850.987 Flannel users/counts is ENQUEUED 
[02/16/26, 10:04:10:988] info: [API-Q] (T06AU05DL0L) noversion-1771203850.987 Flannel permissions/info called with reason: flannel-call:permissions/info 
[02/16/26, 10:04:10:988] info: [API-Q] (T06AU05DL0L) noversion-1771203850.987 Flannel permissions/info is ENQUEUED 
[02/16/26, 10:04:10:988] info: [API-Q] (T06AU05DL0L) noversion-1771203850.987 Flannel users/list called with reason: flannel-call:users/list 
[02/16/26, 10:04:10:988] info: [API-Q] (T06AU05DL0L) noversion-1771203850.987 Flannel users/list is ENQUEUED 
[02/16/26, 10:04:10:988] info: [API-Q] (T06AU05DL0L) noversion-1771203850.987 Flannel permissions/info called with reason: flannel-call:permissions/info 
[02/16/26, 10:04:10:988] info: [API-Q] (T06AU05DL0L) noversion-1771203850.987 Flannel permissions/info is ENQUEUED 
[02/16/26, 10:04:10:988] info: [API-Q] (T06AU05DL0L) noversion-1771203850.987 Flannel channels/membership called with reason: flannel-call:channels/membership 
[02/16/26, 10:04:10:988] info: [API-Q] (T06AU05DL0L) noversion-1771203850.987 Flannel channels/membership is ENQUEUED 
[02/16/26, 10:04:10:989] info: [BOOT-QUEUE] T08KF7TD5AN noversion-1771203850.315 experiments.getByUser is RESOLVED 
[02/16/26, 10:04:10:989] info: [BOOT] Feature flag config version: 1771203817; Experiments config version: 1771203817 
[02/16/26, 10:04:10:989] info: [BOOT] Current earliest config version: 1771203815; All config versions: {"T06AU05DL0L":1771203815,"T08KF7TD5AN":1771203817} 
[02/16/26, 10:04:10:990] info: [BOOT] (T08KF7TD5AN) Dispatching API data 
[02/16/26, 10:04:10:990] info: [BOOT] (T08KF7TD5AN) Dispatching boot data 
[02/16/26, 10:04:10:991] info: [DESKTOP-MIDDLEWARE] (T08KF7TD5AN) Forwarding redux payload to desktop ["userId"] 
[02/16/26, 10:04:11:005] info: [DESKTOP-MIDDLEWARE] (T08KF7TD5AN) Forwarding redux payload to desktop ["notificationPrefs","unreads"] 
[02/16/26, 10:04:11:007] info: [DESKTOP-MIDDLEWARE] (T08KF7TD5AN) Forwarding redux payload to desktop ["connectivityPrefs"] 
[02/16/26, 10:04:11:016] info: [EMOJI_TRANSLATION] Emoji translations not needed for default locale, only adding keywords 
[02/16/26, 10:04:11:016] info: [API-Q] (T08KF7TD5AN) ca3841b7-1771203851.016 users.prefs.get called with reason: fetch-frecency-prefs 
[02/16/26, 10:04:11:016] info: [API-Q] (T08KF7TD5AN) ca3841b7-1771203851.016 users.prefs.get is ENQUEUED 
[02/16/26, 10:04:11:016] info: [BOOT] (T08KF7TD5AN) workspaces changed since last boot -- invalidating cached state 
[02/16/26, 10:04:11:018] info: [API-Q] (T08KF7TD5AN) ca3841b7-1771203851.017 client.appCommands called with reason: set-model-data 
[02/16/26, 10:04:11:018] info: [API-Q] (T08KF7TD5AN) ca3841b7-1771203851.017 client.appCommands is ENQUEUED 
[02/16/26, 10:04:11:018] info: [API-Q] (T08KF7TD5AN) ca3841b7-1771203851.017 links.getDomains called with reason: siws-get-domains 
[02/16/26, 10:04:11:018] info: [API-Q] (T08KF7TD5AN) ca3841b7-1771203851.017 links.getDomains is ENQUEUED 
[02/16/26, 10:04:11:019] info: [API-Q] (T08KF7TD5AN) ca3841b7-1771203851.016 users.prefs.get is ACTIVE 
[02/16/26, 10:04:11:019] info: [BOOT] (T08KF7TD5AN) Dispatching initial api data for initial view 
[02/16/26, 10:04:11:022] info: [BOOT] (T08KF7TD5AN) processing mutation timestamps for C08KF7TD62W 
[02/16/26, 10:04:11:023] info: [PLATFORM-CHANNEL-ACTI] (T08KF7TD5AN) setting count for channel C08KF7TD62W to 0, and marking channel as stale. 
[02/16/26, 10:04:11:025] info: [NAVIGATION-MIDDLEWARE] Starting a new navigation middleware execution {"context":"client-boot","nextViewSet":{"sidebar":{"id":"ChannelList","viewType":"ChannelList"},"primary":{"id":"C08KF7TD62W","viewType":"Channel"}},"middlewareCount":9} 
[02/16/26, 10:04:11:027] info: [BOOT] (T08KF7TD5AN) Boot complete 
[02/16/26, 10:04:11:028] info: [DESKTOP-SIDE-EFFECT] (T08KF7TD5AN) Reacting to  {"type":"[21] Set a value that represents whether we are currently in the boot phase","payload":false,"error":false} 
[02/16/26, 10:04:11:028] info: [SOCKET-MANAGER] (T08KF7TD5AN) Changing from never_connected to prov_connect 
[02/16/26, 10:04:11:029] info: [SOCKET-MANAGER] (T08KF7TD5AN) will stay in prov_connect state for up to 10000 ms 
[02/16/26, 10:04:11:029] info: [SOCKET-MANAGER] (T08KF7TD5AN) Connecting with token ending: 5b03 
[02/16/26, 10:04:11:029] info: [SOCKET-MANAGER] (T08KF7TD5AN) Changing from prov_connect to prov_connecting 
[02/16/26, 10:04:11:029] info: [SOCKET-MANAGER] (T08KF7TD5AN) will stay in prov_connecting state for up to 35000 ms 
[02/16/26, 10:04:11:029] info: [ENDPOINT-MANAGER] (T08KF7TD5AN) No stale versions to clear. 
[02/16/26, 10:04:11:029] info: [ENDPOINT-MANAGER] (T08KF7TD5AN) socketUrl - fetching endpoint 
[02/16/26, 10:04:11:029] info: [SOCKET-MANAGER-MIDDLE] (T08KF7TD5AN) Initialized Socket Manager instance 
[02/16/26, 10:04:11:029] info: [NAVIGATION-MIDDLEWARE] Async action execution is complete for a view {"nextView":{"id":"ChannelList","viewType":"ChannelList"},"results":[["EnsureChannelHasParentTabMiddleware",false],["EnsureMessagesTabHasTabIdMiddleware",false],["RedirectFileChannel",false],["RedirectChannelCanvasToCanvas",false],["AttemptToSetSolutionsGalleryPref",false],["EnsureAppViewType",false],["CanvasSetScrollParam",false],["EnsureActivityInboxMiddleware",false],["EnsureSearchSidebarPrototypeMiddleware",false]],"shouldTerminateNavigation":false,"executionTime":3.599999999976717} 
[02/16/26, 10:04:11:030] info: [NAVIGATION-MIDDLEWARE] Finish middleware execution for sidebar container {"maybeTransformedViewSet":{"sidebar":{"id":"ChannelList","viewType":"ChannelList"},"primary":{"id":"C08KF7TD62W","viewType":"Channel"}},"terminateNavigation":false,"isViewTransformed":false,"iterationCount":0,"executionTime":4.399999999965075} 
[02/16/26, 10:04:11:040] info: [EMOJI_TRANSLATION] Emoji translations not needed for default locale, only adding keywords 
[02/16/26, 10:04:11:041] info: [NAVIGATION-MIDDLEWARE] Async action execution is complete for a view {"nextView":{"id":"C08KF7TD62W","viewType":"Channel"},"results":[["EnsureChannelHasParentTabMiddleware",false],["EnsureMessagesTabHasTabIdMiddleware",false],["RedirectFileChannel",false],["RedirectChannelCanvasToCanvas",false],["AttemptToSetSolutionsGalleryPref",false],["EnsureAppViewType",false],["CanvasSetScrollParam",false],["EnsureActivityInboxMiddleware",false],["EnsureSearchSidebarPrototypeMiddleware",false]],"shouldTerminateNavigation":false,"executionTime":10.599999999976717} 
[02/16/26, 10:04:11:041] info: [NAVIGATION-MIDDLEWARE] Finish middleware execution for primary container {"maybeTransformedViewSet":{"sidebar":{"id":"ChannelList","viewType":"ChannelList"},"primary":{"id":"C08KF7TD62W","viewType":"Channel"}},"terminateNavigation":false,"isViewTransformed":false,"iterationCount":0,"executionTime":10.799999999988358} 
[02/16/26, 10:04:11:041] info: [NAVIGATION-MIDDLEWARE] Navigation middleware execution is complete {"maybeUpdatedViewSet":{"sidebar":{"id":"ChannelList","viewType":"ChannelList"},"primary":{"id":"C08KF7TD62W","viewType":"Channel"}},"terminateNavigation":false,"executionTime":15.399999999965075} 
[02/16/26, 10:04:11:043] info: [DESKTOP-SIDE-EFFECT] (T08KF7TD5AN) Creating desktop delegate 
[02/16/26, 10:04:11:043] info: [DESKTOP PRELOAD]	Exposing workspace desktop delegate for  {
  "workspaceId": "T08KF7TD5AN"
} 
[02/16/26, 10:04:11:044] info: [BOOT] No client.extras to fetch 
[02/16/26, 10:04:11:045] info: [API-Q] (T08KF7TD5AN) ca3841b7-1771203851.044 drafts.list called with reason: client-v2-boot-team 
[02/16/26, 10:04:11:045] info: [API-Q] (T08KF7TD5AN) ca3841b7-1771203851.044 drafts.list is ENQUEUED 
[02/16/26, 10:04:11:045] info: [DRAFTS] (T08KF7TD5AN) No local drafts - skipping fetch to purge inactive drafts 
[02/16/26, 10:04:11:047] info: [EMOJI_TRANSLATION] Emoji translations not needed for default locale, only adding keywords 
[02/16/26, 10:04:11:048] info: [API-Q] (T08KF7TD5AN) ca3841b7-1771203851.047 workflows.triggers.listRecentlyRunForUser called with reason: fetch_and_upsert_recently_run_triggers 
[02/16/26, 10:04:11:048] info: [API-Q] (T08KF7TD5AN) ca3841b7-1771203851.047 workflows.triggers.listRecentlyRunForUser is ENQUEUED 
[02/16/26, 10:04:11:048] info: [API-Q] (T08KF7TD5AN) ca3841b7-1771203851.047 functions.workflows.list called with reason: automations_gallery 
[02/16/26, 10:04:11:048] info: [API-Q] (T08KF7TD5AN) ca3841b7-1771203851.047 functions.workflows.list is ENQUEUED 
[02/16/26, 10:04:11:049] info: [API-Q] (T08KF7TD5AN) ca3841b7-1771203851.048 teams.trials.info called with reason: client-v2-boot-team 
[02/16/26, 10:04:11:049] info: [API-Q] (T08KF7TD5AN) ca3841b7-1771203851.048 teams.trials.info is ENQUEUED 
[02/16/26, 10:04:11:049] info: [API-Q] (T08KF7TD5AN) ca3841b7-1771203851.049 users.prefs.get called with reason: fetch-user-expectation-last-triggered-pref 
[02/16/26, 10:04:11:049] info: [API-Q] (T08KF7TD5AN) ca3841b7-1771203851.049 users.prefs.get is ENQUEUED 
[02/16/26, 10:04:11:049] info: [API-Q] (T08KF7TD5AN) ca3841b7-1771203851.049 users.priority.list called with reason: fetch-priority-users-on-boot-render 
[02/16/26, 10:04:11:049] info: [API-Q] (T08KF7TD5AN) ca3841b7-1771203851.049 users.priority.list is ENQUEUED 
[02/16/26, 10:04:11:050] info: [API-Q] (T08KF7TD5AN) ca3841b7-1771203851.050 aiApps.list called with reason: fetch-deferred-messaging-client-data 
[02/16/26, 10:04:11:050] info: [API-Q] (T08KF7TD5AN) ca3841b7-1771203851.050 aiApps.list is ENQUEUED 
[02/16/26, 10:04:11:051] info: [API-Q] (T08KF7TD5AN) ca3841b7-1771203851.050 calendar.getInstalledCalendars called with reason: calendar-get-installed-calendars 
[02/16/26, 10:04:11:051] info: [API-Q] (T08KF7TD5AN) ca3841b7-1771203851.050 calendar.getInstalledCalendars is ENQUEUED 
[02/16/26, 10:04:11:057] info: [NAVIGATE-LISTENERS] (T08KF7TD5AN) Starting navigation listeners for triggerType CLIENT_MOUNT 
[02/16/26, 10:04:11:058] info: [NAVIGATE-LISTENERS] (T08KF7TD5AN) Navigation listeners complete without errors 
[02/16/26, 10:04:11:059] info: [MIN-VERSION] Starting client min-version poll. 
[02/16/26, 10:04:11:062] info: [PERSIST] Purging persisted models, except for the following teamIds ["T06AU05DL0L","T08KF7TD5AN"] 
[02/16/26, 10:04:11:076] info: [SOCKET-MANAGER] (T06AU05DL0L) Changing from prov_connecting to prov_connected 
[02/16/26, 10:04:11:076] info: [SOCKET-MANAGER] (T06AU05DL0L) will stay in prov_connected state for up to 60000 ms 
[02/16/26, 10:04:11:078] info: [SOCKET-MANAGER] (T06AU05DL0L) Changing from prov_connected to prov_finalize 
[02/16/26, 10:04:11:078] info: [SOCKET-MANAGER] (T06AU05DL0L) will stay in prov_finalize state for up to 10000 ms 
[02/16/26, 10:04:11:078] info: [SOCKET-MANAGER] (T06AU05DL0L) Changing from prov_finalize to prov_finalizing 
[02/16/26, 10:04:11:078] info: [SOCKET-MANAGER] (T06AU05DL0L) will stay in prov_finalizing state for up to 10000 ms 
[02/16/26, 10:04:11:078] info: [SOCKET-MANAGER] (T06AU05DL0L) Changing from prov_finalizing to connected 
[02/16/26, 10:04:11:078] info: [SOCKET-MANAGER] (T06AU05DL0L) will stay in connected state for up to Infinity ms 
[02/16/26, 10:04:11:078] info: [SOCKET-MANAGER] (T06AU05DL0L) Connected to primary region 
[02/16/26, 10:04:11:079] info: [GS_REQUEST] (T06AU05DL0L) connected and trouble free! Continuing deferred user_subscribe_request call 
[02/16/26, 10:04:11:081] info: [MESSAGE-HISTORY] (T06AU05DL0L) Resetting reachedEnd 
[02/16/26, 10:04:11:082] info: [API-Q] (T06AU05DL0L) ca3841b7-1771203851.081 users.customStatus.list called with reason: fetchCustomStatusOnReconnect 
[02/16/26, 10:04:11:082] info: [API-Q] (T06AU05DL0L) ca3841b7-1771203851.081 users.customStatus.list is ENQUEUED 
[02/16/26, 10:04:11:083] info: [UNREAD-COUNTS] (T06AU05DL0L) Fetching counts 
[02/16/26, 10:04:11:083] info: [API-Q] (T06AU05DL0L) ca3841b7-1771203851.083 client.counts called with reason: fetchClientCountsOnConnect 
[02/16/26, 10:04:11:083] info: [API-Q] (T06AU05DL0L) ca3841b7-1771203851.083 client.counts is ENQUEUED 
[02/16/26, 10:04:11:086] info: [API-Q] (T06AU05DL0L) ca3841b7-1771203851.085 sfdc.integration.listOrgs called with reason: fetch-orgs-and-sign-in-silently-v2 
[02/16/26, 10:04:11:086] info: [API-Q] (T06AU05DL0L) ca3841b7-1771203851.085 sfdc.integration.listOrgs is ENQUEUED 
[02/16/26, 10:04:11:086] info: [PRESENCE_PROMPT] (T06AU05DL0L) ignoring prompt due to presence (active) 
[02/16/26, 10:04:11:123] info: [HISTORY-FETCH] (T06AU05DL0L) Fetching history for message pane: C06ARGB5GCS oldest: 1768874893.393679 latest: null 
[02/16/26, 10:04:11:123] info: [API-Q] (T06AU05DL0L) ca3841b7-1771203851.123 conversations.history called with reason: message-pane/requestHistory 
[02/16/26, 10:04:11:123] info: [API-Q] (T06AU05DL0L) ca3841b7-1771203851.123 conversations.history is ENQUEUED 
[02/16/26, 10:04:11:124] info: [CHECK-UNREADS] (T06AU05DL0L) unreadLineVisible updated in main window container primary: undefined -> false 
[02/16/26, 10:04:11:127] info: [CHECK-UNREADS] (T06AU05DL0L) Checking unreads after workspace became focused 
[02/16/26, 10:04:11:128] info: [CHECK-UNREADS] (T06AU05DL0L) Not marking C06ARGB5GCS because last_read >= latest && channel is read 
[02/16/26, 10:04:11:144] info: Store: REDUX_UPDATE_FROM_WEBAPP (T08KF7TD5AN) Changed keys [userId] 
[02/16/26, 10:04:11:145] info: [UFM-TEAMS] (T06AU05DL0L) requesting T08KF7TD5AN (1) 
[02/16/26, 10:04:11:145] info: [API-Q] (T06AU05DL0L) ca3841b7-1771203851.145 team.info called with reason: UnknownFetchManager 
[02/16/26, 10:04:11:145] info: [API-Q] (T06AU05DL0L) ca3841b7-1771203851.145 team.info is ENQUEUED 
[02/16/26, 10:04:11:145] info: [GS_REQUEST] (T08KF7TD5AN) received a user_subscribe_request call while we are not connected; deferring 
[02/16/26, 10:04:11:146] info: [API-Q] (T08KF7TD5AN) ca3841b7-1771203851.145 api.getFlannelHttpUrl called with reason: client-needs-valid-flannel-url 
[02/16/26, 10:04:11:146] info: [API-Q] (T08KF7TD5AN) ca3841b7-1771203851.145 api.getFlannelHttpUrl is ENQUEUED 
[02/16/26, 10:04:11:146] info: [UFM-MEMBERS] (T08KF7TD5AN) requesting U08KG4A5084,USLACKBOT,U08KF7TD5DG,U08KG475GLC,U08KG4ALBD2 (1) 
[02/16/26, 10:04:11:146] info: [UFM-PERMISSIONS] (T08KF7TD5AN) requesting READ_AUDIT_LOGS,ARCHIVE_CHANNEL,CONVERT_MPDM_TO_PRIVATE,CREATE_PRIVATE_CHANNEL,CREATE_PUBLIC_CHANNEL,EDIT_CHANNEL_WORKSPACES,CAN_AT_CHANNEL,VIEW_OVERVIEW_ANALYTICS,VIEW_WORKSPACE_ANALYTICS,VIEW_MEMBER_ANALYTICS,VIEW_ORG_WIDE_CHANNEL_ANALYTICS,VIEW_HUDDLE_ANALYTICS,VIEW_CLIP_ANALYTICS,VIEW_APP_ANALYTICS,VIEW_CHANNEL_ANALYTICS,VIEW_AI_ANALYTICS,VIEW_CANVAS_ANALYTICS,VIEW_WORKFLOW_ANALYTICS,VIEW_LIST_ANALYTICS,VIEW_TOP_LEVEL_WORKFLOWS,ADD_COLLABORATOR_TO_ANY_WORKFLOW,UNPUBLISH_ANY_WORKFLOW,CREATE_WORKFLOWS,CREATE_CANVAS_TEMPLATES,PUBLISH_CANVAS_ORG_TEMPLATES,MANAGE_SALES_HOME,MANAGE_SALES_HOME_DATA_SOURCE,ADD_CUSTOM_EMOJI,DELETE_CUSTOM_EMOJI,EDIT_SLACKBOT_RESPONSES,UPDATE_NAME,UPDATE_DISPLAY_NAME,EDIT_PROFILE_PHOTO,ACCEPT_SLACK_CONNECT_INVITES,MANAGE_SLACK_CONNECT,CREATE_SLACK_CONNECT_DM,VIEW_APP_REQUESTS,MANAGE_AAA_AUTOMATION_RULES,MANAGE_SCOPE_RATINGS,VIEW_INSTALLED_APPS,MANAGE_ORG_LEVEL_APP_APPROVAL,VIEW_APPROVED_APPS,VIEW_RESTRICTED_APPS,ADD_ORG_APPS_TO_WORKSPACES,REMOVE_ORG_APPS_FROM_WORKSPACES,VIEW_DEPRECATIONS,MANAGE_WORKFLOW_CONNECTORS,MANAGE_WORKFLOW_TRIGGERS,CREATE_SOLUTION_TEMPLATE,PUBLISH_SOLUTION_TEMPLATE,MANAGE_SOLUTION_TEMPLATE,CREATE_LIST_TEMPLATE,CREATE_USER_GROUPS,EDIT_USER_GROUPS,DELETE_USER_GROUPS,ACCESS_SLACK_AI_CHANNEL_THREAD_SUMMARIES,ACCESS_SLACK_AI_ACTION_ITEMS,ACCESS_SLACK_AI_DETAILED_FEEDBACK,ACCESS_SLACK_AI_FILE_SUMMARIES,ACCESS_SLACK_AI_HUDDLE_SUMMARIES,ACCESS_SLACK_AI_RECAP,ACCESS_SLACK_AI_SEARCH,ACCESS_SLACK_AI_STEPS_IN_WORKFLOW,ACCESS_SLACK_AI_TRANSLATIONS,ACCESS_SLACK_AI_WORKFLOW_BUILDER,ACCESS_SLACK_AI_RECORD_CHANNEL_DIGEST,ACCESS_SLACK_AI_DEVELOPMENT,ACCESS_SLACK_AI_EXPLAIN,ACCESS_SLACK_AI_CANVAS,ACCESS_SLACK_AI_SLACKBOT,ACCESS_SLACK_AI_FILTERS,ACCESS_SLACK_AI_SALESFORCE_CSV_MAPPER,ACCESS_SLACK_AI_SUGGESTED_SECTIONS,ACCESS_ENTERPRISE_SEARCH,CAN_MANAGE_XWS_CHANNELS,CREATE_AND_EDIT_ORG_USER_GROUPS,EDIT_ORG_USER_GROUPS,DELETE_ORG_USER_GROUPS (1) 
[02/16/26, 10:04:11:147] info: [API-Q] (T08KF7TD5AN) ca3841b7-1771203851.146 slackAi.permissions.getForUser called with reason: fetch-slack-ai-permissions 
[02/16/26, 10:04:11:147] info: [API-Q] (T08KF7TD5AN) ca3841b7-1771203851.146 slackAi.permissions.getForUser is ENQUEUED 
[02/16/26, 10:04:11:147] info: [OBJECT-STORE-T08KF7TD] openDB initializing at version 287 
[02/16/26, 10:04:11:147] info: [OBJECT-STORE-T08KF7TD] openDB adding stores ["sundryStorage"] 
[02/16/26, 10:04:11:147] info: [OBJECT-STORE-T08KF7TD] openDB removing stores [] 
[02/16/26, 10:04:11:147] info: [OBJECT-STORE-T08KF7TD] openDB clearing stores [] 
[02/16/26, 10:04:11:147] info: [OBJECT-STORE] attempting to delete shards [] 
[02/16/26, 10:04:11:148] info: [API-Q] (T06AU05DL0L) noversion-1771203851.148 Flannel channels/info called with reason: flannel-call:channels/info 
[02/16/26, 10:04:11:148] info: [API-Q] (T06AU05DL0L) noversion-1771203851.148 Flannel channels/info is ENQUEUED 
[02/16/26, 10:04:11:156] info: [MESSAGE-LIST] (T06AU05DL0L) componentWillReceiveProps isLoading: true isLoadingOlder: false timestamps: 28 
[02/16/26, 10:04:11:186] info: Store: REDUX_UPDATE_FROM_WEBAPP (T08KF7TD5AN) Changed keys [notificationPrefs,unreads] 
[02/16/26, 10:04:11:186] info: Store: REDUX_UPDATE_FROM_WEBAPP (T08KF7TD5AN) Changed keys [connectivityPrefs] 
[02/16/26, 10:04:11:186] info: Store: STORE_USER_WORKSPACES {
  "userTeamId": "T08KF7TD5AN",
  "workspaceIds": [
    "T08KF7TD5AN"
  ]
} 
[02/16/26, 10:04:11:186] info: Store: SELECTION_CHANGED T06AU05DL0L 
[02/16/26, 10:04:11:186] info: [PERSIST] Purged persisted models [] 
[02/16/26, 10:04:11:188] info: [BOOT] Client boot completed 
[02/16/26, 10:04:11:195] info: [SIGNAL-TO-DESKTOP] (T06AU05DL0L) Attempted boot for all workspaces, signaling desktop 
[02/16/26, 10:04:11:199] info: [RTM-EVENT-METRICS] Metrics collection sampling has been reset. 
[02/16/26, 10:04:11:200] info: [RTM-EVENT-METRICS] Metrics collection enabled for the current interval. 
[02/16/26, 10:04:11:200] warn: SERVICE-WORKER Found existing value for https://slack.com/fake-url-for-service-worker-item-storage/locales; Will overwrite value. 
[02/16/26, 10:04:11:200] info: [SERVICE-WORKER] Writing (["en-US"]) to Service Worker with key https://slack.com/fake-url-for-service-worker-item-storage/locales. 
[02/16/26, 10:04:11:220] info: Store: UPDATE_SETTINGS {
  "mainWindowSettings": {
    "fullScreen": false,
    "maximized": false,
    "bounds": {
      "x": 0,
      "y": 0,
      "width": 754,
      "height": 720
    }
  }
} 
[02/16/26, 10:04:11:223] info: [DESKTOP-SIDE-EFFECT] Update from desktop for keys  ["settings"] 
[02/16/26, 10:04:11:237] info: Store: SYNC Synced 2 workspaces with IDs [T06AU05DL0L,T08KF7TD5AN] 
[02/16/26, 10:04:11:238] info: Store: UPSERT_WEB_CONTENTS {
  "id": 2,
  "state": "webapp-loaded"
} 
[02/16/26, 10:04:11:238] info: Store: RECORD_PERFORMANCE_TIMING {
  "phase": 3,
  "interval": 42259
} 
[02/16/26, 10:04:11:238] info: Store: UPSERT_WEB_CONTENTS {
  "id": 2,
  "state": "webapp-loaded"
} 
[02/16/26, 10:04:11:260] info: [SERVICE-WORKER] registration success {} 
[02/16/26, 10:04:11:260] info: [SERVICE-WORKER-STATE] initial activated 
[02/16/26, 10:04:11:284] info: [API-Q] (T06AU05DL0L) ca3841b7-1771203850.296 activity.views is RESOLVED 
[02/16/26, 10:04:11:284] info: [API-Q] (T06AU05DL0L) noversion-1771203851.148 Flannel channels/info is ACTIVE 
[02/16/26, 10:04:11:285] info: [API-Q] (T06AU05DL0L) ca3841b7-1771203850.298 aiApps.list is RESOLVED 
[02/16/26, 10:04:11:285] info: [API-Q] (T06AU05DL0L) ca3841b7-1771203851.145 team.info is ACTIVE 
[02/16/26, 10:04:11:301] info: [API-Q] (T06AU05DL0L) ca3841b7-1771203850.368 dnd.info is RESOLVED 
[02/16/26, 10:04:11:301] info: [API-Q] (T06AU05DL0L) noversion-1771203850.987 Flannel channels/membership is ACTIVE 
[02/16/26, 10:04:11:301] info: [DND] (T06AU05DL0L) Fetched DND info for the following member: U07N70LR48G 
[02/16/26, 10:04:11:301] info: [DND_V2] (T06AU05DL0L) Not setting a timer as all schedules are stale 
[02/16/26, 10:04:11:302] info: [API-Q] (T06AU05DL0L) ca3841b7-1771203850.300 calendar.getInstalledCalendars is RESOLVED 
[02/16/26, 10:04:11:303] info: [API-Q] (T06AU05DL0L) noversion-1771203850.987 Flannel permissions/info is ACTIVE 
[02/16/26, 10:04:11:303] info: [DND_V2] (T06AU05DL0L) fetchAndUpsertDndForUsers - Preparing to fetch DND times for the following members: U06AJT403P0,U08B96B2U5N,U08G9Q726RY,U09DXN8RR25,U09F5J5THNZ,U06AB0DEHV5,U087S7DGVLN,U06JH0FSP5H 
[02/16/26, 10:04:11:304] info: [API-Q] (T06AU05DL0L) ca3841b7-1771203851.303 dnd.teamInfo called with reason: fetchAndUpsertDndForUsers-getDndTimesFor:others 
[02/16/26, 10:04:11:304] info: [API-Q] (T06AU05DL0L) ca3841b7-1771203851.303 dnd.teamInfo is ENQUEUED 
[02/16/26, 10:04:11:305] info: [API-Q] (T06AU05DL0L) ca3841b7-1771203850.371 team.targetingCriteria is RESOLVED 
[02/16/26, 10:04:11:306] info: [API-Q] (T06AU05DL0L) noversion-1771203850.987 Flannel users/list is ACTIVE 
[02/16/26, 10:04:11:307] info: [API-Q] (T06AU05DL0L) ca3841b7-1771203851.307 calendar.user.info called with reason: calendar-get-user-info 
[02/16/26, 10:04:11:307] info: [API-Q] (T06AU05DL0L) ca3841b7-1771203851.307 calendar.user.info is ENQUEUED 
[02/16/26, 10:04:11:334] info: [API-Q] (T06AU05DL0L) ca3841b7-1771203850.370 help.issues.ticketStats is RESOLVED 
[02/16/26, 10:04:11:335] info: [API-Q] (T06AU05DL0L) noversion-1771203850.987 Flannel permissions/info is ACTIVE 
[02/16/26, 10:04:11:335] info: [API-Q] (T06AU05DL0L) ca3841b7-1771203850.295 users.priority.list is RESOLVED 
[02/16/26, 10:04:11:335] info: [API-Q] (T06AU05DL0L) noversion-1771203850.987 Flannel users/counts is ACTIVE 
[02/16/26, 10:04:11:336] info: [API-Q] (T06AU05DL0L) ca3841b7-1771203850.368 users.channelSections.list is RESOLVED 
[02/16/26, 10:04:11:336] info: [API-Q] (T06AU05DL0L) noversion-1771203850.987 Flannel huddles/info is ACTIVE 
[02/16/26, 10:04:11:336] info: [API-Q] (T06AU05DL0L) ca3841b7-1771203850.560 conversations.listPrefs is RESOLVED 
[02/16/26, 10:04:11:337] info: [API-Q] (T06AU05DL0L) noversion-1771203850.987 Flannel permissions/info is ACTIVE 
[02/16/26, 10:04:11:346] info: [ALLTHREADSROWELEMENT] (T06AU05DL0L) From channel badges count, has unreads: false with badge count: 0 
[02/16/26, 10:04:11:393] info: [API-Q] (T06AU05DL0L) ca3841b7-1771203850.370 slackAi.permissions.getForUser is RESOLVED 
[02/16/26, 10:04:11:393] info: [API-Q] (T06AU05DL0L) noversion-1771203850.987 Flannel users/info is ACTIVE 
[02/16/26, 10:04:11:395] info: [ENDPOINT-MANAGER] (T08KF7TD5AN) socketUrl - got endpoint 
[02/16/26, 10:04:11:396] info: [API-Q] (T08KF7TD5AN) ca3841b7-1771203851.016 users.prefs.get is RESOLVED 
[02/16/26, 10:04:11:396] info: [API-Q] (T08KF7TD5AN) ca3841b7-1771203851.145 api.getFlannelHttpUrl is ACTIVE 
[02/16/26, 10:04:11:421] info: [PERSIST] (T06AU05DL0L) Successfully persisted state 
[02/16/26, 10:04:11:426] info: [PERSIST] (T08KF7TD5AN) Successfully persisted state 
[02/16/26, 10:04:11:594] info: [API-Q] (T06AU05DL0L) noversion-1771203850.987 Flannel permissions/info is RESOLVED 
[02/16/26, 10:04:11:595] info: [API-Q] (T06AU05DL0L) noversion-1771203850.986 Flannel users/info is ACTIVE 
[02/16/26, 10:04:11:597] info: [UFM-PERMISSIONS] (T06AU05DL0L) received ACCESS_SLACK_AI_SLACKBOT,ACCESS_SLACK_AI_SEARCH,ACCESS_SLACK_AI_FILTERS,CREATE_PUBLIC_CHANNEL,CREATE_PRIVATE_CHANNEL,ACCESS_SLACK_AI_HUDDLE_SUMMARIES,ACCESS_SLACK_AI_RECAP,ACCESS_SLACK_AI_CHANNEL_THREAD_SUMMARIES,ACCESS_SLACK_AI_FILE_SUMMARIES,VIEW_TOP_LEVEL_WORKFLOWS,ADD_GUEST_USER_TO_WORKSPACE,ADD_FULL_USER_TO_WORKSPACE,REMOVE_GUEST_USER_FROM_WORKSPACE,REMOVE_FULL_USER_FROM_WORKSPACE,CONVERT_TO_GUEST,CONVERT_TO_MEMBER,READ_LEGAL_HOLDS,WRITE_LEGAL_HOLDS,READ_AUDIT_LOGS,ARCHIVE_CHANNEL,CONVERT_MPDM_TO_PRIVATE,EDIT_CHANNEL_WORKSPACES,CAN_AT_CHANNEL,VIEW_OVERVIEW_ANALYTICS,VIEW_WORKSPACE_ANALYTICS,VIEW_MEMBER_ANALYTICS,VIEW_ORG_WIDE_CHANNEL_ANALYTICS,VIEW_HUDDLE_ANALYTICS,VIEW_CLIP_ANALYTICS,VIEW_APP_ANALYTICS,VIEW_CHANNEL_ANALYTICS,VIEW_AI_ANALYTICS,VIEW_CANVAS_ANALYTICS,VIEW_WORKFLOW_ANALYTICS,VIEW_LIST_ANALYTICS,ADD_COLLABORATOR_TO_ANY_WORKFLOW,UNPUBLISH_ANY_WORKFLOW,CREATE_WORKFLOWS,CREATE_CANVAS_TEMPLATES,PUBLISH_CANVAS_ORG_TEMPLATES,MANAGE_SALES_HOME,MANAGE_SALES_HOME_DATA_SOURCE,ADD_CUSTOM_EMOJI,DELETE_CUSTOM_EMOJI,EDIT_SLACKBOT_RESPONSES,UPDATE_NAME,UPDATE_DISPLAY_NAME,EDIT_PROFILE_PHOTO,ACCEPT_SLACK_CONNECT_INVITES,MANAGE_SLACK_CONNECT,CREATE_SLACK_CONNECT_DM,VIEW_APP_REQUESTS,MANAGE_AAA_AUTOMATION_RULES,MANAGE_SCOPE_RATINGS,VIEW_INSTALLED_APPS,MANAGE_ORG_LEVEL_APP_APPROVAL,VIEW_APPROVED_APPS,VIEW_RESTRICTED_APPS,ADD_ORG_APPS_TO_WORKSPACES,REMOVE_ORG_APPS_FROM_WORKSPACES,VIEW_DEPRECATIONS,MANAGE_WORKFLOW_CONNECTORS,MANAGE_WORKFLOW_TRIGGERS,CREATE_SOLUTION_TEMPLATE,PUBLISH_SOLUTION_TEMPLATE,MANAGE_SOLUTION_TEMPLATE,CREATE_LIST_TEMPLATE,CREATE_USER_GROUPS,EDIT_USER_GROUPS,DELETE_USER_GROUPS,ACCESS_SLACK_AI_ACTION_ITEMS,ACCESS_SLACK_AI_DETAILED_FEEDBACK,ACCESS_SLACK_AI_STEPS_IN_WORKFLOW,ACCESS_SLACK_AI_TRANSLATIONS,ACCESS_SLACK_AI_WORKFLOW_BUILDER,ACCESS_SLACK_AI_RECORD_CHANNEL_DIGEST,ACCESS_SLACK_AI_DEVELOPMENT,ACCESS_SLACK_AI_EXPLAIN,ACCESS_SLACK_AI_CANVAS,ACCESS_SLACK_AI_SALESFORCE_CSV_MAPPER,ACCESS_SLACK_AI_SUGGESTED_SECTIONS,ACCESS_ENTERPRISE_SEARCH,CAN_MANAGE_XWS_CHANNELS,CREATE_AND_EDIT_ORG_USER_GROUPS,EDIT_ORG_USER_GROUPS,DELETE_ORG_USER_GROUPS (1) 
[02/16/26, 10:04:11:603] info: [QUIP] SystemJS Fork initialized 1771203851602-0.9684551557967999 
[02/16/26, 10:04:11:668] info: [API-Q] (T06AU05DL0L) ca3841b7-1771203851.145 team.info is RESOLVED 
[02/16/26, 10:04:11:668] info: [API-Q] (T06AU05DL0L) ca3841b7-1771203850.598 quip.lookupThreadIds is ACTIVE 
[02/16/26, 10:04:11:680] info: [UFM-TEAMS] (T06AU05DL0L) received T08KF7TD5AN (1) 
[02/16/26, 10:04:11:700] info: [API-Q] (T06AU05DL0L) noversion-1771203850.987 Flannel users/list is RESOLVED 
[02/16/26, 10:04:11:700] info: [API-Q] (T06AU05DL0L) ca3841b7-1771203850.598 files.info is ACTIVE 
[02/16/26, 10:04:11:701] info: [API-Q] (T06AU05DL0L) noversion-1771203850.987 Flannel users/counts is RESOLVED 
[02/16/26, 10:04:11:701] info: [API-Q] (T06AU05DL0L) ca3841b7-1771203850.658 sharedInvites.canGetLink is ACTIVE 
[02/16/26, 10:04:11:748] info: [API-Q] (T06AU05DL0L) noversion-1771203850.987 Flannel huddles/info is RESOLVED 
[02/16/26, 10:04:11:749] info: [API-Q] (T06AU05DL0L) ca3841b7-1771203850.685 users.interactions.list is ACTIVE 
[02/16/26, 10:04:11:749] info: [API-Q] (T08KF7TD5AN) ca3841b7-1771203851.145 api.getFlannelHttpUrl is RESOLVED 
[02/16/26, 10:04:11:750] info: [API-Q] (T08KF7TD5AN) ca3841b7-1771203851.049 users.prefs.get is ACTIVE 
[02/16/26, 10:04:11:750] info: [API-Q] (T06AU05DL0L) noversion-1771203850.987 Flannel users/info is RESOLVED 
[02/16/26, 10:04:11:750] info: [API-Q] (T06AU05DL0L) ca3841b7-1771203850.946 bookmarks.list is ACTIVE 
[02/16/26, 10:04:11:751] info: [API-Q] (T06AU05DL0L) noversion-1771203850.987 Flannel permissions/info is RESOLVED 
[02/16/26, 10:04:11:751] info: [API-Q] (T06AU05DL0L) ca3841b7-1771203850.949 saved.list is ACTIVE 
[02/16/26, 10:04:11:751] info: [API-Q] (T06AU05DL0L) noversion-1771203850.987 Flannel permissions/info is RESOLVED 
[02/16/26, 10:04:11:752] info: [API-Q] (T06AU05DL0L) ca3841b7-1771203850.949 conversations.bulkReacjiTriggers is ACTIVE 
[02/16/26, 10:04:11:753] info: [UFM] (T06AU05DL0L) received C06ARGB5GCS (1) 
[02/16/26, 10:04:11:754] info: [API-Q] (T08KF7TD5AN) noversion-1771203851.754 Flannel users/info called with reason: flannel-call:users/info 
[02/16/26, 10:04:11:755] info: [API-Q] (T08KF7TD5AN) noversion-1771203851.754 Flannel users/info is ENQUEUED 
[02/16/26, 10:04:11:755] info: [API-Q] (T08KF7TD5AN) noversion-1771203851.754 Flannel users/info called with reason: flannel-call:users/info 
[02/16/26, 10:04:11:755] info: [API-Q] (T08KF7TD5AN) noversion-1771203851.754 Flannel users/info is ENQUEUED 
[02/16/26, 10:04:11:755] info: [API-Q] (T08KF7TD5AN) noversion-1771203851.755 Flannel permissions/info called with reason: flannel-call:permissions/info 
[02/16/26, 10:04:11:755] info: [API-Q] (T08KF7TD5AN) noversion-1771203851.755 Flannel permissions/info is ENQUEUED 
[02/16/26, 10:04:11:760] info: [UFM-MEMBERS] (T06AU05DL0L) received U06AB0DEHV5,U083C60QSNM,USLACKBOT,U06AJT403P0,U06JH0FSP5H,U087S7DGVLN,U08B96B2U5N,U08G9Q726RY,U09DXN8RR25,U09F5J5THNZ (1) 
[02/16/26, 10:04:11:762] info: [UFM-PERMISSIONS] (T06AU05DL0L) received ASSIGN_CHANNEL_MANAGER (1) 
[02/16/26, 10:04:11:801] info: [API-Q] (T06AU05DL0L) ca3841b7-1771203851.800 search.modules.files called with reason: fetch-current-browser 
[02/16/26, 10:04:11:801] info: [API-Q] (T06AU05DL0L) ca3841b7-1771203851.800 search.modules.files is ENQUEUED 
[02/16/26, 10:04:11:809] info: [API-Q] (T06AU05DL0L) ca3841b7-1771203851.809 files.favorites.list called with reason: starred_unified_files 
[02/16/26, 10:04:11:810] info: [API-Q] (T06AU05DL0L) ca3841b7-1771203851.809 files.favorites.list is ENQUEUED 
[02/16/26, 10:04:11:828] info: [UFM] (T06AU05DL0L) requesting C08FTMAG16F,C06U9KZMPT8,C06B45P8S9X,C06JE6E4QA1,C06JE54H9HB,C06JLAQ23QV,C06AB0RTDE3,C06JZPS74R3,C06ARD10HUK,C06JH5BQAUA,C06K5RU8QQY,C06JZRLLR53,C07MLM4GK28,C06J2G0LR5M,C06J2GX09NK,C08EBF6SW4W,D07MWSVRBLH,D08B96DK1S4,D08GC2P8YCS,D09FWBRM27J,D09GCHYFJPP,D07MJ421FB5,C08GF5QQ06L,D08803JMS21,D07N70WC15E,D07MJ6RJF98,D07MBHNNPGE (1) 
[02/16/26, 10:04:11:828] info: [API-Q] (T06AU05DL0L) noversion-1771203851.828 Flannel huddles/info called with reason: flannel-call:huddles/info 
[02/16/26, 10:04:11:828] info: [API-Q] (T06AU05DL0L) noversion-1771203851.828 Flannel huddles/info is ENQUEUED 
[02/16/26, 10:04:11:829] info: [UFM-PERMISSIONS] (T06AU05DL0L) requesting CAN_AT_CHANNEL,CAN_AT_EVERYONE,ARCHIVE_CHANNEL (1) 
[02/16/26, 10:04:11:829] info: [API-Q] (T06AU05DL0L) noversion-1771203851.828 Flannel permissions/info called with reason: flannel-call:permissions/info 
[02/16/26, 10:04:11:829] info: [API-Q] (T06AU05DL0L) noversion-1771203851.828 Flannel permissions/info is ENQUEUED 
[02/16/26, 10:04:11:849] info: [SOCKET-MANAGER] (T08KF7TD5AN) Changing from prov_connecting to prov_connected 
[02/16/26, 10:04:11:850] info: [SOCKET-MANAGER] (T08KF7TD5AN) will stay in prov_connected state for up to 60000 ms 
[02/16/26, 10:04:11:851] info: [SOCKET-MANAGER] (T08KF7TD5AN) Changing from prov_connected to prov_finalize 
[02/16/26, 10:04:11:851] info: [SOCKET-MANAGER] (T08KF7TD5AN) will stay in prov_finalize state for up to 10000 ms 
[02/16/26, 10:04:11:851] info: [SOCKET-MANAGER] (T08KF7TD5AN) Changing from prov_finalize to prov_finalizing 
[02/16/26, 10:04:11:851] info: [SOCKET-MANAGER] (T08KF7TD5AN) will stay in prov_finalizing state for up to 10000 ms 
[02/16/26, 10:04:11:851] info: [SOCKET-MANAGER] (T08KF7TD5AN) Changing from prov_finalizing to connected 
[02/16/26, 10:04:11:851] info: [SOCKET-MANAGER] (T08KF7TD5AN) will stay in connected state for up to Infinity ms 
[02/16/26, 10:04:11:852] info: [SOCKET-MANAGER] (T08KF7TD5AN) Connected to primary region 
[02/16/26, 10:04:11:852] info: [GS_REQUEST] (T08KF7TD5AN) connected and trouble free! Continuing deferred user_subscribe_request call 
[02/16/26, 10:04:11:853] info: [MESSAGE-HISTORY] (T08KF7TD5AN) Resetting reachedEnd 
[02/16/26, 10:04:11:853] info: [API-Q] (T08KF7TD5AN) ca3841b7-1771203851.853 users.customStatus.list called with reason: fetchCustomStatusOnReconnect 
[02/16/26, 10:04:11:853] info: [API-Q] (T08KF7TD5AN) ca3841b7-1771203851.853 users.customStatus.list is ENQUEUED 
[02/16/26, 10:04:11:854] info: [UNREAD-COUNTS] (T08KF7TD5AN) Fetching counts 
[02/16/26, 10:04:11:854] info: [API-Q] (T08KF7TD5AN) ca3841b7-1771203851.853 client.counts called with reason: fetchClientCountsOnConnect 
[02/16/26, 10:04:11:854] info: [API-Q] (T08KF7TD5AN) ca3841b7-1771203851.853 client.counts is ENQUEUED 
[02/16/26, 10:04:11:855] info: [API-Q] (T08KF7TD5AN) ca3841b7-1771203851.854 sfdc.integration.listOrgs called with reason: fetch-orgs-and-sign-in-silently-v2 
[02/16/26, 10:04:11:855] info: [API-Q] (T08KF7TD5AN) ca3841b7-1771203851.854 sfdc.integration.listOrgs is ENQUEUED 
[02/16/26, 10:04:11:855] info: [PRESENCE_PROMPT] (T08KF7TD5AN) ignoring prompt due to presence (active) 
[02/16/26, 10:04:11:896] info: [Diagnostics] Adding window recorder 1044239c4f6146a0b892612ee 
[02/16/26, 10:04:11:938] info: [QUIP] (T06AU05DL0L) {"type":"set_current_user_id","timestamp_ms":1771203851936,"user_id":"WKX9EAbBw35"} 
[02/16/26, 10:04:11:939] warn: TRACER (T06AU05DL0L) (canvas:collab-init) was forced closed and marked with the _flush=true tag. 
[02/16/26, 10:04:11:939] warn: TRACER (T06AU05DL0L) (canvas:await-callback) was forced closed and marked with the _flush=true tag. 
[02/16/26, 10:04:11:960] info: [API-Q] (T06AU05DL0L) noversion-1771203850.987 Flannel channels/membership is RESOLVED 
[02/16/26, 10:04:11:961] info: [API-Q] (T06AU05DL0L) noversion-1771203851.828 Flannel permissions/info is ACTIVE 
[02/16/26, 10:04:11:961] info: [API-Q] (T06AU05DL0L) noversion-1771203850.986 Flannel users/info is RESOLVED 
[02/16/26, 10:04:11:961] info: [API-Q] (T06AU05DL0L) noversion-1771203851.828 Flannel huddles/info is ACTIVE 
[02/16/26, 10:04:11:968] info: [API-Q] (T06AU05DL0L) noversion-1771203851.968 Flannel channels/membership called with reason: flannel-call:channels/membership 
[02/16/26, 10:04:11:969] info: [API-Q] (T06AU05DL0L) noversion-1771203851.968 Flannel channels/membership is ENQUEUED 
[02/16/26, 10:04:12:041] info: [API-Q] (T06AU05DL0L) noversion-1771203851.148 Flannel channels/info is RESOLVED 
[02/16/26, 10:04:12:041] info: [API-Q] (T06AU05DL0L) noversion-1771203851.968 Flannel channels/membership is ACTIVE 
[02/16/26, 10:04:12:041] info: [API-Q] (T06AU05DL0L) noversion-1771203851.828 Flannel permissions/info is RESOLVED 
[02/16/26, 10:04:12:042] info: [API-Q] (T06AU05DL0L) ca3841b7-1771203850.979 workflows.triggers.list is ACTIVE 
[02/16/26, 10:04:12:050] info: [API-Q] (T06AU05DL0L) ca3841b7-1771203850.598 quip.lookupThreadIds is RESOLVED 
[02/16/26, 10:04:12:050] info: [API-Q] (T06AU05DL0L) ca3841b7-1771203851.081 users.customStatus.list is ACTIVE 
[02/16/26, 10:04:12:051] info: [API-Q] (T06AU05DL0L) noversion-1771203851.828 Flannel huddles/info is RESOLVED 
[02/16/26, 10:04:12:051] info: [API-Q] (T06AU05DL0L) ca3841b7-1771203851.083 client.counts is ACTIVE 
[02/16/26, 10:04:12:052] info: [API-Q] (T06AU05DL0L) noversion-1771203852.052 Flannel users/info called with reason: flannel-call:users/info 
[02/16/26, 10:04:12:052] info: [API-Q] (T06AU05DL0L) noversion-1771203852.052 Flannel users/info is ENQUEUED 
[02/16/26, 10:04:12:055] info: [API-Q] (T06AU05DL0L) ca3841b7-1771203852.054 conversations.genericInfo called with reason: fallback:fetchAndUpsertChannelsById 
[02/16/26, 10:04:12:055] info: [API-Q] (T06AU05DL0L) ca3841b7-1771203852.054 conversations.genericInfo is ENQUEUED 
[02/16/26, 10:04:12:055] info: [UFM-PERMISSIONS] (T06AU05DL0L) received CAN_AT_CHANNEL,CAN_AT_EVERYONE,ARCHIVE_CHANNEL (1) 
[02/16/26, 10:04:12:056] info: [API-Q] (T06AU05DL0L) ca3841b7-1771203850.658 sharedInvites.canGetLink is RESOLVED 
[02/16/26, 10:04:12:057] info: [API-Q] (T06AU05DL0L) noversion-1771203852.052 Flannel users/info is ACTIVE 
[02/16/26, 10:04:12:064] info: [UFM] (T06AU05DL0L) received F06JUSA7CBW (1) 
[02/16/26, 10:04:12:066] info: [UFM] (T06AU05DL0L) received C08FTMAG16F,C06U9KZMPT8,C06B45P8S9X,C06JE6E4QA1,C06JE54H9HB,C06JLAQ23QV,C06AB0RTDE3,C06JZPS74R3,C06ARD10HUK,C06JH5BQAUA,C06K5RU8QQY,C06JZRLLR53,C07MLM4GK28,C06J2G0LR5M,C06J2GX09NK,C08EBF6SW4W,D07MWSVRBLH,D08B96DK1S4,D08GC2P8YCS,D09FWBRM27J,D09GCHYFJPP,D07MJ421FB5,C08GF5QQ06L,D08803JMS21,D07N70WC15E,D07MJ6RJF98,D07MBHNNPGE (1) 
[02/16/26, 10:04:12:172] info: [API-Q] (T06AU05DL0L) noversion-1771203851.968 Flannel channels/membership is RESOLVED 
[02/16/26, 10:04:12:172] info: [API-Q] (T06AU05DL0L) ca3841b7-1771203851.085 sfdc.integration.listOrgs is ACTIVE 
[02/16/26, 10:04:12:185] info: [API-Q] (T06AU05DL0L) noversion-1771203852.052 Flannel users/info is RESOLVED 
[02/16/26, 10:04:12:185] info: [API-Q] (T06AU05DL0L) ca3841b7-1771203851.123 conversations.history is ACTIVE 
[02/16/26, 10:04:12:185] info: [API-Q] (T06AU05DL0L) ca3841b7-1771203850.598 files.info is RESOLVED 
[02/16/26, 10:04:12:186] info: [API-Q] (T06AU05DL0L) ca3841b7-1771203851.303 dnd.teamInfo is ACTIVE 
[02/16/26, 10:04:12:186] info: [API-Q] (T06AU05DL0L) ca3841b7-1771203850.946 bookmarks.list is RESOLVED 
[02/16/26, 10:04:12:186] info: [API-Q] (T06AU05DL0L) ca3841b7-1771203851.307 calendar.user.info is ACTIVE 
[02/16/26, 10:04:12:187] info: [API-Q] (T08KF7TD5AN) ca3841b7-1771203851.049 users.prefs.get is RESOLVED 
[02/16/26, 10:04:12:187] info: [API-Q] (T08KF7TD5AN) noversion-1771203851.755 Flannel permissions/info is ACTIVE 
[02/16/26, 10:04:12:187] info: [API-Q] (T06AU05DL0L) ca3841b7-1771203850.949 conversations.bulkReacjiTriggers is RESOLVED 
[02/16/26, 10:04:12:187] info: [API-Q] (T06AU05DL0L) ca3841b7-1771203851.800 search.modules.files is ACTIVE 
[02/16/26, 10:04:12:188] info: [API-Q] (T06AU05DL0L) ca3841b7-1771203850.685 users.interactions.list is RESOLVED 
[02/16/26, 10:04:12:188] info: [API-Q] (T06AU05DL0L) ca3841b7-1771203851.809 files.favorites.list is ACTIVE 
[02/16/26, 10:04:12:188] info: [API-Q] (T06AU05DL0L) ca3841b7-1771203850.949 saved.list is RESOLVED 
[02/16/26, 10:04:12:188] info: [API-Q] (T06AU05DL0L) ca3841b7-1771203852.054 conversations.genericInfo is ACTIVE 
[02/16/26, 10:04:12:204] info: [UFM-FILES] (T06AU05DL0L) received F06JUSA7CBW (1) 
[02/16/26, 10:04:12:206] info: [UFM-REACJITRIGGERS] (T06AU05DL0L) received C06ARGB5GCS (1) 
[02/16/26, 10:04:12:209] info: [CRDT] Automerge loaded. 
[02/16/26, 10:04:12:444] info: [API-Q] (T08KF7TD5AN) noversion-1771203851.755 Flannel permissions/info is RESOLVED 
[02/16/26, 10:04:12:444] info: [API-Q] (T08KF7TD5AN) noversion-1771203851.754 Flannel users/info is ACTIVE 
[02/16/26, 10:04:12:445] info: [API-Q] (T06AU05DL0L) ca3841b7-1771203851.081 users.customStatus.list is RESOLVED 
[02/16/26, 10:04:12:446] info: [API-Q] (T06AU05DL0L) ca3841b7-1771203850.979 workflows.triggers.list is RESOLVED 
[02/16/26, 10:04:12:450] info: [API-Q] (T06AU05DL0L) ca3841b7-1771203851.083 client.counts is RESOLVED 
[02/16/26, 10:04:12:456] info: [COUNTS] (T06AU05DL0L) Applying counts to channels. wasLastConnectFast: false isConnected: true applying: 28 out of total: 28 
[02/16/26, 10:04:12:461] info: [COUNTS] (T06AU05DL0L) Threads has_unreads:false mention_count:0 
[02/16/26, 10:04:12:463] info: [COUNTS] (T06AU05DL0L) Completed counts processing 
[02/16/26, 10:04:12:487] info: [ALLTHREADSROWELEMENT] (T06AU05DL0L) From channel badges count, has unreads: false with badge count: 0 
[02/16/26, 10:04:12:545] info: [API-Q] (T06AU05DL0L) ca3841b7-1771203851.085 sfdc.integration.listOrgs is RESOLVED 
[02/16/26, 10:04:12:547] info: [API-Q] (T06AU05DL0L) ca3841b7-1771203851.809 files.favorites.list is RESOLVED 
[02/16/26, 10:04:12:549] info: [API-Q] (T06AU05DL0L) ca3841b7-1771203851.307 calendar.user.info is RESOLVED 
[02/16/26, 10:04:12:577] info: [API-Q] (T06AU05DL0L) ca3841b7-1771203852.054 conversations.genericInfo is RESOLVED 
[02/16/26, 10:04:12:578] info: [API-Q] (T06AU05DL0L) ca3841b7-1771203851.123 conversations.history is RESOLVED 
[02/16/26, 10:04:12:578] info: [API-Q] (T06AU05DL0L) ca3841b7-1771203851.303 dnd.teamInfo is RESOLVED 
[02/16/26, 10:04:12:585] info: [PLATFORM-CHANNEL-ACTI] (T06AU05DL0L) Not updating count for channel C06ARGB5GCS, as count was already set to 0 
[02/16/26, 10:04:12:588] info: [PINS] (T06AU05DL0L) Pins count updated for channel C06ARGB5GCS: 2 
[02/16/26, 10:04:12:589] info: [CHECK-UNREADS] (T06AU05DL0L) Not marking C06ARGB5GCS because last_read >= latest && channel is read 
[02/16/26, 10:04:12:610] info: [MESSAGE-LIST] (T06AU05DL0L) componentWillReceiveProps isLoading: false isLoadingOlder: false timestamps: 28 
[02/16/26, 10:04:12:622] info: [CHECK-UNREADS] (T06AU05DL0L) unreadLineVisible updated in main window container primary: false -> true 
[02/16/26, 10:04:12:632] info: [DND] (T06AU05DL0L) Fetched DND info for the following members: U06AJT403P0,U08B96B2U5N,U08G9Q726RY,U09DXN8RR25,U09F5J5THNZ,U06AB0DEHV5,U087S7DGVLN,U06JH0FSP5H 
[02/16/26, 10:04:12:634] info: [DND_V2] (T06AU05DL0L) Will check for changes in DND status again in 5 minutes 
[02/16/26, 10:04:12:647] info: [API-Q] (T06AU05DL0L) noversion-1771203852.647 Flannel channels/info called with reason: flannel-call:channels/info 
[02/16/26, 10:04:12:647] info: [API-Q] (T06AU05DL0L) noversion-1771203852.647 Flannel channels/info is ENQUEUED 
[02/16/26, 10:04:12:647] info: [API-Q] (T06AU05DL0L) noversion-1771203852.647 Flannel channels/info is ACTIVE 
[02/16/26, 10:04:12:703] info: [ROUTES] [3bb68820] [ROUTE_DEFAULT] navigateToRoute called with reason team-sidebar/selectTeam 
[02/16/26, 10:04:12:703] info: [ROUTES] [3bb68820] [ROUTE_DEFAULT] [XWS] teamId param passed in USER_TEAM context T08KF7TD5AN 
[02/16/26, 10:04:12:704] info: [ROUTES] [3bb68820] [ROUTE_DEFAULT] Attempting to navigate to new route {"teamOrEnterpriseId":"T08KF7TD5AN"} 
[02/16/26, 10:04:12:704] info: [ROUTES] [3bb68820] [ROUTE_DEFAULT] About to run notifyRouteWillNavigateListeners to determine shouldNavigate 
[02/16/26, 10:04:12:704] info: [ROUTES] [6cbe3129] [ROUTE_ENTITY] navigateToRoute called with reason navigateToLastSavedRoute 
[02/16/26, 10:04:12:705] info: [ROUTES] [6cbe3129] [ROUTE_ENTITY] [XWS] teamId param passed in USER_TEAM context T08KF7TD5AN 
[02/16/26, 10:04:12:705] info: [ROUTES] [6cbe3129] [ROUTE_ENTITY] Attempting to navigate to new route {"teamOrEnterpriseId":"T08KF7TD5AN","entityId":"C08KF7TD62W"} 
[02/16/26, 10:04:12:705] info: [ROUTES] [6cbe3129] [ROUTE_ENTITY] About to run notifyRouteWillNavigateListeners to determine shouldNavigate 
[02/16/26, 10:04:12:715] info: [ROUTES] [6cbe3129] [ROUTE_ENTITY] notifyRouteWillNavigateListeners finished, shouldNavigate is true 
[02/16/26, 10:04:12:722] info: [NAVIGATE-LISTENERS] (T08KF7TD5AN) Starting navigation listeners for triggerType TEAM_SWITCH 
[02/16/26, 10:04:12:722] info: [API-Q] (T08KF7TD5AN) ca3841b7-1771203852.721 megaphone.notifications.list called with reason: nav-boot 
[02/16/26, 10:04:12:722] info: [API-Q] (T08KF7TD5AN) ca3841b7-1771203852.721 megaphone.notifications.list is ENQUEUED 
[02/16/26, 10:04:12:723] info: [API-Q] (T08KF7TD5AN) ca3841b7-1771203852.722 megaphone.notifications.list called with reason: nav-boot 
[02/16/26, 10:04:12:723] info: [API-Q] (T08KF7TD5AN) ca3841b7-1771203852.722 megaphone.notifications.list is ENQUEUED 
[02/16/26, 10:04:12:723] info: [NAVIGATE-LISTENERS] (T08KF7TD5AN) Navigation listeners complete without errors 
[02/16/26, 10:04:12:729] info: [HISTORY-NAVIGATION] Adding route to the history stack 
[02/16/26, 10:04:12:730] info: [ROUTES] [6cbe3129] [ROUTE_ENTITY] Navigated to new route 
[02/16/26, 10:04:12:736] info: [MESSAGE-LIST] (T06AU05DL0L) getScrollmark reason:with_serialization channelId:C06ARGB5GCS at end 
[02/16/26, 10:04:12:741] info: [WORKSPACE-FOCUS] Setting reducedSignInWorkflowExperiment object in local storage. teamId: T08KF7TD5AN, enterpriseId: undefined, isOn: true 
[02/16/26, 10:04:12:746] info: [EMOJI_TRANSLATION] Emoji translations not needed for default locale, only adding keywords 
[02/16/26, 10:04:12:854] info: [MESSAGE-LIST] (T06AU05DL0L) getScrollmark reason:unmount channelId:C06ARGB5GCS at end 
[02/16/26, 10:04:12:903] info: [DRAFTS] (T08KF7TD5AN) There are no channels with drafts 
[02/16/26, 10:04:12:904] info: [API-Q] (T08KF7TD5AN) ca3841b7-1771203852.903 sharedInvites.canGetLink called with reason: sidebar-mount 
[02/16/26, 10:04:12:904] info: [API-Q] (T08KF7TD5AN) ca3841b7-1771203852.903 sharedInvites.canGetLink is ENQUEUED 
[02/16/26, 10:04:12:942] info: [COUNTS] (T08KF7TD5AN) dmsBadgeCount: 0 
[02/16/26, 10:04:12:942] info: [COUNTS] (T08KF7TD5AN) activityBadgeCount: 0 
[02/16/26, 10:04:12:944] info: [API-Q] (T08KF7TD5AN) ca3841b7-1771203852.943 users.interactions.list called with reason: ai_workspace_resource_tab_coachmark 
[02/16/26, 10:04:12:944] info: [API-Q] (T08KF7TD5AN) ca3841b7-1771203852.943 users.interactions.list is ENQUEUED 
[02/16/26, 10:04:12:949] info: [(?)] Initializing device preferences manager with teamId: T08KF7TD5AN 
[02/16/26, 10:04:12:949] info: [DEVICE-PREFS] Using device preferences manager 
[02/16/26, 10:04:12:949] info: [DEVICE-PREFS] Updating available devices (original flow) 
[02/16/26, 10:04:13:022] info: [HISTORY-FETCH] (T08KF7TD5AN) Fetching history for message pane: C08KF7TD62W oldest: 1742988975.379469 latest: null 
[02/16/26, 10:04:13:023] info: [API-Q] (T08KF7TD5AN) ca3841b7-1771203853.022 conversations.history called with reason: message-pane/requestHistory 
[02/16/26, 10:04:13:023] info: [API-Q] (T08KF7TD5AN) ca3841b7-1771203853.022 conversations.history is ENQUEUED 
[02/16/26, 10:04:13:028] info: [API-Q] (T08KF7TD5AN) ca3841b7-1771203853.027 search.modules.files called with reason: user-created-canvas-query 
[02/16/26, 10:04:13:028] info: [API-Q] (T08KF7TD5AN) ca3841b7-1771203853.027 search.modules.files is ENQUEUED 
[02/16/26, 10:04:13:039] info: [API-Q] (T08KF7TD5AN) noversion-1771203853.038 Flannel users/list called with reason: flannel-call:users/list 
[02/16/26, 10:04:13:039] info: [API-Q] (T08KF7TD5AN) noversion-1771203853.038 Flannel users/list is ENQUEUED 
[02/16/26, 10:04:13:039] info: [API-Q] (T08KF7TD5AN) noversion-1771203853.038 Flannel permissions/info called with reason: flannel-call:permissions/info 
[02/16/26, 10:04:13:039] info: [API-Q] (T08KF7TD5AN) noversion-1771203853.038 Flannel permissions/info is ENQUEUED 
[02/16/26, 10:04:13:039] info: [API-Q] (T08KF7TD5AN) noversion-1771203851.754 Flannel users/info is ACTIVE 
[02/16/26, 10:04:13:040] info: [API-Q] (T08KF7TD5AN) ca3841b7-1771203851.017 client.appCommands is ACTIVE 
[02/16/26, 10:04:13:041] info: [API-Q] (T08KF7TD5AN) ca3841b7-1771203851.017 links.getDomains is ACTIVE 
[02/16/26, 10:04:13:041] info: [API-Q] (T08KF7TD5AN) ca3841b7-1771203851.044 drafts.list is ACTIVE 
[02/16/26, 10:04:13:041] info: [API-Q] (T08KF7TD5AN) noversion-1771203853.038 Flannel users/list is ACTIVE 
[02/16/26, 10:04:13:041] info: [API-Q] (T08KF7TD5AN) noversion-1771203853.038 Flannel permissions/info is ACTIVE 
[02/16/26, 10:04:13:041] info: [ROUTES] [3bb68820] [ROUTE_DEFAULT] notifyRouteWillNavigateListeners finished, shouldNavigate is false 
[02/16/26, 10:04:13:042] info: [ROUTES] [3bb68820] [ROUTE_DEFAULT] willNavigateListener caused early exit 
[02/16/26, 10:04:13:042] info: Breadcrumb: ui.click: div.p-team_sidebar__icon.p-team_sidebar__icon--active  
[02/16/26, 10:04:13:058] info: [MESSAGE-LIST] (T08KF7TD5AN) componentWillReceiveProps isLoading: true isLoadingOlder: false timestamps: 1 
[02/16/26, 10:04:13:063] info: [CHECK-UNREADS] (T08KF7TD5AN) unreadLineVisible updated in main window container primary: undefined -> false 
[02/16/26, 10:04:13:066] info: [CHECK-UNREADS] (T08KF7TD5AN) Checking unreads after workspace became focused 
[02/16/26, 10:04:13:066] info: [CHECK-UNREADS] (T08KF7TD5AN) Not marking C08KF7TD62W because last_read >= latest && channel is read 
[02/16/26, 10:04:13:110] info: Store: SELECTION_CHANGED T08KF7TD5AN 
[02/16/26, 10:04:13:111] info: [API-Q] (T06AU05DL0L) ca3841b7-1771203851.800 search.modules.files is RESOLVED 
[02/16/26, 10:04:13:111] info: [DND_V2] (T08KF7TD5AN) fetchAndUpsertDndForUsers - Preparing to fetch DND times for the following members: U08KG48A77W,U08KG4A5084,U08KG4ALBD2,U08KF7TD5DG 
[02/16/26, 10:04:13:111] info: [API-Q] (T08KF7TD5AN) ca3841b7-1771203853.111 dnd.info called with reason: fetchAndUpsertDndForUsers-getDndTimesFor:self 
[02/16/26, 10:04:13:111] info: [API-Q] (T08KF7TD5AN) ca3841b7-1771203853.111 dnd.info is ENQUEUED 
[02/16/26, 10:04:13:112] info: [API-Q] (T08KF7TD5AN) ca3841b7-1771203853.111 dnd.teamInfo called with reason: fetchAndUpsertDndForUsers-getDndTimesFor:others 
[02/16/26, 10:04:13:112] info: [API-Q] (T08KF7TD5AN) ca3841b7-1771203853.111 dnd.teamInfo is ENQUEUED 
[02/16/26, 10:04:13:112] info: [API-Q] (T08KF7TD5AN) ca3841b7-1771203851.047 workflows.triggers.listRecentlyRunForUser is ACTIVE 
[02/16/26, 10:04:13:112] info: [API-Q] (T08KF7TD5AN) ca3841b7-1771203851.047 functions.workflows.list is ACTIVE 
[02/16/26, 10:04:13:112] info: [UFM] (T08KF7TD5AN) requesting C08KF7TD62W,C08KG4B9STE,C08NUNA47H6,C08NUNB3M1N,C08NUN6PFS4,D08KAB9CCVB,D08KG4AU4J0,D08KG48L8BE,D08KG48JDNG (1) 
[02/16/26, 10:04:13:112] info: [API-Q] (T08KF7TD5AN) noversion-1771203853.112 Flannel huddles/info called with reason: flannel-call:huddles/info 
[02/16/26, 10:04:13:113] info: [API-Q] (T08KF7TD5AN) noversion-1771203853.112 Flannel huddles/info is ENQUEUED 
[02/16/26, 10:04:13:113] info: [API-Q] (T08KF7TD5AN) noversion-1771203853.112 Flannel huddles/info is ACTIVE 
[02/16/26, 10:04:13:113] info: [API-Q] (T08KF7TD5AN) ca3841b7-1771203853.112 users.channelSections.list called with reason: conditional-fetch-manager 
[02/16/26, 10:04:13:113] info: [API-Q] (T08KF7TD5AN) ca3841b7-1771203853.112 users.channelSections.list is ENQUEUED 
[02/16/26, 10:04:13:127] info: [API-Q] (T08KF7TD5AN) ca3841b7-1771203853.126 help.issues.ticketStats called with reason: fetchAndUpsertTicketStats 
[02/16/26, 10:04:13:127] info: [API-Q] (T08KF7TD5AN) ca3841b7-1771203853.126 help.issues.ticketStats is ENQUEUED 
[02/16/26, 10:04:13:127] info: [API-Q] (T08KF7TD5AN) noversion-1771203851.754 Flannel users/info is RESOLVED 
[02/16/26, 10:04:13:128] info: [API-Q] (T08KF7TD5AN) ca3841b7-1771203851.048 teams.trials.info is ACTIVE 
[02/16/26, 10:04:13:128] info: [API-Q] (T08KF7TD5AN) ca3841b7-1771203853.128 team.targetingCriteria called with reason: team_targeting_criteria 
[02/16/26, 10:04:13:128] info: [API-Q] (T08KF7TD5AN) ca3841b7-1771203853.128 team.targetingCriteria is ENQUEUED 
[02/16/26, 10:04:13:128] info: [API-Q] (T08KF7TD5AN) ca3841b7-1771203853.128 conversations.listPrefs called with reason: client_redux_store 
[02/16/26, 10:04:13:128] info: [API-Q] (T08KF7TD5AN) ca3841b7-1771203853.128 conversations.listPrefs is ENQUEUED 
[02/16/26, 10:04:13:129] info: [API-Q] (T08KF7TD5AN) noversion-1771203853.128 Flannel users/counts called with reason: flannel-call:users/counts 
[02/16/26, 10:04:13:129] info: [API-Q] (T08KF7TD5AN) noversion-1771203853.128 Flannel users/counts is ENQUEUED 
[02/16/26, 10:04:13:129] info: [API-Q] (T08KF7TD5AN) noversion-1771203853.129 Flannel users/list called with reason: flannel-call:users/list 
[02/16/26, 10:04:13:129] info: [API-Q] (T08KF7TD5AN) noversion-1771203853.129 Flannel users/list is ENQUEUED 
[02/16/26, 10:04:13:129] info: [UFM] (T08KF7TD5AN) requesting C08KF7TD62W (1) 
[02/16/26, 10:04:13:129] info: [UFM] (T08KF7TD5AN) received C08KF7TD62W (1) 
[02/16/26, 10:04:13:130] info: [UFM-PERMISSIONS] (T08KF7TD5AN) requesting ASSIGN_CHANNEL_MANAGER,CAN_AT_CHANNEL,CAN_AT_EVERYONE,ARCHIVE_CHANNEL (1) 
[02/16/26, 10:04:13:130] info: [API-Q] (T08KF7TD5AN) noversion-1771203853.130 Flannel permissions/info called with reason: flannel-call:permissions/info 
[02/16/26, 10:04:13:130] info: [API-Q] (T08KF7TD5AN) noversion-1771203853.130 Flannel permissions/info is ENQUEUED 
[02/16/26, 10:04:13:130] info: [UFM] (T08KF7TD5AN) requesting F08K5QWTYS2 (1) 
[02/16/26, 10:04:13:130] info: [API-Q] (T08KF7TD5AN) ca3841b7-1771203853.130 quip.lookupThreadIds called with reason: fetch-quip-ids 
[02/16/26, 10:04:13:130] info: [API-Q] (T08KF7TD5AN) ca3841b7-1771203853.130 quip.lookupThreadIds is ENQUEUED 
[02/16/26, 10:04:13:130] info: [UFM-FILES] (T08KF7TD5AN) requesting F08K5QWTYS2 (1) 
[02/16/26, 10:04:13:130] info: [API-Q] (T08KF7TD5AN) ca3841b7-1771203853.130 files.info called with reason: files-store-unknown-fetch 
[02/16/26, 10:04:13:130] info: [API-Q] (T08KF7TD5AN) ca3841b7-1771203853.130 files.info is ENQUEUED 
[02/16/26, 10:04:13:134] info: [API-Q] (T08KF7TD5AN) ca3841b7-1771203853.133 bookmarks.list called with reason: bookmarks-store/conditional-fetching 
[02/16/26, 10:04:13:134] info: [API-Q] (T08KF7TD5AN) ca3841b7-1771203853.133 bookmarks.list is ENQUEUED 
[02/16/26, 10:04:13:134] info: [API-Q] (T08KF7TD5AN) noversion-1771203853.134 Flannel channels/info called with reason: flannel-call:channels/info 
[02/16/26, 10:04:13:134] info: [API-Q] (T08KF7TD5AN) noversion-1771203853.134 Flannel channels/info is ENQUEUED 
[02/16/26, 10:04:13:134] info: [API-Q] (T08KF7TD5AN) ca3841b7-1771203853.134 saved.list called with reason: saved-api/savedList 
[02/16/26, 10:04:13:134] info: [API-Q] (T08KF7TD5AN) ca3841b7-1771203853.134 saved.list is ENQUEUED 
[02/16/26, 10:04:13:135] info: [API-Q] (T06AU05DL0L) noversion-1771203852.647 Flannel channels/info is RESOLVED 
[02/16/26, 10:04:13:152] info: [DEVICE-PREFS] Device list validation result: true 
[02/16/26, 10:04:13:152] info: [DEVICE-PREFS] Device list updated [{},{},{},{},{},{},{},{}] 
[02/16/26, 10:04:13:152] info: [DEVICE-PREFS] Processing device list [{},{},{},{},{},{},{},{}] 
[02/16/26, 10:04:13:152] info: [DEVICE-PREFS] Amending label for OS default audioinput device: Default -> System Default (Default) 
[02/16/26, 10:04:13:152] info: [DEVICE-PREFS] Amending label for OS default audiooutput device: Default -> System Default (Default) 
[02/16/26, 10:04:13:152] info: [DEVICE-PREFS] Device list processing complete 
[02/16/26, 10:04:13:152] info: [DEVICE-PREFS] Device list change handler updated 
[02/16/26, 10:04:13:152] info: [DEVICE-PREFS] Device preferences manager initialized 
[02/16/26, 10:04:13:152] info: [DEVICE-PREFS] Analyzing stored device records 
[02/16/26, 10:04:13:152] info: [DEVICE-PREFS] Returning all records for initialization analyses 
[02/16/26, 10:04:13:152] info: [DEVICE-PREFS] Device selection records analysis: {"totalRecords":0,"webAudioDevices":0,"webAudioSelectedDevices":0,"webAudioUsedDevices":0,"microphoneCount":0,"speakerCount":0,"cameraCount":0} 
[02/16/26, 10:04:13:152] info: [(?)] Device preferences manager initialized 
[02/16/26, 10:04:13:160] info: [CHECK-UNREADS] (T06AU05DL0L) Checking unreads after unread line became visible 
[02/16/26, 10:04:13:160] info: [CHECK-UNREADS] (T06AU05DL0L) Not marking C06ARGB5GCS because attention not on chat (workspace_not_focused) 
[02/16/26, 10:04:13:161] info: [API-Q] (T08KF7TD5AN) noversion-1771203851.754 Flannel users/info is RESOLVED 
[02/16/26, 10:04:13:161] info: [API-Q] (T08KF7TD5AN) noversion-1771203853.134 Flannel channels/info is ACTIVE 
[02/16/26, 10:04:13:167] info: Store: EXTEND_MENU T08KF7TD5AN: menucategory-file,menucategory-view,menucategory-edit,menucategory-help,menucategory-history 
[02/16/26, 10:04:13:168] info: Store: UPDATE_SETTINGS {
  "zoomLevel": 0
} 
[02/16/26, 10:04:13:169] info: [DESKTOP-SIDE-EFFECT] Update from desktop for keys  ["settings"] 
[02/16/26, 10:04:13:174] info: [UFM-MEMBERS] (T08KF7TD5AN) received U08KG4A5084,USLACKBOT,U08KF7TD5DG,U08KG475GLC,U08KG4ALBD2 (1) 
[02/16/26, 10:04:13:176] info: [QUIP] (T06AU05DL0L) {"type":"indexeddb_event","timestamp_ms":1771203853175,"db_type":4,"description":"Deleting DB","stack":"Error\n    at Ou (https://a.slack-edge.com/canvas_blob/kwf3OondhLiaQaopglLoOw:2:99039)\n    at vX (https://a.slack-edge.com/canvas_blob/kwf3OondhLiaQaopglLoOw:2:1152319)\n    at n.handleNotFoundError_ (https://a.slack-edge.com/canvas_blob/kwf3OondhLiaQaopglLoOw:2:1423379)\n    at n.<anonymous> (https://a.slack-edge.com/canvas_blob/kwf3OondhLiaQaopglLoOw:2:1412675)\n    at https://a.slack-edge.com/canvas_blob/KGgqCJAB54XAdARYzMK3hA-ancillary:2:1647\n    at Object.throw (https://a.slack-edge.com/canvas_blob/KGgqCJAB54XAdARYzMK3hA-ancillary:2:1752)\n    at u (https://a.slack-edge.com/canvas_blob/KGgqCJAB54XAdARYzMK3hA-ancillary:2:2447)"} 
[02/16/26, 10:04:13:176] warn: Deleting IndexedDB database 'canvas-U07N70LR48G-T06AU05DL0L' 
[02/16/26, 10:04:13:178] info: [API-Q] (T06AU05DL0L) ca3841b7-1771203853.177 conversations.genericInfo called with reason: fallback:fetchAndUpsertChannelsById 
[02/16/26, 10:04:13:178] info: [API-Q] (T06AU05DL0L) ca3841b7-1771203853.177 conversations.genericInfo is ENQUEUED 
[02/16/26, 10:04:13:178] info: [API-Q] (T06AU05DL0L) ca3841b7-1771203853.177 conversations.genericInfo is ACTIVE 
[02/16/26, 10:04:13:183] info: [WD] All assets have reported back; s: 18; f: 0 
[02/16/26, 10:04:13:202] info: [API-Q] (T08KF7TD5AN) noversion-1771203853.038 Flannel users/list is RESOLVED 
[02/16/26, 10:04:13:202] info: [API-Q] (T08KF7TD5AN) noversion-1771203853.130 Flannel permissions/info is ACTIVE 
[02/16/26, 10:04:13:203] info: [API-Q] (T08KF7TD5AN) noversion-1771203853.112 Flannel huddles/info is RESOLVED 
[02/16/26, 10:04:13:203] info: [API-Q] (T08KF7TD5AN) noversion-1771203853.129 Flannel users/list is ACTIVE 
[02/16/26, 10:04:13:234] info: [UFM] (T08KF7TD5AN) received C08KF7TD62W,C08KG4B9STE,C08NUNA47H6,C08NUNB3M1N,C08NUN6PFS4,D08KAB9CCVB,D08KG4AU4J0,D08KG48L8BE,D08KG48JDNG (1) 
[02/16/26, 10:04:13:282] info: [API-Q] (T08KF7TD5AN) noversion-1771203853.281 Flannel users/info called with reason: flannel-call:users/info 
[02/16/26, 10:04:13:282] info: [API-Q] (T08KF7TD5AN) noversion-1771203853.281 Flannel users/info is ENQUEUED 
[02/16/26, 10:04:13:287] info: [API-Q] (T08KF7TD5AN) noversion-1771203853.129 Flannel users/list is RESOLVED 
[02/16/26, 10:04:13:288] info: [API-Q] (T08KF7TD5AN) noversion-1771203853.281 Flannel users/info is ACTIVE 
[02/16/26, 10:04:13:289] info: [API-Q] (T08KF7TD5AN) noversion-1771203853.038 Flannel permissions/info is RESOLVED 
[02/16/26, 10:04:13:289] info: [API-Q] (T08KF7TD5AN) noversion-1771203853.128 Flannel users/counts is ACTIVE 
[02/16/26, 10:04:13:295] info: [API-Q] (T08KF7TD5AN) noversion-1771203853.130 Flannel permissions/info is RESOLVED 
[02/16/26, 10:04:13:296] info: [API-Q] (T08KF7TD5AN) ca3841b7-1771203851.049 users.priority.list is ACTIVE 
[02/16/26, 10:04:13:307] info: [UFM-PERMISSIONS] (T08KF7TD5AN) received ASSIGN_CHANNEL_MANAGER,CAN_AT_CHANNEL,CAN_AT_EVERYONE,ARCHIVE_CHANNEL (1) 
[02/16/26, 10:04:13:318] info: [API-Q] (T08KF7TD5AN) noversion-1771203853.281 Flannel users/info is RESOLVED 
[02/16/26, 10:04:13:319] info: [API-Q] (T08KF7TD5AN) ca3841b7-1771203851.050 aiApps.list is ACTIVE 
[02/16/26, 10:04:13:324] info: [API-Q] (T08KF7TD5AN) noversion-1771203853.128 Flannel users/counts is RESOLVED 
[02/16/26, 10:04:13:325] info: [API-Q] (T08KF7TD5AN) ca3841b7-1771203851.050 calendar.getInstalledCalendars is ACTIVE 
[02/16/26, 10:04:13:349] info: Store: EXTEND_MENU T08KF7TD5AN: menucategory-file,menucategory-view,menucategory-edit,menucategory-help,menucategory-history 
[02/16/26, 10:04:13:398] info: [API-Q] (T08KF7TD5AN) ca3841b7-1771203851.017 links.getDomains is RESOLVED 
[02/16/26, 10:04:13:398] info: [API-Q] (T08KF7TD5AN) ca3841b7-1771203851.146 slackAi.permissions.getForUser is ACTIVE 
[02/16/26, 10:04:13:399] info: [API-Q] (T08KF7TD5AN) ca3841b7-1771203851.044 drafts.list is RESOLVED 
[02/16/26, 10:04:13:399] info: [API-Q] (T08KF7TD5AN) ca3841b7-1771203851.853 users.customStatus.list is ACTIVE 
[02/16/26, 10:04:13:400] info: [DRAFTS] (T08KF7TD5AN) Fetched 1 active drafts - page 1 
[02/16/26, 10:04:13:401] info: [DRAFTS] (T08KF7TD5AN) The blocks do not contain any mentions 
[02/16/26, 10:04:13:401] info: [DRAFTS] (T08KF7TD5AN) Reconciled fetched drafts:
Drafts added: 1 || Dr0AEZE0F6HZ
Drafts updated: 0
Drafts removed: 0
Drafts ignored: 0 
[02/16/26, 10:04:13:401] info: [DRAFTS] (T08KF7TD5AN) No files associated with the fetched drafts 
[02/16/26, 10:04:13:401] info: [DRAFTS] (T08KF7TD5AN) Successfully fetched all active and inactive drafts ✨ 
[02/16/26, 10:04:13:402] info: [DRAFTS] (T08KF7TD5AN) Reconciled new draft - C08KG4B9STE-1771155002.751219 
[02/16/26, 10:04:13:414] info: [UFM-MESSAGES] (T08KF7TD5AN) requesting C08KG4B9STE-1771155002.751219 (1) 
[02/16/26, 10:04:13:415] info: [API-Q] (T08KF7TD5AN) ca3841b7-1771203853.415 messages.list called with reason: messages-ufm 
[02/16/26, 10:04:13:415] info: [API-Q] (T08KF7TD5AN) ca3841b7-1771203853.415 messages.list is ENQUEUED 
[02/16/26, 10:04:13:421] info: [API-Q] (T08KF7TD5AN) ca3841b7-1771203851.017 client.appCommands is RESOLVED 
[02/16/26, 10:04:13:421] info: [API-Q] (T08KF7TD5AN) ca3841b7-1771203851.853 client.counts is ACTIVE 
[02/16/26, 10:04:13:437] info: [API-Q] (T08KF7TD5AN) noversion-1771203853.437 Flannel channels/membership called with reason: flannel-call:channels/membership 
[02/16/26, 10:04:13:438] info: [API-Q] (T08KF7TD5AN) noversion-1771203853.437 Flannel channels/membership is ENQUEUED 
[02/16/26, 10:04:13:455] info: [DEVICE-PREFS] Propagating device selection history update 
[02/16/26, 10:04:13:456] info: [DEVICE-PREFS] Setting preferred audioinput device in huddle default 
[02/16/26, 10:04:13:456] info: [DEVICE-PREFS] Setting preferred audiooutput device in huddle default 
[02/16/26, 10:04:13:464] info: [API-Q] (T08KF7TD5AN) ca3841b7-1771203851.047 workflows.triggers.listRecentlyRunForUser is RESOLVED 
[02/16/26, 10:04:13:465] info: [API-Q] (T08KF7TD5AN) noversion-1771203853.437 Flannel channels/membership is ACTIVE 
[02/16/26, 10:04:13:472] info: [API-Q] (T08KF7TD5AN) ca3841b7-1771203851.047 functions.workflows.list is RESOLVED 
[02/16/26, 10:04:13:473] info: [API-Q] (T08KF7TD5AN) ca3841b7-1771203851.854 sfdc.integration.listOrgs is ACTIVE 
[02/16/26, 10:04:13:473] info: [API-Q] (T08KF7TD5AN) noversion-1771203853.134 Flannel channels/info is RESOLVED 
[02/16/26, 10:04:13:474] info: [API-Q] (T08KF7TD5AN) ca3841b7-1771203852.721 megaphone.notifications.list is ACTIVE 
[02/16/26, 10:04:13:475] info: [API-Q] (T08KF7TD5AN) ca3841b7-1771203853.475 workflows.triggers.list called with reason: automations_gallery 
[02/16/26, 10:04:13:475] info: [API-Q] (T08KF7TD5AN) ca3841b7-1771203853.475 workflows.triggers.list is ENQUEUED 
[02/16/26, 10:04:13:477] info: [API-Q] (T08KF7TD5AN) ca3841b7-1771203853.476 conversations.genericInfo called with reason: fallback:fetchAndUpsertChannelsById 
[02/16/26, 10:04:13:477] info: [API-Q] (T08KF7TD5AN) ca3841b7-1771203853.476 conversations.genericInfo is ENQUEUED 
[02/16/26, 10:04:13:482] info: [API-Q] (T08KF7TD5AN) ca3841b7-1771203851.048 teams.trials.info is RESOLVED 
[02/16/26, 10:04:13:483] info: [API-Q] (T08KF7TD5AN) ca3841b7-1771203852.722 megaphone.notifications.list is ACTIVE 
[02/16/26, 10:04:13:541] info: [API-Q] (T06AU05DL0L) ca3841b7-1771203853.177 conversations.genericInfo is RESOLVED 
[02/16/26, 10:04:13:624] info: [QUIP] SystemJS Fork initialized 1771203853623-0.06024488357468649 
[02/16/26, 10:04:13:644] info: [API-Q] (T08KF7TD5AN) ca3841b7-1771203851.049 users.priority.list is RESOLVED 
[02/16/26, 10:04:13:645] info: [API-Q] (T08KF7TD5AN) ca3841b7-1771203852.903 sharedInvites.canGetLink is ACTIVE 
[02/16/26, 10:04:13:657] info: [Diagnostics] Adding window recorder 5c83ab613bf34d26bfb653abd 
[02/16/26, 10:04:13:681] info: [QUIP] (T08KF7TD5AN) {"type":"set_current_user_id","timestamp_ms":1771203853680,"user_id":"PBb9EAbQiti"} 
[02/16/26, 10:04:13:682] info: [QUIP] (T08KF7TD5AN) {"type":"indexeddb_event","timestamp_ms":1771203853681,"db_type":0,"description":"Deleting DB","stack":"Error\n    at Ou (https://a.slack-edge.com/canvas_blob/kwf3OondhLiaQaopglLoOw:2:99039)\n    at vX (https://a.slack-edge.com/canvas_blob/kwf3OondhLiaQaopglLoOw:2:1152319)\n    at https://a.slack-edge.com/canvas_blob/kwf3OondhLiaQaopglLoOw:2:1152994\n    at https://a.slack-edge.com/canvas_blob/KGgqCJAB54XAdARYzMK3hA-ancillary:2:1647\n    at Object.next (https://a.slack-edge.com/canvas_blob/KGgqCJAB54XAdARYzMK3hA-ancillary:2:1752)\n    at https://a.slack-edge.com/canvas_blob/KGgqCJAB54XAdARYzMK3hA-ancillary:2:2594\n    at new Promise (<anonymous>)\n    at ac (https://a.slack-edge.com/canvas_blob/KGgqCJAB54XAdARYzMK3hA-ancillary:2:2339)\n    at mX (https://a.slack-edge.com/canvas_blob/kwf3OondhLiaQaopglLoOw:2:1152789)\n    at https://a.slack-edge.com/canvas_blob/kwf3OondhLiaQaopglLoOw:2:1526679\n    at https://a.slack-edge.com/canvas_blob/KGgqCJAB54XAdARYzMK3hA-ancillary:2:1647\n    at Object.next (https://a.slack-edge.com/canvas_blob/KGgqCJAB54XAdARYzMK3hA-ancillary:2:1752)\n    at https://a.slack-edge.com/canvas_blob/KGgqCJAB54XAdARYzMK3hA-ancillary:2:2594\n    at new Promise (<anonymous>)\n    at ac (https://a.slack-edge.com/canvas_blob/KGgqCJAB54XAdARYzMK3hA-ancillary:2:2339)\n    at https://a.slack-edge.com/canvas_blob/kwf3OondhLiaQaopglLoOw:2:1526192\n    at Object.main (https://a.slack-edge.com/canvas_blob/kwf3OondhLiaQaopglLoOw:2:1526740)\n    at https://a.slack-edge.com/bv1-13-br/gantry-v2-vendors-client.31f8ffc82f0a6e259ac4.min.js?cacheKey=gantry-1771118251:11:107485"} 
[02/16/26, 10:04:13:682] warn: Deleting IndexedDB database 'quip-test' 
[02/16/26, 10:04:13:693] info: [API-Q] (T08KF7TD5AN) ca3841b7-1771203851.050 aiApps.list is RESOLVED 
[02/16/26, 10:04:13:693] info: [API-Q] (T08KF7TD5AN) ca3841b7-1771203852.943 users.interactions.list is ACTIVE 
[02/16/26, 10:04:13:694] info: [API-Q] (T08KF7TD5AN) noversion-1771203853.437 Flannel channels/membership is RESOLVED 
[02/16/26, 10:04:13:694] info: [API-Q] (T08KF7TD5AN) ca3841b7-1771203853.022 conversations.history is ACTIVE 
[02/16/26, 10:04:13:694] info: [QUIP] (T08KF7TD5AN) {"type":"indexeddb_event","timestamp_ms":1771203853694,"db_type":1,"description":"Deleting DB","stack":"Error\n    at Ou (https://a.slack-edge.com/canvas_blob/kwf3OondhLiaQaopglLoOw:2:99039)\n    at vX (https://a.slack-edge.com/canvas_blob/kwf3OondhLiaQaopglLoOw:2:1152319)\n    at https://a.slack-edge.com/canvas_blob/kwf3OondhLiaQaopglLoOw:2:1152994\n    at https://a.slack-edge.com/canvas_blob/KGgqCJAB54XAdARYzMK3hA-ancillary:2:1647\n    at Object.next (https://a.slack-edge.com/canvas_blob/KGgqCJAB54XAdARYzMK3hA-ancillary:2:1752)\n    at a (https://a.slack-edge.com/canvas_blob/KGgqCJAB54XAdARYzMK3hA-ancillary:2:2396)"} 
[02/16/26, 10:04:13:695] warn: Deleting IndexedDB database 'quip' 
[02/16/26, 10:04:13:695] info: [API-Q] (T08KF7TD5AN) ca3841b7-1771203851.050 calendar.getInstalledCalendars is RESOLVED 
[02/16/26, 10:04:13:695] info: [API-Q] (T08KF7TD5AN) ca3841b7-1771203853.027 search.modules.files is ACTIVE 
[02/16/26, 10:04:13:797] info: [QUIP] (T08KF7TD5AN) {"type":"indexeddb_event","timestamp_ms":1771203853797,"db_type":2,"description":"Deleting DB","stack":"Error\n    at Ou (https://a.slack-edge.com/canvas_blob/kwf3OondhLiaQaopglLoOw:2:99039)\n    at vX (https://a.slack-edge.com/canvas_blob/kwf3OondhLiaQaopglLoOw:2:1152319)\n    at https://a.slack-edge.com/canvas_blob/kwf3OondhLiaQaopglLoOw:2:1152994\n    at https://a.slack-edge.com/canvas_blob/KGgqCJAB54XAdARYzMK3hA-ancillary:2:1647\n    at Object.next (https://a.slack-edge.com/canvas_blob/KGgqCJAB54XAdARYzMK3hA-ancillary:2:1752)\n    at a (https://a.slack-edge.com/canvas_blob/KGgqCJAB54XAdARYzMK3hA-ancillary:2:2396)"} 
[02/16/26, 10:04:13:798] warn: Deleting IndexedDB database 'metrics' 
[02/16/26, 10:04:13:798] info: [API-Q] (T08KF7TD5AN) ca3841b7-1771203851.853 users.customStatus.list is RESOLVED 
[02/16/26, 10:04:13:798] info: [API-Q] (T08KF7TD5AN) ca3841b7-1771203853.111 dnd.info is ACTIVE 
[02/16/26, 10:04:13:799] info: [CRDT] Automerge loaded. 
[02/16/26, 10:04:13:800] info: [API-Q] (T08KF7TD5AN) ca3841b7-1771203851.146 slackAi.permissions.getForUser is RESOLVED 
[02/16/26, 10:04:13:800] info: [API-Q] (T08KF7TD5AN) ca3841b7-1771203853.111 dnd.teamInfo is ACTIVE 
[02/16/26, 10:04:13:800] info: [API-Q] (T08KF7TD5AN) ca3841b7-1771203851.853 client.counts is RESOLVED 
[02/16/26, 10:04:13:801] info: [API-Q] (T08KF7TD5AN) ca3841b7-1771203853.112 users.channelSections.list is ACTIVE 
[02/16/26, 10:04:13:807] info: [QUIP] (T08KF7TD5AN) {"type":"indexeddb_event","timestamp_ms":1771203853807,"db_type":3,"description":"Deleting DB","stack":"Error\n    at Ou (https://a.slack-edge.com/canvas_blob/kwf3OondhLiaQaopglLoOw:2:99039)\n    at vX (https://a.slack-edge.com/canvas_blob/kwf3OondhLiaQaopglLoOw:2:1152319)\n    at https://a.slack-edge.com/canvas_blob/kwf3OondhLiaQaopglLoOw:2:1152994\n    at https://a.slack-edge.com/canvas_blob/KGgqCJAB54XAdARYzMK3hA-ancillary:2:1647\n    at Object.next (https://a.slack-edge.com/canvas_blob/KGgqCJAB54XAdARYzMK3hA-ancillary:2:1752)\n    at a (https://a.slack-edge.com/canvas_blob/KGgqCJAB54XAdARYzMK3hA-ancillary:2:2396)"} 
[02/16/26, 10:04:13:808] warn: Deleting IndexedDB database 'local-storage' 
[02/16/26, 10:04:13:808] info: [UFM-PERMISSIONS] (T08KF7TD5AN) received READ_AUDIT_LOGS,ARCHIVE_CHANNEL,CONVERT_MPDM_TO_PRIVATE,CREATE_PRIVATE_CHANNEL,CREATE_PUBLIC_CHANNEL,EDIT_CHANNEL_WORKSPACES,CAN_AT_CHANNEL,VIEW_OVERVIEW_ANALYTICS,VIEW_WORKSPACE_ANALYTICS,VIEW_MEMBER_ANALYTICS,VIEW_ORG_WIDE_CHANNEL_ANALYTICS,VIEW_HUDDLE_ANALYTICS,VIEW_CLIP_ANALYTICS,VIEW_APP_ANALYTICS,VIEW_CHANNEL_ANALYTICS,VIEW_AI_ANALYTICS,VIEW_CANVAS_ANALYTICS,VIEW_WORKFLOW_ANALYTICS,VIEW_LIST_ANALYTICS,VIEW_TOP_LEVEL_WORKFLOWS,ADD_COLLABORATOR_TO_ANY_WORKFLOW,UNPUBLISH_ANY_WORKFLOW,CREATE_WORKFLOWS,CREATE_CANVAS_TEMPLATES,PUBLISH_CANVAS_ORG_TEMPLATES,MANAGE_SALES_HOME,MANAGE_SALES_HOME_DATA_SOURCE,ADD_CUSTOM_EMOJI,DELETE_CUSTOM_EMOJI,EDIT_SLACKBOT_RESPONSES,UPDATE_NAME,UPDATE_DISPLAY_NAME,EDIT_PROFILE_PHOTO,ACCEPT_SLACK_CONNECT_INVITES,MANAGE_SLACK_CONNECT,CREATE_SLACK_CONNECT_DM,VIEW_APP_REQUESTS,MANAGE_AAA_AUTOMATION_RULES,MANAGE_SCOPE_RATINGS,VIEW_INSTALLED_APPS,MANAGE_ORG_LEVEL_APP_APPROVAL,VIEW_APPROVED_APPS,VIEW_RESTRICTED_APPS,ADD_ORG_APPS_TO_WORKSPACES,REMOVE_ORG_APPS_FROM_WORKSPACES,VIEW_DEPRECATIONS,MANAGE_WORKFLOW_CONNECTORS,MANAGE_WORKFLOW_TRIGGERS,CREATE_SOLUTION_TEMPLATE,PUBLISH_SOLUTION_TEMPLATE,MANAGE_SOLUTION_TEMPLATE,CREATE_LIST_TEMPLATE,CREATE_USER_GROUPS,EDIT_USER_GROUPS,DELETE_USER_GROUPS,ACCESS_SLACK_AI_CHANNEL_THREAD_SUMMARIES,ACCESS_SLACK_AI_ACTION_ITEMS,ACCESS_SLACK_AI_DETAILED_FEEDBACK,ACCESS_SLACK_AI_FILE_SUMMARIES,ACCESS_SLACK_AI_HUDDLE_SUMMARIES,ACCESS_SLACK_AI_RECAP,ACCESS_SLACK_AI_SEARCH,ACCESS_SLACK_AI_STEPS_IN_WORKFLOW,ACCESS_SLACK_AI_TRANSLATIONS,ACCESS_SLACK_AI_WORKFLOW_BUILDER,ACCESS_SLACK_AI_RECORD_CHANNEL_DIGEST,ACCESS_SLACK_AI_DEVELOPMENT,ACCESS_SLACK_AI_EXPLAIN,ACCESS_SLACK_AI_CANVAS,ACCESS_SLACK_AI_SLACKBOT,ACCESS_SLACK_AI_FILTERS,ACCESS_SLACK_AI_SALESFORCE_CSV_MAPPER,ACCESS_SLACK_AI_SUGGESTED_SECTIONS,ACCESS_ENTERPRISE_SEARCH,CAN_MANAGE_XWS_CHANNELS,CREATE_AND_EDIT_ORG_USER_GROUPS,EDIT_ORG_USER_GROUPS,DELETE_ORG_USER_GROUPS (1) 
[02/16/26, 10:04:13:810] info: [COUNTS] (T08KF7TD5AN) Applying counts to channels. wasLastConnectFast: false isConnected: true applying: 13 out of total: 13 
[02/16/26, 10:04:13:811] info: [COUNTS] (T08KF7TD5AN) Threads has_unreads:false mention_count:0 
[02/16/26, 10:04:13:812] info: [COUNTS] (T08KF7TD5AN) Completed counts processing 
[02/16/26, 10:04:13:834] info: [UFM-PERMISSIONS] (T08KF7TD5AN) requesting ADD_GUEST_USER_TO_WORKSPACE,ADD_FULL_USER_TO_WORKSPACE,REMOVE_GUEST_USER_FROM_WORKSPACE,REMOVE_FULL_USER_FROM_WORKSPACE,CONVERT_TO_GUEST,CONVERT_TO_MEMBER,READ_LEGAL_HOLDS,WRITE_LEGAL_HOLDS (1) 
[02/16/26, 10:04:13:834] info: [API-Q] (T08KF7TD5AN) noversion-1771203853.833 Flannel permissions/info called with reason: flannel-call:permissions/info 
[02/16/26, 10:04:13:834] info: [API-Q] (T08KF7TD5AN) noversion-1771203853.833 Flannel permissions/info is ENQUEUED 
[02/16/26, 10:04:13:843] info: [QUIP] (T08KF7TD5AN) {"type":"indexeddb_event","timestamp_ms":1771203853842,"db_type":4,"description":"Deleting DB","stack":"Error\n    at Ou (https://a.slack-edge.com/canvas_blob/kwf3OondhLiaQaopglLoOw:2:99039)\n    at vX (https://a.slack-edge.com/canvas_blob/kwf3OondhLiaQaopglLoOw:2:1152319)\n    at https://a.slack-edge.com/canvas_blob/kwf3OondhLiaQaopglLoOw:2:1152994\n    at https://a.slack-edge.com/canvas_blob/KGgqCJAB54XAdARYzMK3hA-ancillary:2:1647\n    at Object.next (https://a.slack-edge.com/canvas_blob/KGgqCJAB54XAdARYzMK3hA-ancillary:2:1752)\n    at a (https://a.slack-edge.com/canvas_blob/KGgqCJAB54XAdARYzMK3hA-ancillary:2:2396)"} 
[02/16/26, 10:04:13:843] warn: Deleting IndexedDB database 'canvas' 
[02/16/26, 10:04:13:848] info: [API-Q] (T08KF7TD5AN) ca3841b7-1771203851.854 sfdc.integration.listOrgs is RESOLVED 
[02/16/26, 10:04:13:848] info: [API-Q] (T08KF7TD5AN) noversion-1771203853.833 Flannel permissions/info is ACTIVE 
[02/16/26, 10:04:13:864] info: [QUIP] (T08KF7TD5AN) {"type":"indexeddb_event","timestamp_ms":1771203853864,"db_type":4,"description":"Deleting DB","stack":"Error\n    at Ou (https://a.slack-edge.com/canvas_blob/kwf3OondhLiaQaopglLoOw:2:99039)\n    at vX (https://a.slack-edge.com/canvas_blob/kwf3OondhLiaQaopglLoOw:2:1152319)\n    at https://a.slack-edge.com/canvas_blob/kwf3OondhLiaQaopglLoOw:2:1153260\n    at https://a.slack-edge.com/canvas_blob/KGgqCJAB54XAdARYzMK3hA-ancillary:2:1647\n    at Object.next (https://a.slack-edge.com/canvas_blob/KGgqCJAB54XAdARYzMK3hA-ancillary:2:1752)\n    at a (https://a.slack-edge.com/canvas_blob/KGgqCJAB54XAdARYzMK3hA-ancillary:2:2396)"} 
[02/16/26, 10:04:13:865] warn: Deleting IndexedDB database 'canvas-U07N70LR48G-T06AU05DL0L' 
[02/16/26, 10:04:13:868] info: [QUIP] (T06AU05DL0L) {"type":"indexeddb_event","timestamp_ms":1771203853868,"db_name":"canvas-U07N70LR48G-T06AU05DL0L","description":"Version changed from 10 to null"} 
[02/16/26, 10:04:13:906] info: [API-Q] (T08KF7TD5AN) noversion-1771203853.833 Flannel permissions/info is RESOLVED 
[02/16/26, 10:04:13:907] info: [API-Q] (T08KF7TD5AN) ca3841b7-1771203853.126 help.issues.ticketStats is ACTIVE 
[02/16/26, 10:04:13:907] info: [UFM-PERMISSIONS] (T08KF7TD5AN) received ADD_GUEST_USER_TO_WORKSPACE,ADD_FULL_USER_TO_WORKSPACE,REMOVE_GUEST_USER_FROM_WORKSPACE,REMOVE_FULL_USER_FROM_WORKSPACE,CONVERT_TO_GUEST,CONVERT_TO_MEMBER,READ_LEGAL_HOLDS,WRITE_LEGAL_HOLDS (1) 
[02/16/26, 10:04:13:992] info: [API-Q] (T08KF7TD5AN) ca3841b7-1771203852.721 megaphone.notifications.list is RESOLVED 
[02/16/26, 10:04:13:993] info: [API-Q] (T08KF7TD5AN) ca3841b7-1771203853.128 team.targetingCriteria is ACTIVE 
[02/16/26, 10:04:14:006] info: [API-Q] (T08KF7TD5AN) ca3841b7-1771203852.722 megaphone.notifications.list is RESOLVED 
[02/16/26, 10:04:14:006] info: [API-Q] (T08KF7TD5AN) ca3841b7-1771203853.128 conversations.listPrefs is ACTIVE 
[02/16/26, 10:04:14:007] info: [API-Q] (T08KF7TD5AN) ca3841b7-1771203852.903 sharedInvites.canGetLink is RESOLVED 
[02/16/26, 10:04:14:007] info: [API-Q] (T08KF7TD5AN) ca3841b7-1771203853.130 quip.lookupThreadIds is ACTIVE 
[02/16/26, 10:04:14:056] info: [API-Q] (T08KF7TD5AN) ca3841b7-1771203852.943 users.interactions.list is RESOLVED 
[02/16/26, 10:04:14:057] info: [API-Q] (T08KF7TD5AN) ca3841b7-1771203853.130 files.info is ACTIVE 
[02/16/26, 10:04:14:066] info: [API-Q] (T08KF7TD5AN) ca3841b7-1771203853.022 conversations.history is RESOLVED 
[02/16/26, 10:04:14:067] info: [API-Q] (T08KF7TD5AN) ca3841b7-1771203853.133 bookmarks.list is ACTIVE 
[02/16/26, 10:04:14:067] info: [PLATFORM-CHANNEL-ACTI] (T08KF7TD5AN) Not updating count for channel C08KF7TD62W, as count was already set to 0 
[02/16/26, 10:04:14:068] info: [PINS] (T08KF7TD5AN) Pins count updated for channel C08KF7TD62W: 0 
[02/16/26, 10:04:14:069] info: [CHECK-UNREADS] (T08KF7TD5AN) Not marking C08KF7TD62W because last_read >= latest && channel is read 
[02/16/26, 10:04:14:074] info: [MESSAGE-LIST] (T08KF7TD5AN) componentWillReceiveProps isLoading: false isLoadingOlder: false timestamps: 1 
[02/16/26, 10:04:14:082] info: [CHECK-UNREADS] (T08KF7TD5AN) unreadLineVisible updated in main window container primary: false -> true 
[02/16/26, 10:04:14:153] info: [API-Q] (T08KF7TD5AN) ca3841b7-1771203853.111 dnd.teamInfo is RESOLVED 
[02/16/26, 10:04:14:154] info: [API-Q] (T08KF7TD5AN) ca3841b7-1771203853.134 saved.list is ACTIVE 
[02/16/26, 10:04:14:162] info: [DND] (T08KF7TD5AN) Fetched DND info for the following members: U08KG4A5084,U08KG4ALBD2,U08KF7TD5DG 
[02/16/26, 10:04:14:163] info: [DND_V2] (T08KF7TD5AN) Not setting a timer as all schedules are stale 
[02/16/26, 10:04:14:164] info: [API-Q] (T08KF7TD5AN) ca3841b7-1771203853.111 dnd.info is RESOLVED 
[02/16/26, 10:04:14:164] info: [API-Q] (T08KF7TD5AN) ca3841b7-1771203853.415 messages.list is ACTIVE 
[02/16/26, 10:04:14:171] info: [DND] (T08KF7TD5AN) Fetched DND info for the following member: U08KG48A77W 
[02/16/26, 10:04:14:173] info: [DND_V2] (T08KF7TD5AN) Not setting a timer as all schedules are stale 
[02/16/26, 10:04:14:236] info: [UFM-REACJITRIGGERS] (T08KF7TD5AN) requesting C08KF7TD62W (1) 
[02/16/26, 10:04:14:236] info: [API-Q] (T08KF7TD5AN) ca3841b7-1771203854.236 conversations.bulkReacjiTriggers called with reason: reacji_triggers_ufm 
[02/16/26, 10:04:14:236] info: [API-Q] (T08KF7TD5AN) ca3841b7-1771203854.236 conversations.bulkReacjiTriggers is ENQUEUED 
[02/16/26, 10:04:14:237] info: [API-Q] (T08KF7TD5AN) ca3841b7-1771203853.112 users.channelSections.list is RESOLVED 
[02/16/26, 10:04:14:237] info: [API-Q] (T08KF7TD5AN) ca3841b7-1771203853.475 workflows.triggers.list is ACTIVE 
[02/16/26, 10:04:14:284] info: [API-Q] (T08KF7TD5AN) ca3841b7-1771203853.126 help.issues.ticketStats is RESOLVED 
[02/16/26, 10:04:14:284] info: [API-Q] (T08KF7TD5AN) ca3841b7-1771203853.476 conversations.genericInfo is ACTIVE 
[02/16/26, 10:04:14:351] info: [API-Q] (T08KF7TD5AN) ca3841b7-1771203853.128 team.targetingCriteria is RESOLVED 
[02/16/26, 10:04:14:351] info: [API-Q] (T08KF7TD5AN) ca3841b7-1771203854.236 conversations.bulkReacjiTriggers is ACTIVE 
[02/16/26, 10:04:14:378] info: [API-Q] (T08KF7TD5AN) ca3841b7-1771203853.128 conversations.listPrefs is RESOLVED 
[02/16/26, 10:04:14:379] info: [API-Q] (T08KF7TD5AN) ca3841b7-1771203853.130 quip.lookupThreadIds is RESOLVED 
[02/16/26, 10:04:14:384] info: [UFM] (T08KF7TD5AN) received F08K5QWTYS2 (1) 
[02/16/26, 10:04:14:441] info: [API-Q] (T08KF7TD5AN) ca3841b7-1771203853.130 files.info is RESOLVED 
[02/16/26, 10:04:14:441] info: [CHECK-UNREADS] (T08KF7TD5AN) Checking unreads after unread line became visible 
[02/16/26, 10:04:14:442] info: [CHECK-UNREADS] (T08KF7TD5AN) Not marking C08KF7TD62W because last_read >= latest && channel is read 
[02/16/26, 10:04:14:442] info: [UFM-FILES] (T08KF7TD5AN) received F08K5QWTYS2 (1) 
[02/16/26, 10:04:14:526] info: [API-Q] (T08KF7TD5AN) ca3841b7-1771203853.134 saved.list is RESOLVED 
[02/16/26, 10:04:14:536] info: [API-Q] (T08KF7TD5AN) ca3841b7-1771203853.415 messages.list is RESOLVED 
[02/16/26, 10:04:14:548] info: [UFM-MESSAGES] (T08KF7TD5AN) received C08KG4B9STE-1771155002.751219 (1) 
[02/16/26, 10:04:14:588] info: [API-Q] (T08KF7TD5AN) ca3841b7-1771203853.475 workflows.triggers.list is RESOLVED 
[02/16/26, 10:04:14:650] info: [API-Q] (T08KF7TD5AN) ca3841b7-1771203853.133 bookmarks.list is RESOLVED 
[02/16/26, 10:04:14:662] info: [API-Q] (T08KF7TD5AN) ca3841b7-1771203853.476 conversations.genericInfo is RESOLVED 
[02/16/26, 10:04:14:675] info: [API-Q] (T08KF7TD5AN) noversion-1771203854.674 Flannel channels/info called with reason: flannel-call:channels/info 
[02/16/26, 10:04:14:675] info: [API-Q] (T08KF7TD5AN) noversion-1771203854.674 Flannel channels/info is ENQUEUED 
[02/16/26, 10:04:14:675] info: [API-Q] (T08KF7TD5AN) noversion-1771203854.674 Flannel channels/info is ACTIVE 
[02/16/26, 10:04:14:707] info: [API-Q] (T08KF7TD5AN) ca3841b7-1771203854.236 conversations.bulkReacjiTriggers is RESOLVED 
[02/16/26, 10:04:14:708] info: [UFM-REACJITRIGGERS] (T08KF7TD5AN) received C08KF7TD62W (1) 
[02/16/26, 10:04:14:820] info: [API-Q] (T08KF7TD5AN) ca3841b7-1771203853.027 search.modules.files is RESOLVED 
[02/16/26, 10:04:15:001] info: [API-Q] (T08KF7TD5AN) noversion-1771203854.674 Flannel channels/info is RESOLVED 
[02/16/26, 10:04:15:004] info: [API-Q] (T08KF7TD5AN) ca3841b7-1771203855.004 conversations.genericInfo called with reason: fallback:fetchAndUpsertChannelsById 
[02/16/26, 10:04:15:005] info: [API-Q] (T08KF7TD5AN) ca3841b7-1771203855.004 conversations.genericInfo is ENQUEUED 
[02/16/26, 10:04:15:005] info: [API-Q] (T08KF7TD5AN) ca3841b7-1771203855.004 conversations.genericInfo is ACTIVE 
[02/16/26, 10:04:15:256] info: [DEVICE-PERMISSIONS-MA] Refreshing all permissions 
[02/16/26, 10:04:15:270] info: [DEVICE-PERMISSIONS-MA] Received microphone access status for desktop app: [object Object] 
[02/16/26, 10:04:15:271] info: [DEVICE-PERMISSIONS-MA] permission state for microphone changed to [object Object] 
[02/16/26, 10:04:15:271] info: [DEVICE-PERMISSIONS-MA] Permissions changed {"microphone":{"status":"granted"},"camera":null,"screen":null} 
[02/16/26, 10:04:15:271] info: [DEVICE-PREFS] Updating available devices (original flow) 
[02/16/26, 10:04:15:271] info: [DEVICE-PERMISSIONS-MA] Permissions saved to local storage: {"permissions":{"microphone":{"status":"granted"},"camera":null,"screen":null},"timestamp":1771203855270} 
[02/16/26, 10:04:15:271] info: [DEVICE-PERMISSIONS-MA] Received camera access status for desktop app: [object Object] 
[02/16/26, 10:04:15:272] info: [DEVICE-PERMISSIONS-MA] permission state for camera changed to [object Object] 
[02/16/26, 10:04:15:272] info: [DEVICE-PERMISSIONS-MA] Permissions changed {"microphone":{"status":"granted"},"camera":{"status":"granted"},"screen":null} 
[02/16/26, 10:04:15:272] info: [(?)] Available devices update already in progress. Returning existing promise. 
[02/16/26, 10:04:15:272] info: [DEVICE-PERMISSIONS-MA] Permissions saved to local storage: {"permissions":{"microphone":{"status":"granted"},"camera":{"status":"granted"},"screen":null},"timestamp":1771203855271} 
[02/16/26, 10:04:15:272] info: [DEVICE-PERMISSIONS-MA] Received screen access status for desktop app: [object Object] 
[02/16/26, 10:04:15:272] info: [DEVICE-PERMISSIONS-MA] permission state for screen changed to [object Object] 
[02/16/26, 10:04:15:272] info: [DEVICE-PERMISSIONS-MA] Permissions changed {"microphone":{"status":"granted"},"camera":{"status":"granted"},"screen":{"status":"granted"}} 
[02/16/26, 10:04:15:273] info: [(?)] Available devices update already in progress. Returning existing promise. 
[02/16/26, 10:04:15:273] info: [DEVICE-PERMISSIONS-MA] Permissions saved to local storage: {"permissions":{"microphone":{"status":"granted"},"camera":{"status":"granted"},"screen":{"status":"granted"}},"timestamp":1771203855271} 
[02/16/26, 10:04:15:284] info: [DEVICE-PREFS] Device list validation result: true 
[02/16/26, 10:04:15:284] info: [DEVICE-PREFS] Device list updated [{},{},{},{},{},{},{},{}] 
[02/16/26, 10:04:15:285] info: [DEVICE-PREFS] Processing device list [{},{},{},{},{},{},{},{}] 
[02/16/26, 10:04:15:285] info: [DEVICE-PREFS] Amending label for OS default audioinput device: Default -> System Default (Default) 
[02/16/26, 10:04:15:285] info: [DEVICE-PREFS] Amending label for OS default audiooutput device: Default -> System Default (Default) 
[02/16/26, 10:04:15:285] info: [DEVICE-PREFS] Device list processing complete 
[02/16/26, 10:04:15:363] info: [API-Q] (T08KF7TD5AN) ca3841b7-1771203855.004 conversations.genericInfo is RESOLVED 
[02/16/26, 10:04:15:586] info: [DEVICE-PREFS] Propagating device selection history update 
[02/16/26, 10:04:15:588] info: [DEVICE-PREFS] Setting preferred audioinput device in huddle default 
[02/16/26, 10:04:15:588] info: [DEVICE-PREFS] Setting preferred audiooutput device in huddle default 
[02/16/26, 10:04:16:393] info: Breadcrumb: ui.click: button.c-button-unstyled.c-icon_button.c-icon_button--size_small.c-wysiwyg_container__button.c-icon_button--default[aria-label="More options"][type="button"]  
[02/16/26, 10:04:20:070] info: [API-Q] (T08KF7TD5AN) ca3841b7-1771203860.070 files.list called with reason: paperclip-recents 
[02/16/26, 10:04:20:071] info: [API-Q] (T08KF7TD5AN) ca3841b7-1771203860.070 files.list is ENQUEUED 
[02/16/26, 10:04:20:077] info: [API-Q] (T08KF7TD5AN) ca3841b7-1771203860.070 files.list is ACTIVE 
[02/16/26, 10:04:20:508] info: [API-Q] (T08KF7TD5AN) ca3841b7-1771203860.070 files.list is RESOLVED 
[02/16/26, 10:04:25:442] info: Breadcrumb: ui.click: input.p-hidden_file_input[type="file"]  
[02/16/26, 10:04:25:452] info: Breadcrumb: ui.click: div.c-menu_item__label  
[02/16/26, 10:04:26:391] info: [FOCUS-EVENT] (T08KF7TD5AN) Main window blurred 
[02/16/26, 10:04:26:572] info: Store: EXTEND_MENU T08KF7TD5AN: menucategory-file,menucategory-view,menucategory-edit,menucategory-help,menucategory-history 
[02/16/26, 10:04:27:394] info: Store: UPDATE_SETTINGS {
  "mainWindowSettings": {
    "fullScreen": false,
    "maximized": false,
    "bounds": {
      "x": 0,
      "y": 0,
      "width": 754,
      "height": 748
    }
  }
} 
[02/16/26, 10:04:27:397] info: [DESKTOP-SIDE-EFFECT] Update from desktop for keys  ["settings"] 
[02/16/26, 10:04:29:216] info: [FOCUS-EVENT] (T08KF7TD5AN) Main window focused 
[02/16/26, 10:04:29:307] info: [CHECK-UNREADS] (T08KF7TD5AN) Checking unreads after window became focused 
[02/16/26, 10:04:29:307] info: [CHECK-UNREADS] (T08KF7TD5AN) Not marking C08KF7TD62W because last_read >= latest && channel is read 
[02/16/26, 10:04:31:880] info: [NAVIGATE-IN-MAIN-WIND] Starting a new navigation event {"id":"C08KG4B9STE","viewType":"Channel","options":{}} 
[02/16/26, 10:04:31:883] info: [NAVIGATE-IN-MAIN-WIND] Applying changes to the primary container {"viewSet":{"sidebar":{"id":"ChannelList","viewType":"ChannelList"},"primary":{"id":"C08KG4B9STE","viewType":"Channel","uiState":{"preventMoveFocus":false}}},"nextTab":"home"} 
[02/16/26, 10:04:31:884] info: [NAVIGATION-MIDDLEWARE] Starting a new navigation middleware execution {"context":"navigation","nextViewSet":{"sidebar":{"id":"ChannelList","viewType":"ChannelList"},"primary":{"id":"C08KG4B9STE","viewType":"Channel","uiState":{"preventMoveFocus":false}}},"middlewareCount":23,"nextTab":"home"} 
[02/16/26, 10:04:31:886] info: [NAVIGATION-MIDDLEWARE] Async action execution is complete for a view {"nextView":{"id":"ChannelList","viewType":"ChannelList"},"results":[["UserIdToDMIdMiddleware",false],["AttemptToStopEditingInChannel",false],["AttemptToStopEditingSalesforceForm",false],["PreventVideoRecorderModalClose",false],["OpenConversationWithIds",false],["EnsureChannel",false],["EnsureAppViewType",false],["RedirectFileChannel",false],["RedirectChannelCanvasToCanvas",false],["RedirectLegacyFileBrowsersToUnified",false],["RedirectFileChannel",false],["SyncSearchTab",false],["RedirectHuddleRecordChannel",false],["EnsureCannedCanvasTemplates",false],["EnsureChannelHasParentTabMiddleware",false],["EnsureMessagesTabHasTabIdMiddleware",false],["TriggerMegaphoneGalleryFlow",false],["MaybeCloseSecondaryViewAfterSplit",false],["CanvasSetScrollParam",false],["RedirectSlackbotHistory",false],["RedirectSlackbotBadge",false],["EnsureActivityInboxMiddleware",false],["EnsureSearchSidebarPrototypeMiddleware",false]],"shouldTerminateNavigation":false,"executionTime":1.6999999999534339,"nextTab":"home"} 
[02/16/26, 10:04:31:887] info: [NAVIGATION-MIDDLEWARE] Finish middleware execution for sidebar container {"maybeTransformedViewSet":{"sidebar":{"id":"ChannelList","viewType":"ChannelList"},"primary":{"id":"C08KG4B9STE","viewType":"Channel","uiState":{"preventMoveFocus":false}}},"terminateNavigation":false,"isViewTransformed":false,"iterationCount":0,"executionTime":2.8999999999650754} 
[02/16/26, 10:04:31:889] info: [NAVIGATION-MIDDLEWARE] Async action execution is complete for a view {"nextView":{"id":"C08KG4B9STE","viewType":"Channel","uiState":{"preventMoveFocus":false}},"results":[["UserIdToDMIdMiddleware",false],["AttemptToStopEditingInChannel",false],["AttemptToStopEditingSalesforceForm",false],["PreventVideoRecorderModalClose",false],["OpenConversationWithIds",false],["EnsureChannel",false],["EnsureAppViewType",false],["RedirectFileChannel",false],["RedirectChannelCanvasToCanvas",false],["RedirectLegacyFileBrowsersToUnified",false],["RedirectFileChannel",false],["SyncSearchTab",false],["RedirectHuddleRecordChannel",false],["EnsureCannedCanvasTemplates",false],["EnsureChannelHasParentTabMiddleware",false],["EnsureMessagesTabHasTabIdMiddleware",false],["TriggerMegaphoneGalleryFlow",false],["MaybeCloseSecondaryViewAfterSplit",false],["CanvasSetScrollParam",false],["RedirectSlackbotHistory",false],["RedirectSlackbotBadge",false],["EnsureActivityInboxMiddleware",false],["EnsureSearchSidebarPrototypeMiddleware",false]],"shouldTerminateNavigation":false,"executionTime":0.7999999999883585,"nextTab":"home"} 
[02/16/26, 10:04:31:889] info: [APPLY-DETAIL-VIEW] ViewSet with detail view applied {"viewSet":{"sidebar":{"id":"ChannelList","viewType":"ChannelList"},"primary":{"id":"C08KG4B9STE","viewType":"Channel","params":{"parentTab":"C08KG4B9STE"},"uiState":{"preventMoveFocus":false}}}} 
[02/16/26, 10:04:31:890] info: [APPLY-DETAIL-VIEW] ViewSet with channel canvas applied {"viewSet":{"sidebar":{"id":"ChannelList","viewType":"ChannelList"},"primary":{"id":"C08KG4B9STE","viewType":"Channel","params":{"parentTab":"C08KG4B9STE"},"uiState":{"preventMoveFocus":false}}}} 
[02/16/26, 10:04:31:890] info: [NAVIGATION-MIDDLEWARE] View has been transformed {"container":"primary","initialView":{"id":"C08KG4B9STE","viewType":"Channel","uiState":{"preventMoveFocus":false}},"transformedView":{"id":"C08KG4B9STE","viewType":"Channel","params":{"parentTab":"C08KG4B9STE"},"uiState":{"preventMoveFocus":false}},"iterationCount":0} 
[02/16/26, 10:04:31:890] info: [NAVIGATION-MIDDLEWARE] Skipping middleware execution for sidebar container as we have cached value {"initialView":{"id":"ChannelList","viewType":"ChannelList"},"iterationCount":1} 
[02/16/26, 10:04:31:890] info: [NAVIGATION-MIDDLEWARE] Async action execution is complete for a view {"nextView":{"id":"C08KG4B9STE","viewType":"Channel","params":{"parentTab":"C08KG4B9STE"},"uiState":{"preventMoveFocus":false}},"results":[["UserIdToDMIdMiddleware",false],["AttemptToStopEditingInChannel",false],["AttemptToStopEditingSalesforceForm",false],["PreventVideoRecorderModalClose",false],["OpenConversationWithIds",false],["EnsureChannel",false],["EnsureAppViewType",false],["RedirectFileChannel",false],["RedirectChannelCanvasToCanvas",false],["RedirectLegacyFileBrowsersToUnified",false],["RedirectFileChannel",false],["SyncSearchTab",false],["RedirectHuddleRecordChannel",false],["EnsureCannedCanvasTemplates",false],["EnsureChannelHasParentTabMiddleware",false],["EnsureMessagesTabHasTabIdMiddleware",false],["TriggerMegaphoneGalleryFlow",false],["MaybeCloseSecondaryViewAfterSplit",false],["CanvasSetScrollParam",false],["RedirectSlackbotHistory",false],["RedirectSlackbotBadge",false],["EnsureActivityInboxMiddleware",false],["EnsureSearchSidebarPrototypeMiddleware",false]],"shouldTerminateNavigation":false,"executionTime":0.29999999998835847,"nextTab":"home"} 
[02/16/26, 10:04:31:890] info: [NAVIGATION-MIDDLEWARE] Finish middleware execution for primary container {"maybeTransformedViewSet":{"sidebar":{"id":"ChannelList","viewType":"ChannelList"},"primary":{"id":"C08KG4B9STE","viewType":"Channel","params":{"parentTab":"C08KG4B9STE"},"uiState":{"preventMoveFocus":false}}},"terminateNavigation":false,"isViewTransformed":false,"iterationCount":1,"executionTime":0.6000000000349246} 
[02/16/26, 10:04:31:891] info: [NAVIGATION-MIDDLEWARE] Finish middleware execution for primary container {"maybeTransformedViewSet":{"sidebar":{"id":"ChannelList","viewType":"ChannelList"},"primary":{"id":"C08KG4B9STE","viewType":"Channel","params":{"parentTab":"C08KG4B9STE"},"uiState":{"preventMoveFocus":false}}},"terminateNavigation":false,"isViewTransformed":true,"iterationCount":0,"executionTime":3.099999999976717} 
[02/16/26, 10:04:31:891] info: [NAVIGATION-MIDDLEWARE] Navigation middleware execution is complete {"maybeUpdatedViewSet":{"sidebar":{"id":"ChannelList","viewType":"ChannelList"},"primary":{"id":"C08KG4B9STE","viewType":"Channel","params":{"parentTab":"C08KG4B9STE"},"uiState":{"preventMoveFocus":false}}},"terminateNavigation":false,"executionTime":6.199999999953434,"nextTab":"home"} 
[02/16/26, 10:04:31:891] info: [NAVIGATE-IN-MAIN-WIND] Built view set after middleware {"viewSet":{"sidebar":{"id":"ChannelList","viewType":"ChannelList"},"primary":{"id":"C08KG4B9STE","viewType":"Channel","params":{"parentTab":"C08KG4B9STE"},"uiState":{"preventMoveFocus":false}}},"nextTab":"home"} 
[02/16/26, 10:04:31:896] info: [NAVIGATE-LISTENERS] (T08KF7TD5AN) Starting navigation listeners for triggerType NAVIGATION 
[02/16/26, 10:04:31:904] info: [NAVIGATE-LISTENERS] (T08KF7TD5AN) Navigation listeners complete without errors 
[02/16/26, 10:04:31:904] info: [NAVIGATE-IN-MAIN-WIND]  Navigation thunk execution complete {"id":"C08KG4B9STE","viewType":"Channel","options":{}} 
[02/16/26, 10:04:31:908] info: Breadcrumb: ui.click: span.p-channel_sidebar__name  
[02/16/26, 10:04:31:954] info: [MESSAGE-LIST] (T08KF7TD5AN) getScrollmark reason:channel_change channelId:C08KF7TD62W at end 
[02/16/26, 10:04:31:963] info: [MESSAGE-LIST] (T08KF7TD5AN) Switching channels: C08KG4B9STE timestamps: 0 
[02/16/26, 10:04:31:963] info: [MESSAGE-LIST] (T08KF7TD5AN) requestAround channelId: C08KG4B9STE isLoading: false timestamps: 0 reachedStart: false reachedEnd: false 
[02/16/26, 10:04:31:963] info: [HISTORY-FETCH] (T08KF7TD5AN) Fetching history for message pane: C08KG4B9STE oldest: null latest: null 
[02/16/26, 10:04:31:965] info: [API-Q] (T08KF7TD5AN) ca3841b7-1771203871.963 conversations.history called with reason: message-pane/requestHistory 
[02/16/26, 10:04:31:965] info: [API-Q] (T08KF7TD5AN) ca3841b7-1771203871.963 conversations.history is ENQUEUED 
[02/16/26, 10:04:32:010] info: [MESSAGE-LIST] (T08KF7TD5AN) requestAround channelId: C08KG4B9STE isLoading: false timestamps: 0 reachedStart: false reachedEnd: false 
[02/16/26, 10:04:32:010] info: [MESSAGE-LIST] (T08KF7TD5AN) requestAround channelId: C08KG4B9STE isLoading: false timestamps: 0 reachedStart: false reachedEnd: false 
[02/16/26, 10:04:32:030] info: [API-Q] (T08KF7TD5AN) noversion-1771203872.028 Flannel users/list called with reason: flannel-call:users/list 
[02/16/26, 10:04:32:030] info: [API-Q] (T08KF7TD5AN) noversion-1771203872.028 Flannel users/list is ENQUEUED 
[02/16/26, 10:04:32:030] info: [API-Q] (T08KF7TD5AN) noversion-1771203872.029 Flannel permissions/info called with reason: flannel-call:permissions/info 
[02/16/26, 10:04:32:030] info: [API-Q] (T08KF7TD5AN) noversion-1771203872.029 Flannel permissions/info is ENQUEUED 
[02/16/26, 10:04:32:030] info: [API-Q] (T08KF7TD5AN) ca3841b7-1771203871.963 conversations.history is ACTIVE 
[02/16/26, 10:04:32:030] info: [API-Q] (T08KF7TD5AN) noversion-1771203872.028 Flannel users/list is ACTIVE 
[02/16/26, 10:04:32:031] info: [API-Q] (T08KF7TD5AN) noversion-1771203872.029 Flannel permissions/info is ACTIVE 
[02/16/26, 10:04:32:096] info: [API-Q] (T08KF7TD5AN) ca3841b7-1771203872.095 conversations.listPrefs called with reason: client_redux_store 
[02/16/26, 10:04:32:096] info: [API-Q] (T08KF7TD5AN) ca3841b7-1771203872.095 conversations.listPrefs is ENQUEUED 
[02/16/26, 10:04:32:097] info: [API-Q] (T08KF7TD5AN) ca3841b7-1771203872.095 conversations.listPrefs is ACTIVE 
[02/16/26, 10:04:32:097] info: [API-Q] (T08KF7TD5AN) noversion-1771203872.096 Flannel users/counts called with reason: flannel-call:users/counts 
[02/16/26, 10:04:32:097] info: [API-Q] (T08KF7TD5AN) noversion-1771203872.096 Flannel users/counts is ENQUEUED 
[02/16/26, 10:04:32:098] info: [API-Q] (T08KF7TD5AN) noversion-1771203872.096 Flannel users/counts is ACTIVE 
[02/16/26, 10:04:32:098] info: [UFM] (T08KF7TD5AN) requesting C08KG4B9STE (1) 
[02/16/26, 10:04:32:098] info: [UFM] (T08KF7TD5AN) received C08KG4B9STE (1) 
[02/16/26, 10:04:32:098] info: [UFM-PERMISSIONS] (T08KF7TD5AN) requesting ASSIGN_CHANNEL_MANAGER,CAN_AT_CHANNEL,CAN_AT_EVERYONE,ARCHIVE_CHANNEL (1) 
[02/16/26, 10:04:32:099] info: [API-Q] (T08KF7TD5AN) noversion-1771203872.098 Flannel permissions/info called with reason: flannel-call:permissions/info 
[02/16/26, 10:04:32:099] info: [API-Q] (T08KF7TD5AN) noversion-1771203872.098 Flannel permissions/info is ENQUEUED 
[02/16/26, 10:04:32:099] info: [API-Q] (T08KF7TD5AN) noversion-1771203872.098 Flannel permissions/info is ACTIVE 
[02/16/26, 10:04:32:112] info: [API-Q] (T08KF7TD5AN) ca3841b7-1771203872.111 bookmarks.list called with reason: bookmarks-store/conditional-fetching 
[02/16/26, 10:04:32:112] info: [API-Q] (T08KF7TD5AN) ca3841b7-1771203872.111 bookmarks.list is ENQUEUED 
[02/16/26, 10:04:32:112] info: [API-Q] (T08KF7TD5AN) ca3841b7-1771203872.111 bookmarks.list is ACTIVE 
[02/16/26, 10:04:32:119] info: [MESSAGE-LIST] (T08KF7TD5AN) componentWillReceiveProps isLoading: true isLoadingOlder: false timestamps: 0 
[02/16/26, 10:04:32:135] info: [API-Q] (T08KF7TD5AN) noversion-1771203872.028 Flannel users/list is RESOLVED 
[02/16/26, 10:04:32:136] info: [API-Q] (T08KF7TD5AN) noversion-1771203872.029 Flannel permissions/info is RESOLVED 
[02/16/26, 10:04:32:140] info: [API-Q] (T08KF7TD5AN) noversion-1771203872.096 Flannel users/counts is RESOLVED 
[02/16/26, 10:04:32:151] info: [API-Q] (T08KF7TD5AN) noversion-1771203872.098 Flannel permissions/info is RESOLVED 
[02/16/26, 10:04:32:159] info: [UFM-PERMISSIONS] (T08KF7TD5AN) received ASSIGN_CHANNEL_MANAGER,CAN_AT_CHANNEL,CAN_AT_EVERYONE,ARCHIVE_CHANNEL (1) 
[02/16/26, 10:04:32:174] info: Store: EXTEND_MENU T08KF7TD5AN: menucategory-file,menucategory-view,menucategory-edit,menucategory-help,menucategory-history 
[02/16/26, 10:04:32:346] info: [API-Q] (T08KF7TD5AN) noversion-1771203872.345 Flannel channels/membership called with reason: flannel-call:channels/membership 
[02/16/26, 10:04:32:346] info: [API-Q] (T08KF7TD5AN) noversion-1771203872.345 Flannel channels/membership is ENQUEUED 
[02/16/26, 10:04:32:346] info: [API-Q] (T08KF7TD5AN) noversion-1771203872.345 Flannel channels/membership is ACTIVE 
[02/16/26, 10:04:32:382] info: [API-Q] (T08KF7TD5AN) noversion-1771203872.345 Flannel channels/membership is RESOLVED 
[02/16/26, 10:04:32:452] info: [API-Q] (T08KF7TD5AN) ca3841b7-1771203871.963 conversations.history is RESOLVED 
[02/16/26, 10:04:32:457] info: [API-Q] (T08KF7TD5AN) ca3841b7-1771203872.095 conversations.listPrefs is RESOLVED 
[02/16/26, 10:04:32:458] info: [API-Q] (T08KF7TD5AN) ca3841b7-1771203872.111 bookmarks.list is RESOLVED 
[02/16/26, 10:04:32:470] info: [PLATFORM-CHANNEL-ACTI] (T08KF7TD5AN) setting count for channel C08KG4B9STE to 0, and marking channel as stale. 
[02/16/26, 10:04:32:476] info: [PINS] (T08KF7TD5AN) Pins count updated for channel C08KG4B9STE: 1 
[02/16/26, 10:04:32:478] info: [CHECK-UNREADS] (T08KF7TD5AN) Not marking C08KG4B9STE because last_read >= latest && channel is read 
[02/16/26, 10:04:32:524] info: [MESSAGE-LIST] (T08KF7TD5AN) componentWillReceiveProps isLoading: false isLoadingOlder: false timestamps: 28 
[02/16/26, 10:04:32:607] info: [CHECK-UNREADS] (T08KF7TD5AN) unreadLineVisible updated in main window container primary: false -> true 
[02/16/26, 10:04:32:706] info: [API-Q] (T08KF7TD5AN) noversion-1771203872.705 Flannel users/list called with reason: flannel-call:users/list 
[02/16/26, 10:04:32:706] info: [API-Q] (T08KF7TD5AN) noversion-1771203872.705 Flannel users/list is ENQUEUED 
[02/16/26, 10:04:32:706] info: [API-Q] (T08KF7TD5AN) noversion-1771203872.705 Flannel users/list is ACTIVE 
[02/16/26, 10:04:32:773] info: [API-Q] (T08KF7TD5AN) noversion-1771203872.705 Flannel users/list is RESOLVED 
[02/16/26, 10:04:32:788] info: [UFM-REACJITRIGGERS] (T08KF7TD5AN) requesting C08KG4B9STE (1) 
[02/16/26, 10:04:32:788] info: [API-Q] (T08KF7TD5AN) ca3841b7-1771203872.788 conversations.bulkReacjiTriggers called with reason: reacji_triggers_ufm 
[02/16/26, 10:04:32:789] info: [API-Q] (T08KF7TD5AN) ca3841b7-1771203872.788 conversations.bulkReacjiTriggers is ENQUEUED 
[02/16/26, 10:04:32:789] info: [API-Q] (T08KF7TD5AN) ca3841b7-1771203872.788 conversations.bulkReacjiTriggers is ACTIVE 
[02/16/26, 10:04:32:987] info: [CHECK-UNREADS] (T08KF7TD5AN) Checking unreads after unread line became visible 
[02/16/26, 10:04:32:988] info: [CHECK-UNREADS] (T08KF7TD5AN) Not marking C08KG4B9STE because last_read >= latest && channel is read 
[02/16/26, 10:04:33:188] info: [API-Q] (T08KF7TD5AN) ca3841b7-1771203872.788 conversations.bulkReacjiTriggers is RESOLVED 
[02/16/26, 10:04:33:188] info: [UFM-REACJITRIGGERS] (T08KF7TD5AN) received C08KG4B9STE (1) 
[02/16/26, 10:04:34:639] info: [NAVIGATE-IN-MAIN-WIND] Starting a new navigation event {"id":"thread","viewType":"Thread","viewParams":{"threadId":"C08KG4B9STE-1771155002.751219","highlightRoot":false,"dangerouslyOverrideRouting":false},"options":{"ignoreFocusHistory":false}} 
[02/16/26, 10:04:34:642] info: [APPLY-DETAIL-VIEW] ViewSet with detail view applied {"viewSet":{"primary":{"id":"C08KG4B9STE","viewType":"Channel","params":{"parentTab":"C08KG4B9STE"},"uiState":{"preventMoveFocus":false,"userSetUnreadPoint":false,"unreadLineVisible":true,"ghostLastRead":null}},"secondary":{"id":"thread","viewType":"Thread","params":{"threadId":"C08KG4B9STE-1771155002.751219","highlightRoot":false,"dangerouslyOverrideRouting":false},"uiState":{"preventMoveFocus":false}}}} 
[02/16/26, 10:04:34:643] info: [APPLY-DETAIL-VIEW] ViewSet with channel canvas applied {"viewSet":{"primary":{"id":"C08KG4B9STE","viewType":"Channel","params":{"parentTab":"C08KG4B9STE"},"uiState":{"preventMoveFocus":false,"userSetUnreadPoint":false,"unreadLineVisible":true,"ghostLastRead":null}},"secondary":{"id":"thread","viewType":"Thread","params":{"threadId":"C08KG4B9STE-1771155002.751219","highlightRoot":false,"dangerouslyOverrideRouting":false},"uiState":{"preventMoveFocus":false}}}} 
[02/16/26, 10:04:34:643] info: [NAVIGATE-IN-MAIN-WIND] Applying changes to the secondary container {"viewSet":{"sidebar":{"id":"ChannelList","viewType":"ChannelList"},"primary":{"id":"C08KG4B9STE","viewType":"Channel","params":{"parentTab":"C08KG4B9STE"},"uiState":{"preventMoveFocus":false,"userSetUnreadPoint":false,"unreadLineVisible":true,"ghostLastRead":null}},"secondary":{"id":"thread","viewType":"Thread","params":{"threadId":"C08KG4B9STE-1771155002.751219","highlightRoot":false,"dangerouslyOverrideRouting":false},"uiState":{"preventMoveFocus":false}}},"nextTab":"home"} 
[02/16/26, 10:04:34:644] info: [NAVIGATION-MIDDLEWARE] Starting a new navigation middleware execution {"context":"navigation","nextViewSet":{"sidebar":{"id":"ChannelList","viewType":"ChannelList"},"primary":{"id":"C08KG4B9STE","viewType":"Channel","params":{"parentTab":"C08KG4B9STE"},"uiState":{"preventMoveFocus":false,"userSetUnreadPoint":false,"unreadLineVisible":true,"ghostLastRead":null}},"secondary":{"id":"thread","viewType":"Thread","params":{"threadId":"C08KG4B9STE-1771155002.751219","highlightRoot":false,"dangerouslyOverrideRouting":false},"uiState":{"preventMoveFocus":false}}},"middlewareCount":23,"nextTab":"home"} 
[02/16/26, 10:04:34:645] info: [NAVIGATION-MIDDLEWARE] Async action execution is complete for a view {"nextView":{"id":"ChannelList","viewType":"ChannelList"},"results":[["UserIdToDMIdMiddleware",false],["AttemptToStopEditingInChannel",false],["AttemptToStopEditingSalesforceForm",false],["PreventVideoRecorderModalClose",false],["OpenConversationWithIds",false],["EnsureChannel",false],["EnsureAppViewType",false],["RedirectFileChannel",false],["RedirectChannelCanvasToCanvas",false],["RedirectLegacyFileBrowsersToUnified",false],["RedirectFileChannel",false],["SyncSearchTab",false],["RedirectHuddleRecordChannel",false],["EnsureCannedCanvasTemplates",false],["EnsureChannelHasParentTabMiddleware",false],["EnsureMessagesTabHasTabIdMiddleware",false],["TriggerMegaphoneGalleryFlow",false],["MaybeCloseSecondaryViewAfterSplit",false],["CanvasSetScrollParam",false],["RedirectSlackbotHistory",false],["RedirectSlackbotBadge",false],["EnsureActivityInboxMiddleware",false],["EnsureSearchSidebarPrototypeMiddleware",false]],"shouldTerminateNavigation":false,"executionTime":1.7999999999883585,"nextTab":"home"} 
[02/16/26, 10:04:34:646] info: [NAVIGATION-MIDDLEWARE] Finish middleware execution for sidebar container {"maybeTransformedViewSet":{"sidebar":{"id":"ChannelList","viewType":"ChannelList"},"primary":{"id":"C08KG4B9STE","viewType":"Channel","params":{"parentTab":"C08KG4B9STE"},"uiState":{"preventMoveFocus":false,"userSetUnreadPoint":false,"unreadLineVisible":true,"ghostLastRead":null}},"secondary":{"id":"thread","viewType":"Thread","params":{"threadId":"C08KG4B9STE-1771155002.751219","highlightRoot":false,"dangerouslyOverrideRouting":false},"uiState":{"preventMoveFocus":false}}},"terminateNavigation":false,"isViewTransformed":false,"iterationCount":0,"executionTime":2.5} 
[02/16/26, 10:04:34:647] info: [NAVIGATION-MIDDLEWARE] Async action execution is complete for a view {"nextView":{"id":"C08KG4B9STE","viewType":"Channel","params":{"parentTab":"C08KG4B9STE"},"uiState":{"preventMoveFocus":false,"userSetUnreadPoint":false,"unreadLineVisible":true,"ghostLastRead":null}},"results":[["UserIdToDMIdMiddleware",false],["AttemptToStopEditingInChannel",false],["AttemptToStopEditingSalesforceForm",false],["PreventVideoRecorderModalClose",false],["OpenConversationWithIds",false],["EnsureChannel",false],["EnsureAppViewType",false],["RedirectFileChannel",false],["RedirectChannelCanvasToCanvas",false],["RedirectLegacyFileBrowsersToUnified",false],["RedirectFileChannel",false],["SyncSearchTab",false],["RedirectHuddleRecordChannel",false],["EnsureCannedCanvasTemplates",false],["EnsureChannelHasParentTabMiddleware",false],["EnsureMessagesTabHasTabIdMiddleware",false],["TriggerMegaphoneGalleryFlow",false],["MaybeCloseSecondaryViewAfterSplit",false],["CanvasSetScrollParam",false],["RedirectSlackbotHistory",false],["RedirectSlackbotBadge",false],["EnsureActivityInboxMiddleware",false],["EnsureSearchSidebarPrototypeMiddleware",false]],"shouldTerminateNavigation":false,"executionTime":0.6000000000349246,"nextTab":"home"} 
[02/16/26, 10:04:34:647] info: [NAVIGATION-MIDDLEWARE] Finish middleware execution for primary container {"maybeTransformedViewSet":{"sidebar":{"id":"ChannelList","viewType":"ChannelList"},"primary":{"id":"C08KG4B9STE","viewType":"Channel","params":{"parentTab":"C08KG4B9STE"},"uiState":{"preventMoveFocus":false,"userSetUnreadPoint":false,"unreadLineVisible":true,"ghostLastRead":null}},"secondary":{"id":"thread","viewType":"Thread","params":{"threadId":"C08KG4B9STE-1771155002.751219","highlightRoot":false,"dangerouslyOverrideRouting":false},"uiState":{"preventMoveFocus":false}}},"terminateNavigation":false,"isViewTransformed":false,"iterationCount":0,"executionTime":1.1000000000349246} 
[02/16/26, 10:04:34:648] info: [NAVIGATION-MIDDLEWARE] Async action execution is complete for a view {"nextView":{"id":"thread","viewType":"Thread","params":{"threadId":"C08KG4B9STE-1771155002.751219","highlightRoot":false,"dangerouslyOverrideRouting":false},"uiState":{"preventMoveFocus":false}},"results":[["UserIdToDMIdMiddleware",false],["AttemptToStopEditingInChannel",false],["AttemptToStopEditingSalesforceForm",false],["PreventVideoRecorderModalClose",false],["OpenConversationWithIds",false],["EnsureChannel",false],["EnsureAppViewType",false],["RedirectFileChannel",false],["RedirectChannelCanvasToCanvas",false],["RedirectLegacyFileBrowsersToUnified",false],["RedirectFileChannel",false],["SyncSearchTab",false],["RedirectHuddleRecordChannel",false],["EnsureCannedCanvasTemplates",false],["EnsureChannelHasParentTabMiddleware",false],["EnsureMessagesTabHasTabIdMiddleware",false],["TriggerMegaphoneGalleryFlow",false],["MaybeCloseSecondaryViewAfterSplit",false],["CanvasSetScrollParam",false],["RedirectSlackbotHistory",false],["RedirectSlackbotBadge",false],["EnsureActivityInboxMiddleware",false],["EnsureSearchSidebarPrototypeMiddleware",false]],"shouldTerminateNavigation":false,"executionTime":0.20000000001164153,"nextTab":"home"} 
[02/16/26, 10:04:34:649] info: [APPLY-DETAIL-VIEW] ViewSet with detail view applied {"viewSet":{"sidebar":{"id":"ChannelList","viewType":"ChannelList"},"primary":{"id":"C08KG4B9STE","viewType":"Channel","params":{"parentTab":"C08KG4B9STE"},"uiState":{"preventMoveFocus":false,"userSetUnreadPoint":false,"unreadLineVisible":true,"ghostLastRead":null}},"secondary":{"id":"thread","viewType":"Thread","params":{"threadId":"C08KG4B9STE-1771155002.751219","highlightRoot":false,"dangerouslyOverrideRouting":false,"parentTab":"C08KG4B9STE"},"uiState":{"preventMoveFocus":false}}}} 
[02/16/26, 10:04:34:650] info: [APPLY-DETAIL-VIEW] ViewSet with channel canvas applied {"viewSet":{"sidebar":{"id":"ChannelList","viewType":"ChannelList"},"primary":{"id":"C08KG4B9STE","viewType":"Channel","params":{"parentTab":"C08KG4B9STE"},"uiState":{"preventMoveFocus":false,"userSetUnreadPoint":false,"unreadLineVisible":true,"ghostLastRead":null}},"secondary":{"id":"thread","viewType":"Thread","params":{"threadId":"C08KG4B9STE-1771155002.751219","highlightRoot":false,"dangerouslyOverrideRouting":false,"parentTab":"C08KG4B9STE"},"uiState":{"preventMoveFocus":false}}}} 
[02/16/26, 10:04:34:650] info: [NAVIGATION-MIDDLEWARE] View has been transformed {"container":"secondary","initialView":{"id":"thread","viewType":"Thread","params":{"threadId":"C08KG4B9STE-1771155002.751219","highlightRoot":false,"dangerouslyOverrideRouting":false},"uiState":{"preventMoveFocus":false}},"transformedView":{"id":"thread","viewType":"Thread","params":{"threadId":"C08KG4B9STE-1771155002.751219","highlightRoot":false,"dangerouslyOverrideRouting":false,"parentTab":"C08KG4B9STE"},"uiState":{"preventMoveFocus":false}},"iterationCount":0} 
[02/16/26, 10:04:34:650] info: [NAVIGATION-MIDDLEWARE] Skipping middleware execution for sidebar container as we have cached value {"initialView":{"id":"ChannelList","viewType":"ChannelList"},"iterationCount":1} 
[02/16/26, 10:04:34:650] info: [NAVIGATION-MIDDLEWARE] Skipping middleware execution for primary container as we have cached value {"initialView":{"id":"C08KG4B9STE","viewType":"Channel","params":{"parentTab":"C08KG4B9STE"},"uiState":{"preventMoveFocus":false,"userSetUnreadPoint":false,"unreadLineVisible":true,"ghostLastRead":null}},"iterationCount":1} 
[02/16/26, 10:04:34:651] info: [NAVIGATION-MIDDLEWARE] Async action execution is complete for a view {"nextView":{"id":"thread","viewType":"Thread","params":{"threadId":"C08KG4B9STE-1771155002.751219","highlightRoot":false,"dangerouslyOverrideRouting":false,"parentTab":"C08KG4B9STE"},"uiState":{"preventMoveFocus":false}},"results":[["UserIdToDMIdMiddleware",false],["AttemptToStopEditingInChannel",false],["AttemptToStopEditingSalesforceForm",false],["PreventVideoRecorderModalClose",false],["OpenConversationWithIds",false],["EnsureChannel",false],["EnsureAppViewType",false],["RedirectFileChannel",false],["RedirectChannelCanvasToCanvas",false],["RedirectLegacyFileBrowsersToUnified",false],["RedirectFileChannel",false],["SyncSearchTab",false],["RedirectHuddleRecordChannel",false],["EnsureCannedCanvasTemplates",false],["EnsureChannelHasParentTabMiddleware",false],["EnsureMessagesTabHasTabIdMiddleware",false],["TriggerMegaphoneGalleryFlow",false],["MaybeCloseSecondaryViewAfterSplit",false],["CanvasSetScrollParam",false],["RedirectSlackbotHistory",false],["RedirectSlackbotBadge",false],["EnsureActivityInboxMiddleware",false],["EnsureSearchSidebarPrototypeMiddleware",false]],"shouldTerminateNavigation":false,"executionTime":0.29999999998835847,"nextTab":"home"} 
[02/16/26, 10:04:34:651] info: [NAVIGATION-MIDDLEWARE] Finish middleware execution for secondary container {"maybeTransformedViewSet":{"sidebar":{"id":"ChannelList","viewType":"ChannelList"},"primary":{"id":"C08KG4B9STE","viewType":"Channel","params":{"parentTab":"C08KG4B9STE"},"uiState":{"preventMoveFocus":false,"userSetUnreadPoint":false,"unreadLineVisible":true,"ghostLastRead":null}},"secondary":{"id":"thread","viewType":"Thread","params":{"threadId":"C08KG4B9STE-1771155002.751219","highlightRoot":false,"dangerouslyOverrideRouting":false,"parentTab":"C08KG4B9STE"},"uiState":{"preventMoveFocus":false}}},"terminateNavigation":false,"isViewTransformed":false,"iterationCount":1,"executionTime":0.7000000000116415} 
[02/16/26, 10:04:34:651] info: [NAVIGATION-MIDDLEWARE] Finish middleware execution for secondary container {"maybeTransformedViewSet":{"sidebar":{"id":"ChannelList","viewType":"ChannelList"},"primary":{"id":"C08KG4B9STE","viewType":"Channel","params":{"parentTab":"C08KG4B9STE"},"uiState":{"preventMoveFocus":false,"userSetUnreadPoint":false,"unreadLineVisible":true,"ghostLastRead":null}},"secondary":{"id":"thread","viewType":"Thread","params":{"threadId":"C08KG4B9STE-1771155002.751219","highlightRoot":false,"dangerouslyOverrideRouting":false,"parentTab":"C08KG4B9STE"},"uiState":{"preventMoveFocus":false}}},"terminateNavigation":false,"isViewTransformed":true,"iterationCount":0,"executionTime":3} 
[02/16/26, 10:04:34:651] info: [NAVIGATION-MIDDLEWARE] Navigation middleware execution is complete {"maybeUpdatedViewSet":{"sidebar":{"id":"ChannelList","viewType":"ChannelList"},"primary":{"id":"C08KG4B9STE","viewType":"Channel","params":{"parentTab":"C08KG4B9STE"},"uiState":{"preventMoveFocus":false,"userSetUnreadPoint":false,"unreadLineVisible":true,"ghostLastRead":null}},"secondary":{"id":"thread","viewType":"Thread","params":{"threadId":"C08KG4B9STE-1771155002.751219","highlightRoot":false,"dangerouslyOverrideRouting":false,"parentTab":"C08KG4B9STE"},"uiState":{"preventMoveFocus":false}}},"terminateNavigation":false,"executionTime":7.099999999976717,"nextTab":"home"} 
[02/16/26, 10:04:34:652] info: [NAVIGATE-IN-MAIN-WIND] Built view set after middleware {"viewSet":{"sidebar":{"id":"ChannelList","viewType":"ChannelList"},"primary":{"id":"C08KG4B9STE","viewType":"Channel","params":{"parentTab":"C08KG4B9STE"},"uiState":{"preventMoveFocus":false,"userSetUnreadPoint":false,"unreadLineVisible":true,"ghostLastRead":null}},"secondary":{"id":"thread","viewType":"Thread","params":{"threadId":"C08KG4B9STE-1771155002.751219","highlightRoot":false,"dangerouslyOverrideRouting":false,"parentTab":"C08KG4B9STE"},"uiState":{"preventMoveFocus":false}}},"nextTab":"home"} 
[02/16/26, 10:04:34:657] info: [NAVIGATE-LISTENERS] (T08KF7TD5AN) Starting navigation listeners for triggerType NAVIGATION 
[02/16/26, 10:04:34:658] info: [NAVIGATE-LISTENERS] (T08KF7TD5AN) Navigation listeners complete without errors 
[02/16/26, 10:04:34:659] info: [NAVIGATE-IN-MAIN-WIND]  Navigation thunk execution complete {"id":"thread","viewType":"Thread","viewParams":{"threadId":"C08KG4B9STE-1771155002.751219","highlightRoot":false,"dangerouslyOverrideRouting":false},"options":{"ignoreFocusHistory":false}} 
[02/16/26, 10:04:34:695] info: [MESSAGE-LIST] (T08KF7TD5AN) getScrollmark reason:unmount channelId:C08KG4B9STE at end 
[02/16/26, 10:04:34:759] info: [WD] All assets have reported back; s: 19; f: 0 
[02/16/26, 10:04:34:767] info: [UFM] (T08KF7TD5AN) requesting C08KG4B9STE-1771155002.751219 (1) 
[02/16/26, 10:04:34:768] info: [API-Q] (T08KF7TD5AN) ca3841b7-1771203874.767 subscriptions.thread.get called with reason: fetch-thread-subscriptions 
[02/16/26, 10:04:34:768] info: [API-Q] (T08KF7TD5AN) ca3841b7-1771203874.767 subscriptions.thread.get is ENQUEUED 
[02/16/26, 10:04:34:768] info: [API-Q] (T08KF7TD5AN) ca3841b7-1771203874.767 subscriptions.thread.get is ACTIVE 
[02/16/26, 10:04:34:785] info: [UFM-PERMISSIONS] (T08KF7TD5AN) requesting REVIEW_FLAGGED_CONTENT,LOCK_THREADS (1) 
[02/16/26, 10:04:34:786] info: [API-Q] (T08KF7TD5AN) noversion-1771203874.785 Flannel permissions/info called with reason: flannel-call:permissions/info 
[02/16/26, 10:04:34:786] info: [API-Q] (T08KF7TD5AN) noversion-1771203874.785 Flannel permissions/info is ENQUEUED 
[02/16/26, 10:04:34:786] info: [API-Q] (T08KF7TD5AN) noversion-1771203874.785 Flannel permissions/info is ACTIVE 
[02/16/26, 10:04:34:790] info: [API-Q] (T08KF7TD5AN) ca3841b7-1771203874.789 conversations.replies called with reason: history-api/fetchReplies 
[02/16/26, 10:04:34:790] info: [API-Q] (T08KF7TD5AN) ca3841b7-1771203874.789 conversations.replies is ENQUEUED 
[02/16/26, 10:04:34:807] info: [API-Q] (T08KF7TD5AN) ca3841b7-1771203874.789 conversations.replies is ACTIVE 
[02/16/26, 10:04:34:852] info: [API-Q] (T08KF7TD5AN) noversion-1771203874.785 Flannel permissions/info is RESOLVED 
[02/16/26, 10:04:34:853] info: [UFM-PERMISSIONS] (T08KF7TD5AN) received REVIEW_FLAGGED_CONTENT,LOCK_THREADS (1) 
[02/16/26, 10:04:35:167] info: [API-Q] (T08KF7TD5AN) ca3841b7-1771203874.767 subscriptions.thread.get is RESOLVED 
[02/16/26, 10:04:35:167] info: [UFM] (T08KF7TD5AN) received C08KG4B9STE-1771155002.751219 (1) 
[02/16/26, 10:04:35:170] info: [API-Q] (T08KF7TD5AN) ca3841b7-1771203874.789 conversations.replies is RESOLVED 
[02/16/26, 10:04:35:292] info: [API-Q] (T08KF7TD5AN) ca3841b7-1771203875.291 megaphone.notifications.list called with reason: load-megaphone-notification-data 
[02/16/26, 10:04:35:292] info: [API-Q] (T08KF7TD5AN) ca3841b7-1771203875.291 megaphone.notifications.list is ENQUEUED 
[02/16/26, 10:04:35:330] info: [API-Q] (T08KF7TD5AN) ca3841b7-1771203875.291 megaphone.notifications.list is ACTIVE 
[02/16/26, 10:04:35:850] info: [API-Q] (T08KF7TD5AN) ca3841b7-1771203875.291 megaphone.notifications.list is RESOLVED 
[02/16/26, 10:04:46:114] info: Breadcrumb: ui.click: input.p-hidden_file_input[type="file"]  
[02/16/26, 10:04:46:124] info: Breadcrumb: ui.click: div.c-menu_item__label  
[02/16/26, 10:04:46:297] info: [FOCUS-EVENT] (T08KF7TD5AN) Main window blurred 
[02/16/26, 10:04:56:833] info: [UPLOAD-QUEUE] (T08KF7TD5AN) Starting an upload 
[02/16/26, 10:04:56:834] info: [UPLOAD-QUEUE] (T08KF7TD5AN) Starting eager upload for 97dc85df-04af-4d6b-b456-3ef6b3b89e83 
[02/16/26, 10:04:56:836] info: [UPLOAD-QUEUE] (T08KF7TD5AN) Preparing to upload 1 file(s) 
[02/16/26, 10:04:56:837] info: [API-Q] (T08KF7TD5AN) ca3841b7-1771203896.836 files.getUploadURL called with reason: upload-queue 
[02/16/26, 10:04:56:837] info: [API-Q] (T08KF7TD5AN) ca3841b7-1771203896.836 files.getUploadURL is ENQUEUED 
[02/16/26, 10:04:56:846] info: [API-Q] (T08KF7TD5AN) ca3841b7-1771203896.836 files.getUploadURL is ACTIVE 
[02/16/26, 10:04:56:846] info: [FOCUS-EVENT] (T08KF7TD5AN) Main window focused 
[02/16/26, 10:04:56:961] info: [CHECK-UNREADS] (T08KF7TD5AN) Checking unreads after window became focused 
[02/16/26, 10:04:56:961] info: [CHECK-UNREADS] (T08KF7TD5AN) Not marking C08KG4B9STE because last_read >= latest && channel is read 
[02/16/26, 10:04:57:274] info: [API-Q] (T08KF7TD5AN) ca3841b7-1771203896.836 files.getUploadURL is RESOLVED 
[02/16/26, 10:04:57:276] info: [UPLOAD-QUEUE] (T08KF7TD5AN) Got upload URL and ID F0AG051TLSC 
[02/16/26, 10:04:57:966] info: [UPLOAD-QUEUE] (T08KF7TD5AN) Completed POSTing F0AG051TLSC to upload URL 
[02/16/26, 10:04:57:967] info: [UPLOAD-QUEUE] (T08KF7TD5AN) Finished POST-ing data for 1 file(s) 
[02/16/26, 10:04:57:970] info: [UPLOAD-QUEUE] (T08KF7TD5AN) Uploading F0AG051TLSC - 123% complete 
[02/16/26, 10:04:57:972] info: [API-Q] (T08KF7TD5AN) ca3841b7-1771203897.970 files.completeUpload called with reason: upload-queue 
[02/16/26, 10:04:57:973] info: [API-Q] (T08KF7TD5AN) ca3841b7-1771203897.970 files.completeUpload is ENQUEUED 
[02/16/26, 10:04:57:974] info: [API-Q] (T08KF7TD5AN) ca3841b7-1771203897.970 files.completeUpload is ACTIVE 
[02/16/26, 10:04:58:551] info: [API-Q] (T08KF7TD5AN) ca3841b7-1771203898.550 files.info called with reason: upload-queue:resolveCurrentUpload 
[02/16/26, 10:04:58:552] info: [API-Q] (T08KF7TD5AN) ca3841b7-1771203898.550 files.info is ENQUEUED 
[02/16/26, 10:04:58:553] info: [API-Q] (T08KF7TD5AN) ca3841b7-1771203898.550 files.info is ACTIVE 
[02/16/26, 10:04:58:557] info: [API-Q] (T08KF7TD5AN) ca3841b7-1771203897.970 files.completeUpload is RESOLVED 
[02/16/26, 10:04:58:947] info: [API-Q] (T08KF7TD5AN) ca3841b7-1771203898.550 files.info is RESOLVED 
[02/16/26, 10:04:58:950] info: [UPLOAD-QUEUE] (T08KF7TD5AN) Successfuly resolved file uploads for: F0AG051TLSC 
[02/16/26, 10:04:58:951] info: [UPLOAD-QUEUE] (T08KF7TD5AN) Marking upload as complete. Pending File Id: 97dc85df-04af-4d6b-b456-3ef6b3b89e83 Persisted File Id: F0AG051TLSC 
[02/16/26, 10:04:58:954] info: [UPLOAD-QUEUE] (T08KF7TD5AN) Upload queue empty 
[02/16/26, 10:04:58:957] info: [DRAFTS] (T08KF7TD5AN) Storing draft changes locally - C08KG4B9STE-1771155002.751219 
[02/16/26, 10:05:00:088] info: [DRAFTS] (T08KF7TD5AN) Storing draft changes locally - C08KG4B9STE-1771155002.751219 
[02/16/26, 10:05:00:090] info: [API-Q] (T08KF7TD5AN) ca3841b7-1771203900.089 files.info called with reason: remove-draft-file 
[02/16/26, 10:05:00:090] info: [API-Q] (T08KF7TD5AN) ca3841b7-1771203900.089 files.info is ENQUEUED 
[02/16/26, 10:05:00:090] info: [API-Q] (T08KF7TD5AN) ca3841b7-1771203900.089 files.info is ACTIVE 
[02/16/26, 10:05:00:092] info: Breadcrumb: ui.click: div.p-multi_file_upload__file_status_icon--remove > svg > path  
[02/16/26, 10:05:00:618] info: [API-Q] (T08KF7TD5AN) ca3841b7-1771203900.089 files.info is RESOLVED 
[02/16/26, 10:05:00:621] info: [DRAFT-FILES] (T08KF7TD5AN) Deleting a draft file F0AG051TLSC 
[02/16/26, 10:05:00:622] info: [API-Q] (T08KF7TD5AN) ca3841b7-1771203900.621 files.delete called with reason: delete_draft_file 
[02/16/26, 10:05:00:622] info: [API-Q] (T08KF7TD5AN) ca3841b7-1771203900.621 files.delete is ENQUEUED 
[02/16/26, 10:05:00:622] info: [API-Q] (T08KF7TD5AN) ca3841b7-1771203900.621 files.delete is ACTIVE 
[02/16/26, 10:05:01:022] info: [API-Q] (T08KF7TD5AN) ca3841b7-1771203900.621 files.delete is RESOLVED 
[02/16/26, 10:05:02:384] info: Breadcrumb: ui.click: svg  
[02/16/26, 10:05:06:939] info: [FOCUS-EVENT] (T08KF7TD5AN) Main window blurred 
[02/16/26, 10:05:10:089] info: [DRAFTS] Firing debounced draft sync - C08KG4B9STE-1771155002.751219 
[02/16/26, 10:05:10:089] info: [DRAFTS] (T08KF7TD5AN) Syncing draft updates - client id: C08KG4B9STE-1771155002.751219 || server id: Dr0AEZE0F6HZ 
[02/16/26, 10:05:10:106] info: [API-Q] (T08KF7TD5AN) ca3841b7-1771203910.105 drafts.update called with reason: addFileIdToDraft 
[02/16/26, 10:05:10:106] info: [API-Q] (T08KF7TD5AN) ca3841b7-1771203910.105 drafts.update is ENQUEUED 
[02/16/26, 10:05:10:106] info: [API-Q] (T08KF7TD5AN) ca3841b7-1771203910.105 drafts.update is ACTIVE 
[02/16/26, 10:05:10:545] info: [DRAFTS] (T08KF7TD5AN) RTM: draft_update - Dr0AEZE0F6HZ 
[02/16/26, 10:05:10:546] info: [DRAFTS] (T08KF7TD5AN) Ignoring a 'draft_update' event triggered by a local change: Dr0AEZE0F6HZ 
[02/16/26, 10:05:10:548] info: [API-Q] (T08KF7TD5AN) ca3841b7-1771203910.105 drafts.update is RESOLVED 
[02/16/26, 10:05:10:548] info: [DRAFTS] (T08KF7TD5AN) Draft updates synced - client id: C08KG4B9STE-1771155002.751219 || server id: Dr0AEZE0F6HZ 
[02/16/26, 10:05:11:025] info: [API-Q] (T08KF7TD5AN) ca3841b7-1771203911.024 conversations.suggestions called with reason: trigger-channel-suggestions 
[02/16/26, 10:05:11:025] info: [API-Q] (T08KF7TD5AN) ca3841b7-1771203911.024 conversations.suggestions is ENQUEUED 
[02/16/26, 10:05:11:025] info: [API-Q] (T08KF7TD5AN) ca3841b7-1771203911.024 conversations.suggestions is ACTIVE 
[02/16/26, 10:05:11:426] info: [API-Q] (T08KF7TD5AN) ca3841b7-1771203911.024 conversations.suggestions is RESOLVED 
[02/16/26, 10:05:15:094] info: [API-Q] (T08KF7TD5AN) ca3841b7-1771203915.092 client.counts called with reason: pollClientCountsAfterTimeout 
[02/16/26, 10:05:15:095] info: [API-Q] (T08KF7TD5AN) ca3841b7-1771203915.092 client.counts is ENQUEUED 
[02/16/26, 10:05:15:096] info: [API-Q] (T08KF7TD5AN) ca3841b7-1771203915.092 client.counts is ACTIVE 
[02/16/26, 10:05:15:560] info: [API-Q] (T08KF7TD5AN) ca3841b7-1771203915.092 client.counts is RESOLVED 
[02/16/26, 10:05:15:564] info: [COUNTS] (T08KF7TD5AN) Applying counts to channels. wasLastConnectFast: false isConnected: true applying: 13 out of total: 13 
[02/16/26, 10:05:15:568] info: [COUNTS] (T08KF7TD5AN) Threads has_unreads:false mention_count:0 
[02/16/26, 10:05:15:570] info: [COUNTS] (T08KF7TD5AN) Completed counts processing 
[02/16/26, 10:05:19:203] info: [API-Q] (T06AU05DL0L) ca3841b7-1771203919.201 client.counts called with reason: pollClientCountsAfterTimeout 
[02/16/26, 10:05:19:203] info: [API-Q] (T06AU05DL0L) ca3841b7-1771203919.201 client.counts is ENQUEUED 
[02/16/26, 10:05:19:204] info: [API-Q] (T06AU05DL0L) ca3841b7-1771203919.201 client.counts is ACTIVE 
[02/16/26, 10:05:19:590] info: [API-Q] (T06AU05DL0L) ca3841b7-1771203919.201 client.counts is RESOLVED 
[02/16/26, 10:05:19:593] info: [COUNTS] (T06AU05DL0L) Applying counts to channels. wasLastConnectFast: false isConnected: true applying: 28 out of total: 28 
[02/16/26, 10:05:19:597] info: [COUNTS] (T06AU05DL0L) Threads has_unreads:false mention_count:0 
[02/16/26, 10:05:19:598] info: [COUNTS] (T06AU05DL0L) Completed counts processing 
[02/16/26, 10:06:11:088] info: [CHECK-FOR-OLD-CHANNEL] (T06AU05DL0L) Start cleaning up DMs/MPDMs — starting with 11 entries. 
[02/16/26, 10:06:11:089] info: [CHECK-FOR-OLD-CHANNEL] (T06AU05DL0L) Eligible DMs/MPDMs for cleanup — [external DMs]:0, [internal DMs]: 11, [app DMs]: 0 
[02/16/26, 10:06:11:089] info: [CHECK-FOR-OLD-CHANNEL] (T06AU05DL0L) Identified 0 DMs/MPDMs of externalDMs type for closure 
[02/16/26, 10:06:11:090] info: [CHECK-FOR-OLD-CHANNEL] (T06AU05DL0L) Not eligible D07MBHNNPGE: Slackbot 
[02/16/26, 10:06:11:090] info: [CHECK-FOR-OLD-CHANNEL] (T06AU05DL0L) Not eligible D07MJ6RJF98: Self DM 
[02/16/26, 10:06:11:090] info: [CHECK-FOR-OLD-CHANNEL] (T06AU05DL0L) Identified 0 DMs/MPDMs of internalDMs type for closure 
[02/16/26, 10:06:11:090] info: [CHECK-FOR-OLD-CHANNEL] (T06AU05DL0L) Identified 0 DMs/MPDMs of appDMs type for closure 
[02/16/26, 10:06:11:856] info: [CHECK-FOR-OLD-CHANNEL] (T08KF7TD5AN) Start cleaning up DMs/MPDMs — starting with 6 entries. 
[02/16/26, 10:06:11:857] info: [CHECK-FOR-OLD-CHANNEL] (T08KF7TD5AN) Eligible DMs/MPDMs for cleanup — [external DMs]:0, [internal DMs]: 6, [app DMs]: 0 
[02/16/26, 10:06:11:857] info: [CHECK-FOR-OLD-CHANNEL] (T08KF7TD5AN) Identified 0 DMs/MPDMs of externalDMs type for closure 
[02/16/26, 10:06:11:857] info: [CHECK-FOR-OLD-CHANNEL] (T08KF7TD5AN) Not eligible D08KG48JDNG: Slackbot 
[02/16/26, 10:06:11:857] info: [CHECK-FOR-OLD-CHANNEL] (T08KF7TD5AN) Not eligible D08KG48KFLL: Self DM 
[02/16/26, 10:06:11:857] info: [CHECK-FOR-OLD-CHANNEL] (T08KF7TD5AN) Identified 0 DMs/MPDMs of internalDMs type for closure 
[02/16/26, 10:06:11:857] info: [CHECK-FOR-OLD-CHANNEL] (T08KF7TD5AN) Identified 0 DMs/MPDMs of appDMs type for closure 
[02/16/26, 10:09:11:089] info: [SIDEBAR-NOISE-METRICS] (T06AU05DL0L) Logging sidebar noise metrics 
[02/16/26, 10:09:11:089] info: [SIDEBAR-STATS] (T06AU05DL0L) Begin gathering sidebar stats 
[02/16/26, 10:09:11:096] info: [SIDEBAR-NOISE-METRICS] (T06AU05DL0L) Clogging new data after the hour interval has passed 
[02/16/26, 10:09:11:857] info: [SIDEBAR-NOISE-METRICS] (T08KF7TD5AN) Logging sidebar noise metrics 
[02/16/26, 10:09:11:858] info: [SIDEBAR-STATS] (T08KF7TD5AN) Begin gathering sidebar stats 
[02/16/26, 10:09:11:859] info: [SIDEBAR-NOISE-METRICS] (T08KF7TD5AN) Updated sidebar metrics for today 
[02/16/26, 10:09:12:638] info: [DND_V2] (T06AU05DL0L) Checking for changes in DND status for the following members: U07N70LR48G,U06AJT403P0,U08B96B2U5N,U08G9Q726RY,U09DXN8RR25,U09F5J5THNZ,U06AB0DEHV5,U087S7DGVLN,U06JH0FSP5H 
[02/16/26, 10:09:12:641] info: [DND_V2] (T06AU05DL0L) Will check for changes in DND status again in 5 minutes 
[02/16/26, 10:09:36:913] info: [FOCUS-EVENT] (T08KF7TD5AN) Main window focused 
[02/16/26, 10:09:37:038] info: [CHECK-UNREADS] (T08KF7TD5AN) Checking unreads after window became focused 
[02/16/26, 10:09:37:038] info: [CHECK-UNREADS] (T08KF7TD5AN) Not marking C08KG4B9STE because attention not on chat (popover_is_showing) 
[02/16/26, 10:09:39:196] info: Breadcrumb: ui.click: input.p-hidden_file_input[type="file"]  
[02/16/26, 10:09:39:206] info: Breadcrumb: ui.click: div.c-menu_item__label  
[02/16/26, 10:09:39:420] info: [FOCUS-EVENT] (T08KF7TD5AN) Main window blurred 
[02/16/26, 10:09:53:542] info: [UPLOAD-QUEUE] (T08KF7TD5AN) Starting an upload 
[02/16/26, 10:09:53:543] info: [UPLOAD-QUEUE] (T08KF7TD5AN) Starting eager upload for d4c34bdf-72cb-48f3-8fc7-866e1c8f5a10 
[02/16/26, 10:09:53:545] info: [UPLOAD-QUEUE] (T08KF7TD5AN) Preparing to upload 1 file(s) 
[02/16/26, 10:09:53:546] info: [API-Q] (T08KF7TD5AN) ca3841b7-1771204193.545 files.getUploadURL called with reason: upload-queue 
[02/16/26, 10:09:53:547] info: [API-Q] (T08KF7TD5AN) ca3841b7-1771204193.545 files.getUploadURL is ENQUEUED 
[02/16/26, 10:09:53:549] info: [API-Q] (T08KF7TD5AN) ca3841b7-1771204193.545 files.getUploadURL is ACTIVE 
[02/16/26, 10:09:53:597] info: [FOCUS-EVENT] (T08KF7TD5AN) Main window focused 
[02/16/26, 10:09:53:686] info: [CHECK-UNREADS] (T08KF7TD5AN) Checking unreads after window became focused 
[02/16/26, 10:09:53:686] info: [CHECK-UNREADS] (T08KF7TD5AN) Not marking C08KG4B9STE because last_read >= latest && channel is read 
[02/16/26, 10:09:53:970] info: [API-Q] (T08KF7TD5AN) ca3841b7-1771204193.545 files.getUploadURL is RESOLVED 
[02/16/26, 10:09:53:970] info: [UPLOAD-QUEUE] (T08KF7TD5AN) Got upload URL and ID F0AEZF7RW3V 
[02/16/26, 10:09:56:936] info: Breadcrumb: ui.input: div.ql-editor[aria-label="Reply to thread in jstさきがけ未来数理科学"]  
[02/16/26, 10:09:57:976] info: [DRAFTS] (T08KF7TD5AN) Storing draft changes locally - C08KG4B9STE-1771155002.751219 
[02/16/26, 10:09:58:488] info: [UPLOAD-QUEUE] (T08KF7TD5AN) Completed POSTing F0AEZF7RW3V to upload URL 
[02/16/26, 10:09:58:488] info: [UPLOAD-QUEUE] (T08KF7TD5AN) Finished POST-ing data for 1 file(s) 
[02/16/26, 10:09:58:490] info: [UPLOAD-QUEUE] (T08KF7TD5AN) Uploading F0AEZF7RW3V - 100% complete 
[02/16/26, 10:09:58:491] info: [API-Q] (T08KF7TD5AN) ca3841b7-1771204198.490 files.completeUpload called with reason: upload-queue 
[02/16/26, 10:09:58:491] info: [API-Q] (T08KF7TD5AN) ca3841b7-1771204198.490 files.completeUpload is ENQUEUED 
[02/16/26, 10:09:58:492] info: [API-Q] (T08KF7TD5AN) ca3841b7-1771204198.490 files.completeUpload is ACTIVE 
[02/16/26, 10:09:58:771] info: Breadcrumb: ui.input: div.ql-editor[aria-label="Reply to thread in jstさきがけ未来数理科学"]  
[02/16/26, 10:09:58:878] info: [API-Q] (T08KF7TD5AN) ca3841b7-1771204198.490 files.completeUpload is RESOLVED 
[02/16/26, 10:10:01:069] info: [DRAFTS] (T08KF7TD5AN) Storing draft changes locally - C08KG4B9STE-1771155002.751219 
[02/16/26, 10:10:03:207] info: [API-Q] (T08KF7TD5AN) ca3841b7-1771204203.205 files.info called with reason: upload-queue:resolveCurrentUpload 
[02/16/26, 10:10:03:208] info: [API-Q] (T08KF7TD5AN) ca3841b7-1771204203.205 files.info is ENQUEUED 
[02/16/26, 10:10:03:209] info: [API-Q] (T08KF7TD5AN) ca3841b7-1771204203.205 files.info is ACTIVE 
[02/16/26, 10:10:03:602] info: [API-Q] (T08KF7TD5AN) ca3841b7-1771204203.205 files.info is RESOLVED 
[02/16/26, 10:10:03:605] info: [UPLOAD-QUEUE] (T08KF7TD5AN) Successfuly resolved file uploads for: F0AEZF7RW3V 
[02/16/26, 10:10:03:606] info: [UPLOAD-QUEUE] (T08KF7TD5AN) Marking upload as complete. Pending File Id: d4c34bdf-72cb-48f3-8fc7-866e1c8f5a10 Persisted File Id: F0AEZF7RW3V 
[02/16/26, 10:10:03:608] info: [UPLOAD-QUEUE] (T08KF7TD5AN) Upload queue empty 
[02/16/26, 10:10:03:611] info: [DRAFTS] (T08KF7TD5AN) Storing draft changes locally - C08KG4B9STE-1771155002.751219 
[02/16/26, 10:10:12:179] info: [DRAFTS] (T08KF7TD5AN) Storing draft changes locally - C08KG4B9STE-1771155002.751219 
[02/16/26, 10:10:16:912] info: [DRAFTS] (T08KF7TD5AN) Storing draft changes locally - C08KG4B9STE-1771155002.751219 
[02/16/26, 10:10:21:602] info: [DRAFTS] (T08KF7TD5AN) Storing draft changes locally - C08KG4B9STE-1771155002.751219 
[02/16/26, 10:10:24:644] info: [DRAFTS] (T08KF7TD5AN) Storing draft changes locally - C08KG4B9STE-1771155002.751219 
[02/16/26, 10:10:25:867] info: [DRAFTS] (T08KF7TD5AN) Storing draft changes locally - C08KG4B9STE-1771155002.751219 
[02/16/26, 10:10:26:251] info: Breadcrumb: ui.input: div.ql-editor[aria-label="Reply to thread in jstさきがけ未来数理科学"]  
[02/16/26, 10:10:28:202] info: [DRAFTS] (T08KF7TD5AN) Storing draft changes locally - C08KG4B9STE-1771155002.751219 
[02/16/26, 10:10:38:205] info: [DRAFTS] Firing debounced draft sync - C08KG4B9STE-1771155002.751219 
[02/16/26, 10:10:38:206] info: [DRAFTS] (T08KF7TD5AN) Syncing draft updates - client id: C08KG4B9STE-1771155002.751219 || server id: Dr0AEZE0F6HZ 
[02/16/26, 10:10:38:210] info: [API-Q] (T08KF7TD5AN) ca3841b7-1771204238.208 drafts.update called with reason: MessageInput:updateDraft 
[02/16/26, 10:10:38:210] info: [API-Q] (T08KF7TD5AN) ca3841b7-1771204238.208 drafts.update is ENQUEUED 
[02/16/26, 10:10:38:211] info: [API-Q] (T08KF7TD5AN) ca3841b7-1771204238.208 drafts.update is ACTIVE 
[02/16/26, 10:10:38:694] info: [DRAFTS] (T08KF7TD5AN) RTM: draft_update - Dr0AEZE0F6HZ 
[02/16/26, 10:10:38:695] info: [DRAFTS] (T08KF7TD5AN) Ignoring a 'draft_update' event triggered by a local change: Dr0AEZE0F6HZ 
[02/16/26, 10:10:38:697] info: [API-Q] (T08KF7TD5AN) ca3841b7-1771204238.208 drafts.update is RESOLVED 
[02/16/26, 10:10:38:697] info: [DRAFTS] (T08KF7TD5AN) Draft updates synced - client id: C08KG4B9STE-1771155002.751219 || server id: Dr0AEZE0F6HZ 
[02/16/26, 10:11:11:015] info: [DRAFTS] (T08KF7TD5AN) Storing draft changes locally - C08KG4B9STE-1771155002.751219 
[02/16/26, 10:11:17:487] info: [DRAFTS] (T08KF7TD5AN) Storing draft changes locally - C08KG4B9STE-1771155002.751219 
[02/16/26, 10:11:19:183] info: [DRAFTS] (T08KF7TD5AN) Storing draft changes locally - C08KG4B9STE-1771155002.751219 
[02/16/26, 10:11:21:485] info: [DRAFTS] (T08KF7TD5AN) Storing draft changes locally - C08KG4B9STE-1771155002.751219 
[02/16/26, 10:11:28:666] info: Breadcrumb: ui.input: div.ql-editor[aria-label="Reply to thread in jstさきがけ未来数理科学"]  
[02/16/26, 10:11:30:146] info: [DRAFTS] (T08KF7TD5AN) Storing draft changes locally - C08KG4B9STE-1771155002.751219 
[02/16/26, 10:11:38:238] info: [DRAFTS] (T08KF7TD5AN) Storing draft changes locally - C08KG4B9STE-1771155002.751219 
[02/16/26, 10:11:41:937] info: Breadcrumb: ui.input: div.ql-editor[aria-label="Reply to thread in jstさきがけ未来数理科学"]  
[02/16/26, 10:11:43:339] info: [DRAFTS] (T08KF7TD5AN) Storing draft changes locally - C08KG4B9STE-1771155002.751219 
[02/16/26, 10:11:43:879] info: Breadcrumb: ui.input: div.ql-editor[aria-label="Reply to thread in jstさきがけ未来数理科学"]  
[02/16/26, 10:11:46:343] info: [DRAFTS] (T08KF7TD5AN) Storing draft changes locally - C08KG4B9STE-1771155002.751219 
[02/16/26, 10:11:56:348] info: [DRAFTS] Firing debounced draft sync - C08KG4B9STE-1771155002.751219 
[02/16/26, 10:11:56:348] info: [DRAFTS] (T08KF7TD5AN) Syncing draft updates - client id: C08KG4B9STE-1771155002.751219 || server id: Dr0AEZE0F6HZ 
[02/16/26, 10:11:56:352] info: [API-Q] (T08KF7TD5AN) ca3841b7-1771204316.350 drafts.update called with reason: MessageInput:updateDraft 
[02/16/26, 10:11:56:352] info: [API-Q] (T08KF7TD5AN) ca3841b7-1771204316.350 drafts.update is ENQUEUED 
[02/16/26, 10:11:56:353] info: [API-Q] (T08KF7TD5AN) ca3841b7-1771204316.350 drafts.update is ACTIVE 
[02/16/26, 10:11:56:853] info: [DRAFTS] (T08KF7TD5AN) RTM: draft_update - Dr0AEZE0F6HZ 
[02/16/26, 10:11:56:853] info: [DRAFTS] (T08KF7TD5AN) Ignoring a 'draft_update' event triggered by a local change: Dr0AEZE0F6HZ 
[02/16/26, 10:11:56:855] info: [API-Q] (T08KF7TD5AN) ca3841b7-1771204316.350 drafts.update is RESOLVED 
[02/16/26, 10:11:56:855] info: [DRAFTS] (T08KF7TD5AN) Draft updates synced - client id: C08KG4B9STE-1771155002.751219 || server id: Dr0AEZE0F6HZ 
[02/16/26, 10:12:02:619] info: [DRAFTS] (T08KF7TD5AN) Storing draft changes locally - C08KG4B9STE-1771155002.751219 
[02/16/26, 10:12:06:556] info: [MESSAGE-INPUT] (T08KF7TD5AN) scheduling C08KG4B9STE-1771155002.751219 for 1771214400 message dialog 
[02/16/26, 10:12:06:556] info: [SCHEDULED-SEND] (T08KF7TD5AN) attempt schedule send message; draftId: C08KG4B9STE-1771155002.751219, dateScheduled: 1771214400 
[02/16/26, 10:12:06:568] info: [SCHEDULE-DRAFT] (T08KF7TD5AN) Scheduling C08KG4B9STE-1771155002.751219 for 1771214400 
[02/16/26, 10:12:06:568] info: [DRAFTS] Cancelling a pending draft sync - C08KG4B9STE-1771155002.751219 
[02/16/26, 10:12:06:571] info: [API-Q] (T08KF7TD5AN) ca3841b7-1771204326.570 drafts.update called with reason: schedule-draft 
[02/16/26, 10:12:06:571] info: [API-Q] (T08KF7TD5AN) ca3841b7-1771204326.570 drafts.update is ENQUEUED 
[02/16/26, 10:12:06:575] info: [API-Q] (T08KF7TD5AN) ca3841b7-1771204326.570 drafts.update is ACTIVE 
[02/16/26, 10:12:06:575] info: Breadcrumb: ui.click: div.c-menu_item__label  
[02/16/26, 10:12:07:076] info: [DRAFTS] (T08KF7TD5AN) RTM: draft_update - Dr0AEZE0F6HZ 
[02/16/26, 10:12:07:076] info: [DRAFTS] (T08KF7TD5AN) Ignoring a 'draft_update' event triggered by a local change: Dr0AEZE0F6HZ 
[02/16/26, 10:12:07:077] info: [API-Q] (T08KF7TD5AN) ca3841b7-1771204326.570 drafts.update is RESOLVED 
[02/16/26, 10:12:07:079] info: [DRAFTS] (T08KF7TD5AN) The blocks do not contain any mentions 
[02/16/26, 10:12:07:081] info: [DRAFTS] (T08KF7TD5AN) Reconciled updated draft - C08KG4B9STE-1771155002.751219 
[02/16/26, 10:12:07:084] info: [SCHEDULE-DRAFT] (T08KF7TD5AN) draft scheduled and reconciled with client ID 560cbabd-475e-44fa-81d4-30316d8bae81, serverId Dr0AEZE0F6HZ, and dateScheduled 1771214400 
[02/16/26, 10:12:10:963] info: [FOCUS-EVENT] (T08KF7TD5AN) Main window blurred 
[02/16/26, 10:12:11:063] info: [PERSIST] (T06AU05DL0L) Persisting state to storage because the window is about to unload 
[02/16/26, 10:12:11:082] info: [PERSIST] (T08KF7TD5AN) Persisting state to storage because the window is about to unload 
[02/16/26, 10:12:11:094] info: [VISIBILITY-STATE] (T08KF7TD5AN) Main window visibility state changed: hidden 
[02/16/26, 10:12:11:125] info: [PERSIST] (T06AU05DL0L) Successfully persisted state 
[02/16/26, 10:12:11:135] info: [PERSIST] (T08KF7TD5AN) Successfully persisted state 
[02/24/26, 01:51:33:194] info: 
╔═════════════════════════════════════════════════════════╗
║      Slack 4.47.69, linux 6.18.9-zen1-2-zen on x64      ║
╚═════════════════════════════════════════════════════════╝ 
[02/24/26, 01:51:33:195] info: Configured logger via 
{
  "enableConsoleTransport": true,
  "identifierOverride": "webapp-console",
  "loggerInstanceCount": 3
}
[02/24/26, 01:51:33:195] info: Predefined values for process 
{
  "NODE_ENV": "production",
  "platform": "linux",
  "type": "browser",
  "timeZone": "Asia/Tokyo",
  "PACKAGE_MANIFEST.productName": "Slack",
  "PACKAGE_MANIFEST.version": "4.47.69",
  "PACKAGE_MANIFEST.commit": "72d60eb",
  "PACKAGE_MANIFEST.branch": "HEAD"
}
[02/24/26, 01:51:34:282] info: Starting Sentry (Preload) 
[02/24/26, 01:51:34:282] info: getSentryDSN: Setting sentry URL to slack.com 
[02/24/26, 01:51:34:288] info: [DESKTOP PRELOAD]	Creating desktop interface object 
[02/24/26, 01:51:34:288] info: [DESKTOP PRELOAD]	Exposing context bridge 
[02/24/26, 01:51:34:306] info: Store: WINDOW_CREATED {
  "type": "main",
  "webappType": "app",
  "id": 1,
  "frame": {
    "isHtmlFullScreen": false,
    "isCurrentlyAudible": false,
    "isFullScreen": false,
    "isMinimized": false,
    "isMaximized": false,
    "isVisible": false,
    "isFocused": false,
    "bounds": {
      "x": 0,
      "y": 0,
      "width": 754,
      "height": 748
    },
    "hasVibrancy": false,
    "isAlwaysOnTop": false
  }
} 
[02/24/26, 01:51:34:306] info: Store: RECORD_PERFORMANCE_TIMING {
  "phase": 1,
  "interval": 47
} 
[02/24/26, 01:51:34:306] info: Store: SET_UPDATE_SUPPORTED false 
[02/24/26, 01:51:34:306] info: Store: UPSERT_WEB_CONTENTS {
  "id": 1,
  "state": "unloaded",
  "type": "app"
} 
[02/24/26, 01:51:34:306] info: Store: SET_HW_ACCEL_AVAILABILITY enabled 
[02/24/26, 01:51:34:306] info: Store: UPDATE_DESKTOP_FEATURES [
  "desktop_loading_screen",
  "extended_unresponsive_timeout"
] 
[02/24/26, 01:51:34:306] info: Store: UPDATE_SETTINGS {
  "signInMethod": "browser"
} 
[02/24/26, 01:51:34:306] info: Store: UPDATE_SETTINGS {
  "devToolsEnabled": false
} 
[02/24/26, 01:51:34:306] info: Store: UPSERT_WEB_CONTENTS {
  "id": 1,
  "state": "loaded"
} 
[02/24/26, 01:51:34:306] info: Store: RECORD_PERFORMANCE_TIMING {
  "phase": 2,
  "interval": 1726
} 
[02/24/26, 01:51:34:308] info: Store: MAIN_WINDOW_SHOWN  
[02/24/26, 01:51:34:308] info: Store: CLEAR_NOTIFICATIONS  
[02/24/26, 01:51:35:308] info: Breadcrumb: fetch: undefined {
  "method": "GET",
  "url": "[REDACTED]",
  "status_code": 200
} 
[02/24/26, 01:51:35:309] info: Store: UPDATE_SETTINGS {
  "mainWindowSettings": {
    "fullScreen": false,
    "maximized": false,
    "bounds": {
      "x": 0,
      "y": 0,
      "width": 668,
      "height": 740
    }
  }
} 
[02/24/26, 01:51:35:310] info: [DESKTOP PRELOAD]	Network status check {
  "elapsed_time_ms": 529,
  "navigator_online": true,
  "api_test": "online"
} 
[02/24/26, 01:51:35:311] info: Store: SET_NETWORK_STATUS online 
[02/24/26, 01:51:35:497] info: [METRICS] Starting timers for metrics collection 
[02/24/26, 01:51:35:804] info: [APP] client-v2 
[02/24/26, 01:51:35:804] info: [DATE/TIME] 1771865495803 "2026-02-23T16:51:35.803Z" 
[02/24/26, 01:51:35:804] info: [VERSION] version_hash: c41692d8a97b130912120a7e80f9c2642e615127 
[02/24/26, 01:51:35:804] info: [VERSION] version_ts: 1771859860 
[02/24/26, 01:51:35:804] info: [VERSION] min_version_data_ts: 1722374725 
[02/24/26, 01:51:35:804] info: [URL] https://app.slack.com/client/T08KF7TD5AN 
[02/24/26, 01:51:35:804] info: [AUTH] authCookieChanged: started listening to the event 
[02/24/26, 01:51:35:805] info: [AUTH] Credentials are fresh (psc=1771203812, csc=1771203812) 
[02/24/26, 01:51:35:805] info: [LOCAL-CONFIG] ingestIncomingConfig(): no incoming payload to process; current teams: T06AU05DL0L:U07N70LR48G,T08KF7TD5AN:U08KG48A77W 
[02/24/26, 01:51:35:805] info: [BOOT] Initial user team ID: T08KF7TD5AN 
[02/24/26, 01:51:35:805] info: [BOOT] (T08KF7TD5AN) Minimum supported data version is 1722374725; currently on 1771118251 
[02/24/26, 01:51:35:806] info: [PERSIST] (T08KF7TD5AN) Getting state from IndexedDB 
[02/24/26, 01:51:35:807] info: [TRACER] Tracing is not sampled by default for this team. 
[02/24/26, 01:51:35:824] info: [TRACER] Tracing is not sampled by default for this session. 
[02/24/26, 01:51:35:826] info: [BOOT-QUEUE] T08KF7TD5AN noversion-1771865495.825 features.access.policies.list called 
[02/24/26, 01:51:35:826] info: [BOOT-QUEUE] T08KF7TD5AN noversion-1771865495.825 features.access.policies.list is ENQUEUED 
[02/24/26, 01:51:35:827] info: [BOOT-QUEUE] T08KF7TD5AN noversion-1771865495.826 experiments.getByUser called 
[02/24/26, 01:51:35:827] info: [BOOT-QUEUE] T08KF7TD5AN noversion-1771865495.826 experiments.getByUser is ENQUEUED 
[02/24/26, 01:51:35:827] info: [BOOT-QUEUE] T08KF7TD5AN noversion-1771865495.827 api.features called 
[02/24/26, 01:51:35:827] info: [BOOT-QUEUE] T08KF7TD5AN noversion-1771865495.827 api.features is ENQUEUED 
[02/24/26, 01:51:35:828] info: [BOOT-QUEUE] T08KF7TD5AN noversion-1771865495.828 client.shouldReload called with reason: boot 
[02/24/26, 01:51:35:828] info: [BOOT-QUEUE] T08KF7TD5AN noversion-1771865495.828 client.shouldReload is ENQUEUED 
[02/24/26, 01:51:35:828] info: [BOOT] Booting into channel: C08KF7TD62W 
[02/24/26, 01:51:35:830] info: Store: UPDATE_SETTINGS {
  "userTheme": "dark"
} 
[02/24/26, 01:51:35:833] info: Store: UPDATE_SETTINGS {
  "systemThemeSyncEnabled": true
} 
[02/24/26, 01:51:35:834] info: Store: SELECTION_CHANGED T08KF7TD5AN 
[02/24/26, 01:51:35:834] info: [OBJECT-STORE-T08KF7TD] openDB upgrading from version 287 to 288 
[02/24/26, 01:51:35:834] info: [OBJECT-STORE-T08KF7TD] openDB adding stores [] 
[02/24/26, 01:51:35:834] info: [OBJECT-STORE-T08KF7TD] openDB removing stores [] 
[02/24/26, 01:51:35:834] info: [OBJECT-STORE-T08KF7TD] openDB clearing stores [] 
[02/24/26, 01:51:35:891] info: [PERSIST] (T08KF7TD5AN) Successfully got state from IndexedDB 
[02/24/26, 01:51:35:936] info: [BOOT-QUEUE] T08KF7TD5AN noversion-1771865495.825 features.access.policies.list is ACTIVE 
[02/24/26, 01:51:35:937] info: [BOOT-QUEUE] T08KF7TD5AN noversion-1771865495.826 experiments.getByUser is ACTIVE 
[02/24/26, 01:51:35:937] info: [BOOT-QUEUE] T08KF7TD5AN noversion-1771865495.827 api.features is ACTIVE 
[02/24/26, 01:51:35:937] info: [BOOT-QUEUE] T08KF7TD5AN noversion-1771865495.828 client.shouldReload is ACTIVE 
[02/24/26, 01:51:36:063] info: [BOOT-QUEUE] T08KF7TD5AN noversion-1771865496.063 client.userBoot called with reason: initial-data 
[02/24/26, 01:51:36:063] info: [BOOT-QUEUE] T08KF7TD5AN noversion-1771865496.063 client.userBoot is ENQUEUED 
[02/24/26, 01:51:36:064] info: [BOOT-QUEUE] T08KF7TD5AN noversion-1771865496.063 client.userBoot is ACTIVE 
[02/24/26, 01:51:36:537] info: [EMOJI_TRANSLATION] Emoji translations not needed for default locale, only adding keywords 
[02/24/26, 01:51:36:672] info: [BOOT-QUEUE] T08KF7TD5AN noversion-1771865495.825 features.access.policies.list is RESOLVED 
[02/24/26, 01:51:36:728] info: [BOOT-QUEUE] T08KF7TD5AN noversion-1771865495.828 client.shouldReload is RESOLVED 
[02/24/26, 01:51:36:729] info: [MIN-VERSION] No need to reload 
[02/24/26, 01:51:36:738] info: [BOOT-QUEUE] T08KF7TD5AN noversion-1771865495.827 api.features is RESOLVED 
[02/24/26, 01:51:37:670] info: [BOOT] (T08KF7TD5AN) Booting with empty store 
[02/24/26, 01:51:37:672] info: [BOOT] (T08KF7TD5AN) Configuring redux store 
[02/24/26, 01:51:37:681] info: [DESKTOP-MIDDLEWARE] (T08KF7TD5AN) Forwarding redux payload to desktop ["theme","notificationPrefs","connectivityPrefs","featureFlags","unreads","locale","version","frontendBuildType","userId"] 
[02/24/26, 01:51:37:686] info: [WD] All assets have reported back; s: 15; f: 0 
[02/24/26, 01:51:37:687] info: [BOOT-QUEUE] T08KF7TD5AN noversion-1771865496.063 client.userBoot is RESOLVED 
[02/24/26, 01:51:37:688] info: [BOOT-QUEUE] T08KF7TD5AN noversion-1771865495.826 experiments.getByUser is RESOLVED 
[02/24/26, 01:51:37:688] info: [BOOT] Feature flag config version: 1771865491; Experiments config version: 1771865491 
[02/24/26, 01:51:37:688] info: [BOOT] Current earliest config version: 1771865491; All config versions: {"T08KF7TD5AN":1771865491} 
[02/24/26, 01:51:37:689] info: [BOOT] (T08KF7TD5AN) Dispatching API data 
[02/24/26, 01:51:37:689] info: [BOOT] (T08KF7TD5AN) Dispatching boot data 
[02/24/26, 01:51:37:690] info: [DESKTOP-MIDDLEWARE] (T08KF7TD5AN) Forwarding redux payload to desktop ["userId"] 
[02/24/26, 01:51:37:707] info: [DESKTOP-MIDDLEWARE] (T08KF7TD5AN) Forwarding redux payload to desktop ["notificationPrefs","unreads"] 
[02/24/26, 01:51:37:709] info: [DESKTOP-MIDDLEWARE] (T08KF7TD5AN) Forwarding redux payload to desktop ["connectivityPrefs"] 
[02/24/26, 01:51:37:721] info: [EMOJI_TRANSLATION] Emoji translations not needed for default locale, only adding keywords 
[02/24/26, 01:51:37:723] info: [API-Q] (T08KF7TD5AN) c41692d8-1771865497.722 users.prefs.get called with reason: fetch-frecency-prefs 
[02/24/26, 01:51:37:723] info: [API-Q] (T08KF7TD5AN) c41692d8-1771865497.722 users.prefs.get is ENQUEUED 
[02/24/26, 01:51:37:723] info: [BOOT] (T08KF7TD5AN) workspaces changed since last boot -- invalidating cached state 
[02/24/26, 01:51:37:724] info: [API-Q] (T08KF7TD5AN) c41692d8-1771865497.724 client.appCommands called with reason: set-model-data 
[02/24/26, 01:51:37:724] info: [API-Q] (T08KF7TD5AN) c41692d8-1771865497.724 client.appCommands is ENQUEUED 
[02/24/26, 01:51:37:724] info: [API-Q] (T08KF7TD5AN) c41692d8-1771865497.724 links.getDomains called with reason: siws-get-domains 
[02/24/26, 01:51:37:725] info: [API-Q] (T08KF7TD5AN) c41692d8-1771865497.724 links.getDomains is ENQUEUED 
[02/24/26, 01:51:37:726] info: [API-Q] (T08KF7TD5AN) c41692d8-1771865497.722 users.prefs.get is ACTIVE 
[02/24/26, 01:51:37:726] info: [API-Q] (T08KF7TD5AN) c41692d8-1771865497.724 client.appCommands is ACTIVE 
[02/24/26, 01:51:37:726] info: [API-Q] (T08KF7TD5AN) c41692d8-1771865497.724 links.getDomains is ACTIVE 
[02/24/26, 01:51:37:727] info: [BOOT] (T08KF7TD5AN) Dispatching initial api data for initial view 
[02/24/26, 01:51:37:731] info: [BOOT] (T08KF7TD5AN) processing mutation timestamps for C08KF7TD62W 
[02/24/26, 01:51:37:733] info: [PLATFORM-CHANNEL-ACTI] (T08KF7TD5AN) setting count for channel C08KF7TD62W to 0, and marking channel as stale. 
[02/24/26, 01:51:37:738] info: [NAVIGATION-MIDDLEWARE] Starting a new navigation middleware execution {"context":"client-boot","nextViewSet":{"sidebar":{"id":"ChannelList","viewType":"ChannelList"},"primary":{"id":"C08KG4B9STE","viewType":"Channel","params":{"parentTab":"C08KG4B9STE"},"uiState":{"preventMoveFocus":false,"userSetUnreadPoint":false,"unreadLineVisible":true,"ghostLastRead":null}},"secondary":{"id":"thread","viewType":"Thread","params":{"threadId":"C08KG4B9STE-1771155002.751219","highlightRoot":false,"dangerouslyOverrideRouting":false,"parentTab":"C08KG4B9STE"},"uiState":{"preventMoveFocus":false}}},"middlewareCount":9} 
[02/24/26, 01:51:37:739] info: [BOOT] (T08KF7TD5AN) Boot complete 
[02/24/26, 01:51:37:740] info: [DESKTOP-SIDE-EFFECT] (T08KF7TD5AN) Reacting to  {"type":"[22] Set a value that represents whether we are currently in the boot phase","payload":false,"error":false} 
[02/24/26, 01:51:37:742] info: [AUTH] Installing incremental auth handler 
[02/24/26, 01:51:37:742] info: [SOCKET-MANAGER] (T08KF7TD5AN) Changing from never_connected to prov_connect 
[02/24/26, 01:51:37:742] info: [SOCKET-MANAGER] (T08KF7TD5AN) will stay in prov_connect state for up to 10000 ms 
[02/24/26, 01:51:37:742] info: [SOCKET-MANAGER] (T08KF7TD5AN) Connecting with token ending: 5b03 
[02/24/26, 01:51:37:742] info: [SOCKET-MANAGER] (T08KF7TD5AN) Changing from prov_connect to prov_connecting 
[02/24/26, 01:51:37:742] info: [SOCKET-MANAGER] (T08KF7TD5AN) will stay in prov_connecting state for up to 35000 ms 
[02/24/26, 01:51:37:743] info: [ENDPOINT-MANAGER] (T08KF7TD5AN) No stale versions to clear. 
[02/24/26, 01:51:37:743] info: [ENDPOINT-MANAGER] (T08KF7TD5AN) socketUrl - fetching endpoint 
[02/24/26, 01:51:37:743] info: [SOCKET-MANAGER-MIDDLE] (T08KF7TD5AN) Initialized Socket Manager instance 
[02/24/26, 01:51:37:743] info: [NAVIGATION-MIDDLEWARE] Async action execution is complete for a view {"nextView":{"id":"ChannelList","viewType":"ChannelList"},"results":[["EnsureChannelHasParentTabMiddleware",false],["EnsureMessagesTabHasTabIdMiddleware",false],["RedirectFileChannel",false],["RedirectChannelCanvasToCanvas",false],["AttemptToSetSolutionsGalleryPref",false],["EnsureAppViewType",false],["CanvasSetScrollParam",false],["EnsureActivityInboxMiddleware",false],["EnsureSearchSidebarPrototypeMiddleware",false]],"shouldTerminateNavigation":false,"executionTime":5.399999998509884} 
[02/24/26, 01:51:37:745] info: [NAVIGATION-MIDDLEWARE] Finish middleware execution for sidebar container {"maybeTransformedViewSet":{"sidebar":{"id":"ChannelList","viewType":"ChannelList"},"primary":{"id":"C08KG4B9STE","viewType":"Channel","params":{"parentTab":"C08KG4B9STE"},"uiState":{"preventMoveFocus":false,"userSetUnreadPoint":false,"unreadLineVisible":true,"ghostLastRead":null}},"secondary":{"id":"thread","viewType":"Thread","params":{"threadId":"C08KG4B9STE-1771155002.751219","highlightRoot":false,"dangerouslyOverrideRouting":false,"parentTab":"C08KG4B9STE"},"uiState":{"preventMoveFocus":false}}},"terminateNavigation":false,"isViewTransformed":false,"iterationCount":0,"executionTime":6.900000002235174} 
[02/24/26, 01:51:37:749] info: [EMOJI_TRANSLATION] Emoji translations not needed for default locale, only adding keywords 
[02/24/26, 01:51:37:750] info: [NAVIGATION-MIDDLEWARE] Async action execution is complete for a view {"nextView":{"id":"C08KG4B9STE","viewType":"Channel","params":{"parentTab":"C08KG4B9STE"},"uiState":{"preventMoveFocus":false,"userSetUnreadPoint":false,"unreadLineVisible":true,"ghostLastRead":null}},"results":[["EnsureChannelHasParentTabMiddleware",false],["EnsureMessagesTabHasTabIdMiddleware",false],["RedirectFileChannel",false],["RedirectChannelCanvasToCanvas",false],["AttemptToSetSolutionsGalleryPref",false],["EnsureAppViewType",false],["CanvasSetScrollParam",false],["EnsureActivityInboxMiddleware",false],["EnsureSearchSidebarPrototypeMiddleware",false]],"shouldTerminateNavigation":false,"executionTime":5.199999999254942} 
[02/24/26, 01:51:37:750] info: [NAVIGATION-MIDDLEWARE] Finish middleware execution for primary container {"maybeTransformedViewSet":{"sidebar":{"id":"ChannelList","viewType":"ChannelList"},"primary":{"id":"C08KG4B9STE","viewType":"Channel","params":{"parentTab":"C08KG4B9STE"},"uiState":{"preventMoveFocus":false,"userSetUnreadPoint":false,"unreadLineVisible":true,"ghostLastRead":null}},"secondary":{"id":"thread","viewType":"Thread","params":{"threadId":"C08KG4B9STE-1771155002.751219","highlightRoot":false,"dangerouslyOverrideRouting":false,"parentTab":"C08KG4B9STE"},"uiState":{"preventMoveFocus":false}}},"terminateNavigation":false,"isViewTransformed":false,"iterationCount":0,"executionTime":5.400000002235174} 
[02/24/26, 01:51:37:751] info: [NAVIGATION-MIDDLEWARE] Async action execution is complete for a view {"nextView":{"id":"thread","viewType":"Thread","params":{"threadId":"C08KG4B9STE-1771155002.751219","highlightRoot":false,"dangerouslyOverrideRouting":false,"parentTab":"C08KG4B9STE"},"uiState":{"preventMoveFocus":false}},"results":[["EnsureChannelHasParentTabMiddleware",false],["EnsureMessagesTabHasTabIdMiddleware",false],["RedirectFileChannel",false],["RedirectChannelCanvasToCanvas",false],["AttemptToSetSolutionsGalleryPref",false],["EnsureAppViewType",false],["CanvasSetScrollParam",false],["EnsureActivityInboxMiddleware",false],["EnsureSearchSidebarPrototypeMiddleware",false]],"shouldTerminateNavigation":false,"executionTime":0.5} 
[02/24/26, 01:51:37:751] info: [NAVIGATION-MIDDLEWARE] Finish middleware execution for secondary container {"maybeTransformedViewSet":{"sidebar":{"id":"ChannelList","viewType":"ChannelList"},"primary":{"id":"C08KG4B9STE","viewType":"Channel","params":{"parentTab":"C08KG4B9STE"},"uiState":{"preventMoveFocus":false,"userSetUnreadPoint":false,"unreadLineVisible":true,"ghostLastRead":null}},"secondary":{"id":"thread","viewType":"Thread","params":{"threadId":"C08KG4B9STE-1771155002.751219","highlightRoot":false,"dangerouslyOverrideRouting":false,"parentTab":"C08KG4B9STE"},"uiState":{"preventMoveFocus":false}}},"terminateNavigation":false,"isViewTransformed":false,"iterationCount":0,"executionTime":0.8000000007450581} 
[02/24/26, 01:51:37:751] info: [NAVIGATION-MIDDLEWARE] Navigation middleware execution is complete {"maybeUpdatedViewSet":{"sidebar":{"id":"ChannelList","viewType":"ChannelList"},"primary":{"id":"C08KG4B9STE","viewType":"Channel","params":{"parentTab":"C08KG4B9STE"},"uiState":{"preventMoveFocus":false,"userSetUnreadPoint":false,"unreadLineVisible":true,"ghostLastRead":null}},"secondary":{"id":"thread","viewType":"Thread","params":{"threadId":"C08KG4B9STE-1771155002.751219","highlightRoot":false,"dangerouslyOverrideRouting":false,"parentTab":"C08KG4B9STE"},"uiState":{"preventMoveFocus":false}}},"terminateNavigation":false,"executionTime":13.599999997764826} 
[02/24/26, 01:51:37:755] info: [DESKTOP-SIDE-EFFECT] (T08KF7TD5AN) Creating desktop delegate 
[02/24/26, 01:51:37:755] info: [DESKTOP PRELOAD]	Exposing workspace desktop delegate for  {
  "workspaceId": "T08KF7TD5AN"
} 
[02/24/26, 01:51:37:756] info: [DESKTOP PRELOAD]	Setting global desktop delegate 
[02/24/26, 01:51:37:756] info: [BOOT] (T08KF7TD5AN) (T08KF7TD5AN) Mounting client 
[02/24/26, 01:51:37:887] info: [COUNTS] (T08KF7TD5AN) dmsBadgeCount: 0 
[02/24/26, 01:51:37:887] info: [COUNTS] (T08KF7TD5AN) activityBadgeCount: 0 
[02/24/26, 01:51:37:891] info: [DEVICE-PERMISSIONS-MA] Initializing media device permissions manager 
[02/24/26, 01:51:37:891] info: [DEVICE-PERMISSIONS-MA] Permissions loaded from local storage {"permissions":{"microphone":{"status":"granted"},"camera":{"status":"granted"},"screen":{"status":"granted"}},"timestamp":1771203855271} 
[02/24/26, 01:51:37:892] warn: DEVICE-PERMISSIONS-MANAGER Permissions not considered trustworthy. Requiring refresh 
[02/24/26, 01:51:37:892] info: [DEVICE-PERMISSIONS-MA] Using desktop device permissions strategy 
[02/24/26, 01:51:37:892] info: [DEVICE-PERMISSIONS-MA] Scheduled permissions refresh 
[02/24/26, 01:51:37:892] info: [(?)] Initializing device preferences manager with teamId: T08KF7TD5AN 
[02/24/26, 01:51:37:892] info: [DEVICE-PREFS] Using device preferences manager 
[02/24/26, 01:51:37:892] info: [DEVICE-PREFS] Updating available devices (original flow) 
[02/24/26, 01:51:37:911] info: [TODAY-NAVIGATOR] (T08KF7TD5AN) Feature disabled {"experimentTodayAutoNavigateGroupOn":false,"isTodayActive":true,"todayAutoNavigate":true,"isSynthViewEnabled":false} 
[02/24/26, 01:51:37:917] warn: TRACER (T08KF7TD5AN) (boot:time_to_mount_client) was forced closed and marked with the _flush=true tag. 
[02/24/26, 01:51:37:917] info: [BOOT] Fetching client.extras {"extras":["plan_info","salesforce_features"]} 
[02/24/26, 01:51:37:918] info: [API-Q] (T08KF7TD5AN) c41692d8-1771865497.917 client.extras called with reason: fetch-client-extras 
[02/24/26, 01:51:37:918] info: [API-Q] (T08KF7TD5AN) c41692d8-1771865497.917 client.extras is ENQUEUED 
[02/24/26, 01:51:37:919] info: [API-Q] (T08KF7TD5AN) c41692d8-1771865497.918 drafts.list called with reason: client-v2-boot-team 
[02/24/26, 01:51:37:919] info: [API-Q] (T08KF7TD5AN) c41692d8-1771865497.918 drafts.list is ENQUEUED 
[02/24/26, 01:51:37:919] info: [API-Q] (T08KF7TD5AN) c41692d8-1771865497.919 drafts.listActive called with reason: client-v2-boot-team 
[02/24/26, 01:51:37:919] info: [API-Q] (T08KF7TD5AN) c41692d8-1771865497.919 drafts.listActive is ENQUEUED 
[02/24/26, 01:51:37:922] info: [EMOJI_TRANSLATION] Emoji translations not needed for default locale, only adding keywords 
[02/24/26, 01:51:37:923] info: [API-Q] (T08KF7TD5AN) c41692d8-1771865497.923 workflows.triggers.listRecentlyRunForUser called with reason: fetch_and_upsert_recently_run_triggers 
[02/24/26, 01:51:37:923] info: [API-Q] (T08KF7TD5AN) c41692d8-1771865497.923 workflows.triggers.listRecentlyRunForUser is ENQUEUED 
[02/24/26, 01:51:37:924] info: [API-Q] (T08KF7TD5AN) c41692d8-1771865497.923 functions.workflows.list called with reason: automations_gallery 
[02/24/26, 01:51:37:924] info: [API-Q] (T08KF7TD5AN) c41692d8-1771865497.923 functions.workflows.list is ENQUEUED 
[02/24/26, 01:51:37:925] info: [API-Q] (T08KF7TD5AN) c41692d8-1771865497.925 megaphone.notifications.list called with reason: boot 
[02/24/26, 01:51:37:925] info: [API-Q] (T08KF7TD5AN) c41692d8-1771865497.925 megaphone.notifications.list is ENQUEUED 
[02/24/26, 01:51:37:925] info: [API-Q] (T08KF7TD5AN) c41692d8-1771865497.925 megaphone.notifications.list called with reason: boot 
[02/24/26, 01:51:37:925] info: [API-Q] (T08KF7TD5AN) c41692d8-1771865497.925 megaphone.notifications.list is ENQUEUED 
[02/24/26, 01:51:37:926] info: [API-Q] (T08KF7TD5AN) c41692d8-1771865497.926 teams.trials.info called with reason: client-v2-boot-team 
[02/24/26, 01:51:37:926] info: [API-Q] (T08KF7TD5AN) c41692d8-1771865497.926 teams.trials.info is ENQUEUED 
[02/24/26, 01:51:37:927] info: [API-Q] (T08KF7TD5AN) c41692d8-1771865497.927 users.prefs.get called with reason: fetch-user-expectation-last-triggered-pref 
[02/24/26, 01:51:37:927] info: [API-Q] (T08KF7TD5AN) c41692d8-1771865497.927 users.prefs.get is ENQUEUED 
[02/24/26, 01:51:37:927] info: [API-Q] (T08KF7TD5AN) c41692d8-1771865497.927 users.priority.list called with reason: fetch-priority-users-on-boot-render 
[02/24/26, 01:51:37:927] info: [API-Q] (T08KF7TD5AN) c41692d8-1771865497.927 users.priority.list is ENQUEUED 
[02/24/26, 01:51:37:929] info: [API-Q] (T08KF7TD5AN) c41692d8-1771865497.928 aiApps.list called with reason: fetch-deferred-messaging-client-data 
[02/24/26, 01:51:37:929] info: [API-Q] (T08KF7TD5AN) c41692d8-1771865497.928 aiApps.list is ENQUEUED 
[02/24/26, 01:51:37:929] info: [API-Q] (T08KF7TD5AN) c41692d8-1771865497.917 client.extras is ACTIVE 
[02/24/26, 01:51:37:930] info: [API-Q] (T08KF7TD5AN) c41692d8-1771865497.918 drafts.list is ACTIVE 
[02/24/26, 01:51:37:930] info: [API-Q] (T08KF7TD5AN) c41692d8-1771865497.919 drafts.listActive is ACTIVE 
[02/24/26, 01:51:37:930] info: [API-Q] (T08KF7TD5AN) c41692d8-1771865497.923 workflows.triggers.listRecentlyRunForUser is ACTIVE 
[02/24/26, 01:51:37:930] info: [API-Q] (T08KF7TD5AN) c41692d8-1771865497.923 functions.workflows.list is ACTIVE 
[02/24/26, 01:51:37:931] info: [API-Q] (T08KF7TD5AN) c41692d8-1771865497.925 megaphone.notifications.list is ACTIVE 
[02/24/26, 01:51:37:931] info: [API-Q] (T08KF7TD5AN) c41692d8-1771865497.925 megaphone.notifications.list is ACTIVE 
[02/24/26, 01:51:37:931] info: [API-Q] (T08KF7TD5AN) c41692d8-1771865497.930 calendar.getInstalledCalendars called with reason: calendar-get-installed-calendars 
[02/24/26, 01:51:37:931] info: [API-Q] (T08KF7TD5AN) c41692d8-1771865497.930 calendar.getInstalledCalendars is ENQUEUED 
[02/24/26, 01:51:37:935] info: [BOOT] Setting reducedSignInWorkflowExperiment object in local storage. teamId: T08KF7TD5AN, enterpriseId: undefined, isOn: true 
[02/24/26, 01:51:37:938] info: [NAVIGATE-LISTENERS] (T08KF7TD5AN) Starting navigation listeners for triggerType CLIENT_MOUNT 
[02/24/26, 01:51:37:941] info: [NAVIGATE-LISTENERS] (T08KF7TD5AN) Navigation listeners complete without errors 
[02/24/26, 01:51:37:943] info: [BOOT] (T06AU05DL0L) Minimum supported data version is 1722374725; currently on 1771118251 
[02/24/26, 01:51:37:943] info: [PERSIST] (T06AU05DL0L) Getting state from IndexedDB 
[02/24/26, 01:51:37:943] info: [TRACER] Tracing is not sampled by default for this team. 
[02/24/26, 01:51:37:944] info: [BOOT-QUEUE] T06AU05DL0L noversion-1771865497.944 features.access.policies.list called 
[02/24/26, 01:51:37:944] info: [BOOT-QUEUE] T06AU05DL0L noversion-1771865497.944 features.access.policies.list is ENQUEUED 
[02/24/26, 01:51:37:945] info: [BOOT-QUEUE] T06AU05DL0L noversion-1771865497.944 experiments.getByUser called 
[02/24/26, 01:51:37:945] info: [BOOT-QUEUE] T06AU05DL0L noversion-1771865497.944 experiments.getByUser is ENQUEUED 
[02/24/26, 01:51:37:945] info: [BOOT-QUEUE] T06AU05DL0L noversion-1771865497.944 api.features called 
[02/24/26, 01:51:37:945] info: [BOOT-QUEUE] T06AU05DL0L noversion-1771865497.944 api.features is ENQUEUED 
[02/24/26, 01:51:37:945] info: [BOOT] Couldn't determine boot channel. Falling back to default channel 
[02/24/26, 01:51:37:946] info: [BOOT-QUEUE] T06AU05DL0L noversion-1771865497.944 features.access.policies.list is ACTIVE 
[02/24/26, 01:51:37:946] info: [BOOT-QUEUE] T06AU05DL0L noversion-1771865497.944 experiments.getByUser is ACTIVE 
[02/24/26, 01:51:37:946] info: [BOOT-QUEUE] T06AU05DL0L noversion-1771865497.944 api.features is ACTIVE 
[02/24/26, 01:51:37:946] info: [MIN-VERSION] No need to reload 
[02/24/26, 01:51:37:964] info: [CHECK-UNREADS] (T08KF7TD5AN) Checking unreads after window became focused 
[02/24/26, 01:51:37:969] info: Store: REDUX_UPDATE_FROM_WEBAPP (T08KF7TD5AN) Changed keys [theme,notificationPrefs,connectivityPrefs,featureFlags,unreads,locale,version,frontendBuildType,userId] 
[02/24/26, 01:51:37:970] info: [GS_REQUEST] (T08KF7TD5AN) received a user_subscribe_request call while we are not connected; deferring 
[02/24/26, 01:51:37:971] info: [API-Q] (T08KF7TD5AN) c41692d8-1771865497.971 api.getFlannelHttpUrl called with reason: client-needs-valid-flannel-url 
[02/24/26, 01:51:37:972] info: [API-Q] (T08KF7TD5AN) c41692d8-1771865497.971 api.getFlannelHttpUrl is ENQUEUED 
[02/24/26, 01:51:37:973] info: [UFM-MEMBERS] (T08KF7TD5AN) requesting U08KG4A5084,USLACKBOT,U08KF7TD5DG,U08KG475GLC,U08KG4ALBD2 (1) 
[02/24/26, 01:51:37:999] info: [API-Q] (T08KF7TD5AN) c41692d8-1771865497.998 users.channelSections.list called with reason: conditional-fetch-manager 
[02/24/26, 01:51:37:999] info: [API-Q] (T08KF7TD5AN) c41692d8-1771865497.998 users.channelSections.list is ENQUEUED 
[02/24/26, 01:51:37:999] info: [UFM-PERMISSIONS] (T08KF7TD5AN) requesting ACCESS_SLACK_AI_SLACKBOT,ACCESS_SLACK_AI_SEARCH,ACCESS_SLACK_AI_FILTERS,CREATE_PUBLIC_CHANNEL,CREATE_PRIVATE_CHANNEL,ACCESS_SLACK_AI_HUDDLE_SUMMARIES,ACCESS_SLACK_AI_RECAP,ACCESS_SLACK_AI_CHANNEL_THREAD_SUMMARIES,ACCESS_SLACK_AI_FILE_SUMMARIES,VIEW_TOP_LEVEL_WORKFLOWS,ADD_GUEST_USER_TO_WORKSPACE,ADD_FULL_USER_TO_WORKSPACE,REMOVE_GUEST_USER_FROM_WORKSPACE,REMOVE_FULL_USER_FROM_WORKSPACE,CONVERT_TO_GUEST,CONVERT_TO_MEMBER,READ_LEGAL_HOLDS,WRITE_LEGAL_HOLDS,READ_AUDIT_LOGS,ARCHIVE_CHANNEL,CONVERT_MPDM_TO_PRIVATE,EDIT_CHANNEL_WORKSPACES,CAN_AT_CHANNEL,VIEW_OVERVIEW_ANALYTICS,VIEW_WORKSPACE_ANALYTICS,VIEW_MEMBER_ANALYTICS,VIEW_ORG_WIDE_CHANNEL_ANALYTICS,VIEW_HUDDLE_ANALYTICS,VIEW_CLIP_ANALYTICS,VIEW_APP_ANALYTICS,VIEW_CHANNEL_ANALYTICS,VIEW_AI_ANALYTICS,VIEW_CANVAS_ANALYTICS,VIEW_WORKFLOW_ANALYTICS,VIEW_LIST_ANALYTICS,ADD_COLLABORATOR_TO_ANY_WORKFLOW,UNPUBLISH_ANY_WORKFLOW,CREATE_WORKFLOWS,CREATE_CANVAS_TEMPLATES,PUBLISH_CANVAS_ORG_TEMPLATES,MANAGE_SALES_HOME,MANAGE_SALES_HOME_DATA_SOURCE,ADD_CUSTOM_EMOJI,DELETE_CUSTOM_EMOJI,EDIT_SLACKBOT_RESPONSES,UPDATE_NAME,UPDATE_DISPLAY_NAME,EDIT_PROFILE_PHOTO,ACCEPT_SLACK_CONNECT_INVITES,MANAGE_SLACK_CONNECT,CREATE_SLACK_CONNECT_DM,VIEW_APP_REQUESTS,MANAGE_AAA_AUTOMATION_RULES,MANAGE_SCOPE_RATINGS,VIEW_INSTALLED_APPS,MANAGE_ORG_LEVEL_APP_APPROVAL,VIEW_APPROVED_APPS,VIEW_RESTRICTED_APPS,ADD_ORG_APPS_TO_WORKSPACES,REMOVE_ORG_APPS_FROM_WORKSPACES,VIEW_DEPRECATIONS,MANAGE_WORKFLOW_CONNECTORS,MANAGE_WORKFLOW_TRIGGERS,CREATE_SOLUTION_TEMPLATE,PUBLISH_SOLUTION_TEMPLATE,MANAGE_SOLUTION_TEMPLATE,CREATE_LIST_TEMPLATE,CREATE_USER_GROUPS,EDIT_USER_GROUPS,DELETE_USER_GROUPS,ACCESS_SLACK_AI_ACTION_ITEMS,ACCESS_SLACK_AI_DETAILED_FEEDBACK,ACCESS_SLACK_AI_STEPS_IN_WORKFLOW,ACCESS_SLACK_AI_TRANSLATIONS,ACCESS_SLACK_AI_WORKFLOW_BUILDER,ACCESS_SLACK_AI_RECORD_CHANNEL_DIGEST,ACCESS_SLACK_AI_DEVELOPMENT,ACCESS_SLACK_AI_EXPLAIN,ACCESS_SLACK_AI_CANVAS,ACCESS_SLACK_AI_SALESFORCE_CSV_MAPPER,ACCESS_SLACK_AI_SUGGESTED_SECTIONS,ACCESS_ENTERPRISE_SEARCH,CAN_MANAGE_XWS_CHANNELS,CREATE_AND_EDIT_ORG_USER_GROUPS,EDIT_ORG_USER_GROUPS,DELETE_ORG_USER_GROUPS (1) 
[02/24/26, 01:51:38:000] info: [API-Q] (T08KF7TD5AN) c41692d8-1771865498.000 slackAi.permissions.getForUser called with reason: fetch-slack-ai-permissions 
[02/24/26, 01:51:38:000] info: [API-Q] (T08KF7TD5AN) c41692d8-1771865498.000 slackAi.permissions.getForUser is ENQUEUED 
[02/24/26, 01:51:38:000] info: [API-Q] (T08KF7TD5AN) c41692d8-1771865498.000 help.issues.ticketStats called with reason: fetchAndUpsertTicketStats 
[02/24/26, 01:51:38:000] info: [API-Q] (T08KF7TD5AN) c41692d8-1771865498.000 help.issues.ticketStats is ENQUEUED 
[02/24/26, 01:51:38:001] info: [DND_V2] (T08KF7TD5AN) fetchAndUpsertDndForUsers - Preparing to fetch DND times for the following members: U08KG48A77W 
[02/24/26, 01:51:38:001] info: [API-Q] (T08KF7TD5AN) c41692d8-1771865498.001 dnd.info called with reason: fetchAndUpsertDndForUsers-getDndTimesFor:self 
[02/24/26, 01:51:38:001] info: [API-Q] (T08KF7TD5AN) c41692d8-1771865498.001 dnd.info is ENQUEUED 
[02/24/26, 01:51:38:001] info: [UFM] (T08KF7TD5AN) requesting C08KG4B9STE (1) 
[02/24/26, 01:51:38:001] info: [API-Q] (T08KF7TD5AN) c41692d8-1771865498.001 team.targetingCriteria called with reason: team_targeting_criteria 
[02/24/26, 01:51:38:001] info: [API-Q] (T08KF7TD5AN) c41692d8-1771865498.001 team.targetingCriteria is ENQUEUED 
[02/24/26, 01:51:38:028] info: [OBJECT-STORE-T06AU05D] openDB upgrading from version 287 to 288 
[02/24/26, 01:51:38:028] info: [OBJECT-STORE-T06AU05D] openDB adding stores [] 
[02/24/26, 01:51:38:028] info: [OBJECT-STORE-T06AU05D] openDB removing stores [] 
[02/24/26, 01:51:38:028] info: [OBJECT-STORE-T06AU05D] openDB clearing stores [] 
[02/24/26, 01:51:38:028] info: [UFM] (T08KF7TD5AN) requesting C08KG4B9STE (1) 
[02/24/26, 01:51:38:029] info: [API-Q] (T08KF7TD5AN) c41692d8-1771865498.028 conversations.info called with reason: app-homes-store/conditional-fetching 
[02/24/26, 01:51:38:029] info: [API-Q] (T08KF7TD5AN) c41692d8-1771865498.028 conversations.info is ENQUEUED 
[02/24/26, 01:51:38:071] info: Store: UPSERT_WEB_CONTENTS {
  "id": 1,
  "type": "app",
  "history": "[REDACTED]"
} 
[02/24/26, 01:51:38:071] info: Store: REDUX_UPDATE_FROM_WEBAPP (T08KF7TD5AN) Changed keys [userId] 
[02/24/26, 01:51:38:071] info: Store: REDUX_UPDATE_FROM_WEBAPP (T08KF7TD5AN) Changed keys [notificationPrefs,unreads] 
[02/24/26, 01:51:38:072] info: Store: REDUX_UPDATE_FROM_WEBAPP (T08KF7TD5AN) Changed keys [connectivityPrefs] 
[02/24/26, 01:51:38:073] info: Store: STORE_USER_WORKSPACES {
  "userTeamId": "T08KF7TD5AN",
  "workspaceIds": [
    "T08KF7TD5AN"
  ]
} 
[02/24/26, 01:51:38:073] info: Store: SELECTION_CHANGED T08KF7TD5AN 
[02/24/26, 01:51:38:073] info: Store: EXTEND_MENU global: menucategory-file,menucategory-view,menucategory-jump-to 
[02/24/26, 01:51:38:073] info: Store: EXTEND_MENU T08KF7TD5AN: menucategory-file,menucategory-view,menucategory-edit,menucategory-help,menucategory-history 
[02/24/26, 01:51:38:073] info: Store: UPDATE_SETTINGS {
  "zoomLevel": 0
} 
[02/24/26, 01:51:38:074] info: [DESKTOP-SIDE-EFFECT] Update from desktop for keys  ["settings"] 
[02/24/26, 01:51:38:091] info: [DEVICE-PREFS] Device list validation result: true 
[02/24/26, 01:51:38:091] info: [DEVICE-PREFS] Device list updated [{},{},{},{},{},{},{},{},{}] 
[02/24/26, 01:51:38:091] info: [DEVICE-PREFS] Processing device list [{},{},{},{},{},{},{},{},{}] 
[02/24/26, 01:51:38:092] info: [DEVICE-PREFS] Amending label for OS default audioinput device: Default -> System Default (Default) 
[02/24/26, 01:51:38:092] info: [DEVICE-PREFS] Amending label for OS default audiooutput device: Default -> System Default (Default) 
[02/24/26, 01:51:38:092] info: [DEVICE-PREFS] Device list processing complete 
[02/24/26, 01:51:38:092] info: [DEVICE-PREFS] Device list change handler updated 
[02/24/26, 01:51:38:092] info: [DEVICE-PREFS] Device preferences manager initialized 
[02/24/26, 01:51:38:092] info: [DEVICE-PREFS] Analyzing stored device records 
[02/24/26, 01:51:38:092] info: [DEVICE-PREFS] Returning all records for initialization analyses 
[02/24/26, 01:51:38:092] info: [DEVICE-PREFS] Device selection records analysis: {"totalRecords":0,"webAudioDevices":0,"webAudioSelectedDevices":0,"webAudioUsedDevices":0,"microphoneCount":0,"speakerCount":0,"cameraCount":0} 
[02/24/26, 01:51:38:092] info: [(?)] Device preferences manager initialized 
[02/24/26, 01:51:38:134] info: [PERSIST] (T06AU05DL0L) Successfully got state from IndexedDB 
[02/24/26, 01:51:38:134] info: [BOOT] (T06AU05DL0L) Booting with persisted store 
[02/24/26, 01:51:38:134] info: [PERSIST] (T06AU05DL0L) Checking for persistence method changes 
[02/24/26, 01:51:38:134] info: [PERSIST] (T06AU05DL0L) Preparing state for hydration 
[02/24/26, 01:51:38:175] warn: SCHEMA Invalid data for schema 'redux-view'. This does not necessarily mean that an error has occurred. Errors:
[{"keyword":"required","dataPath":".main","schemaPath":"#/required","params":{"missingProperty":"later-sidebar-prototype"},"message":"should have required property 'later-sidebar-prototype'"}] {"subtype":"redux-view"} 
[02/24/26, 01:51:38:175] info: [PERSIST] (T06AU05DL0L) view persisted data does not pass schema validation, throwing away persisted data for it 
[02/24/26, 01:51:38:175] info: [PERSIST] (T06AU05DL0L) State prepared for hydration 
[02/24/26, 01:51:38:175] info: [PERSIST] (T06AU05DL0L) Checking for required data 
[02/24/26, 01:51:38:177] info: [BOOT-QUEUE] T06AU05DL0L noversion-1771865498.176 client.userBoot called with reason: deferred-data 
[02/24/26, 01:51:38:177] info: [BOOT-QUEUE] T06AU05DL0L noversion-1771865498.176 client.userBoot is ENQUEUED 
[02/24/26, 01:51:38:177] info: [BOOT-QUEUE] T06AU05DL0L noversion-1771865498.176 client.userBoot is ACTIVE 
[02/24/26, 01:51:38:177] info: [BOOT] (T06AU05DL0L) Configuring redux store 
[02/24/26, 01:51:38:180] info: [DESKTOP-MIDDLEWARE] (T06AU05DL0L) Forwarding redux payload to desktop ["theme","notificationPrefs","connectivityPrefs","featureFlags","unreads","locale","version","frontendBuildType","userId"] 
[02/24/26, 01:51:38:183] info: [NAVIGATION-MIDDLEWARE] Starting a new navigation middleware execution {"context":"client-boot","nextViewSet":{"sidebar":{"id":"ChannelList","viewType":"ChannelList"},"primary":{"id":"C06ARGB5GCS","viewType":"Channel"}},"middlewareCount":9} 
[02/24/26, 01:51:38:183] info: [NAVIGATION-MIDDLEWARE] Async action execution is complete for a view {"nextView":{"id":"ChannelList","viewType":"ChannelList"},"results":[["EnsureChannelHasParentTabMiddleware",false],["EnsureMessagesTabHasTabIdMiddleware",false],["RedirectFileChannel",false],["RedirectChannelCanvasToCanvas",false],["AttemptToSetSolutionsGalleryPref",false],["EnsureAppViewType",false],["CanvasSetScrollParam",false],["EnsureActivityInboxMiddleware",false],["EnsureSearchSidebarPrototypeMiddleware",false]],"shouldTerminateNavigation":false,"executionTime":0} 
[02/24/26, 01:51:38:183] info: [NAVIGATION-MIDDLEWARE] Finish middleware execution for sidebar container {"maybeTransformedViewSet":{"sidebar":{"id":"ChannelList","viewType":"ChannelList"},"primary":{"id":"C06ARGB5GCS","viewType":"Channel"}},"terminateNavigation":false,"isViewTransformed":false,"iterationCount":0,"executionTime":0.10000000149011612} 
[02/24/26, 01:51:38:183] info: [NAVIGATION-MIDDLEWARE] Async action execution is complete for a view {"nextView":{"id":"C06ARGB5GCS","viewType":"Channel"},"results":[["EnsureChannelHasParentTabMiddleware",false],["EnsureMessagesTabHasTabIdMiddleware",false],["RedirectFileChannel",false],["RedirectChannelCanvasToCanvas",false],["AttemptToSetSolutionsGalleryPref",false],["EnsureAppViewType",false],["CanvasSetScrollParam",false],["EnsureActivityInboxMiddleware",false],["EnsureSearchSidebarPrototypeMiddleware",false]],"shouldTerminateNavigation":false,"executionTime":0} 
[02/24/26, 01:51:38:183] info: [NAVIGATION-MIDDLEWARE] Finish middleware execution for primary container {"maybeTransformedViewSet":{"sidebar":{"id":"ChannelList","viewType":"ChannelList"},"primary":{"id":"C06ARGB5GCS","viewType":"Channel"}},"terminateNavigation":false,"isViewTransformed":false,"iterationCount":0,"executionTime":0} 
[02/24/26, 01:51:38:183] info: [NAVIGATION-MIDDLEWARE] Navigation middleware execution is complete {"maybeUpdatedViewSet":{"sidebar":{"id":"ChannelList","viewType":"ChannelList"},"primary":{"id":"C06ARGB5GCS","viewType":"Channel"}},"terminateNavigation":false,"executionTime":0.30000000074505806} 
[02/24/26, 01:51:38:187] info: [DESKTOP-SIDE-EFFECT] (T06AU05DL0L) Creating desktop delegate 
[02/24/26, 01:51:38:187] info: [DESKTOP PRELOAD]	Exposing workspace desktop delegate for  {
  "workspaceId": "T06AU05DL0L"
} 
[02/24/26, 01:51:38:199] info: [ENDPOINT-MANAGER] (T08KF7TD5AN) socketUrl - got endpoint 
[02/24/26, 01:51:38:200] info: [API-Q] (T08KF7TD5AN) c41692d8-1771865497.724 links.getDomains is RESOLVED 
[02/24/26, 01:51:38:201] info: [API-Q] (T08KF7TD5AN) c41692d8-1771865497.971 api.getFlannelHttpUrl is ACTIVE 
[02/24/26, 01:51:38:201] info: [API-Q] (T08KF7TD5AN) c41692d8-1771865497.722 users.prefs.get is RESOLVED 
[02/24/26, 01:51:38:201] info: [API-Q] (T08KF7TD5AN) c41692d8-1771865497.927 users.prefs.get is ACTIVE 
[02/24/26, 01:51:38:202] info: Store: REDUX_UPDATE_FROM_WEBAPP (T06AU05DL0L) Changed keys [theme,notificationPrefs,connectivityPrefs,featureFlags,unreads,locale,version,frontendBuildType,userId] 
[02/24/26, 01:51:38:239] info: [WD] All assets have reported back; s: 18; f: 0 
[02/24/26, 01:51:38:250] info: [UFM] (T08KF7TD5AN) requesting C08KG4B9STE-1771155002.751219 (1) 
[02/24/26, 01:51:38:251] info: [API-Q] (T08KF7TD5AN) c41692d8-1771865498.250 subscriptions.thread.get called with reason: fetch-thread-subscriptions 
[02/24/26, 01:51:38:251] info: [API-Q] (T08KF7TD5AN) c41692d8-1771865498.250 subscriptions.thread.get is ENQUEUED 
[02/24/26, 01:51:38:251] info: [API-Q] (T08KF7TD5AN) c41692d8-1771865497.724 client.appCommands is RESOLVED 
[02/24/26, 01:51:38:252] info: [API-Q] (T08KF7TD5AN) c41692d8-1771865497.926 teams.trials.info is ACTIVE 
[02/24/26, 01:51:38:265] info: [UFM-MESSAGES] (T08KF7TD5AN) requesting C08KG4B9STE-1771155002.751219 (1) 
[02/24/26, 01:51:38:266] info: [API-Q] (T08KF7TD5AN) c41692d8-1771865498.266 messages.list called with reason: messages-ufm 
[02/24/26, 01:51:38:266] info: [API-Q] (T08KF7TD5AN) c41692d8-1771865498.266 messages.list is ENQUEUED 
[02/24/26, 01:51:38:285] info: [DRAFTS] (T08KF7TD5AN) There are no channels with drafts 
[02/24/26, 01:51:38:285] info: [BOOT] (T08KF7TD5AN) Beaconed client boot mount success 
[02/24/26, 01:51:38:285] info: [API-Q] (T08KF7TD5AN) c41692d8-1771865498.285 sharedInvites.canGetLink called with reason: sidebar-mount 
[02/24/26, 01:51:38:286] info: [API-Q] (T08KF7TD5AN) c41692d8-1771865498.285 sharedInvites.canGetLink is ENQUEUED 
[02/24/26, 01:51:38:287] info: [API-Q] (T08KF7TD5AN) c41692d8-1771865498.287 conversations.replies called with reason: history-api/fetchReplies 
[02/24/26, 01:51:38:287] info: [API-Q] (T08KF7TD5AN) c41692d8-1771865498.287 conversations.replies is ENQUEUED 
[02/24/26, 01:51:38:346] info: [API-Q] (T08KF7TD5AN) c41692d8-1771865497.917 client.extras is RESOLVED 
[02/24/26, 01:51:38:347] info: [API-Q] (T08KF7TD5AN) c41692d8-1771865497.927 users.priority.list is ACTIVE 
[02/24/26, 01:51:38:347] info: [API-Q] (T08KF7TD5AN) c41692d8-1771865497.918 drafts.list is RESOLVED 
[02/24/26, 01:51:38:347] info: [API-Q] (T08KF7TD5AN) c41692d8-1771865497.928 aiApps.list is ACTIVE 
[02/24/26, 01:51:38:347] info: [API-Q] (T08KF7TD5AN) c41692d8-1771865497.923 workflows.triggers.listRecentlyRunForUser is RESOLVED 
[02/24/26, 01:51:38:348] info: [API-Q] (T08KF7TD5AN) c41692d8-1771865497.930 calendar.getInstalledCalendars is ACTIVE 
[02/24/26, 01:51:38:348] info: [API-Q] (T08KF7TD5AN) c41692d8-1771865497.919 drafts.listActive is RESOLVED 
[02/24/26, 01:51:38:348] info: [API-Q] (T08KF7TD5AN) c41692d8-1771865497.998 users.channelSections.list is ACTIVE 
[02/24/26, 01:51:38:349] info: [API-Q] (T08KF7TD5AN) c41692d8-1771865497.923 functions.workflows.list is RESOLVED 
[02/24/26, 01:51:38:349] info: [API-Q] (T08KF7TD5AN) c41692d8-1771865498.000 slackAi.permissions.getForUser is ACTIVE 
[02/24/26, 01:51:38:356] info: [DRAFTS] (T08KF7TD5AN) No active drafts 
[02/24/26, 01:51:38:356] info: [DRAFTS] (T08KF7TD5AN) No active draft ids 
[02/24/26, 01:51:38:356] info: [DRAFTS] (T08KF7TD5AN) Reconciled removed draft - 560cbabd-475e-44fa-81d4-30316d8bae81 
[02/24/26, 01:51:38:357] info: [DRAFTS] (T08KF7TD5AN) Purged 1 inactive drafts 
[02/24/26, 01:51:38:357] info: [DRAFTS] (T08KF7TD5AN) Successfully fetched all active and inactive drafts ✨ 
[02/24/26, 01:51:38:358] info: [API-Q] (T08KF7TD5AN) c41692d8-1771865498.358 workflows.triggers.list called with reason: automations_gallery 
[02/24/26, 01:51:38:358] info: [API-Q] (T08KF7TD5AN) c41692d8-1771865498.358 workflows.triggers.list is ENQUEUED 
[02/24/26, 01:51:38:392] info: [DEVICE-PREFS] Propagating device selection history update 
[02/24/26, 01:51:38:394] info: [DEVICE-PREFS] Setting preferred audioinput device in huddle default 
[02/24/26, 01:51:38:394] info: [DEVICE-PREFS] Setting preferred audiooutput device in huddle default 
[02/24/26, 01:51:38:428] info: Store: EXTEND_MENU T08KF7TD5AN: menucategory-file,menucategory-view,menucategory-edit,menucategory-help,menucategory-history 
[02/24/26, 01:51:38:562] info: [API-Q] (T08KF7TD5AN) c41692d8-1771865497.925 megaphone.notifications.list is RESOLVED 
[02/24/26, 01:51:38:562] info: [API-Q] (T08KF7TD5AN) c41692d8-1771865498.000 help.issues.ticketStats is ACTIVE 
[02/24/26, 01:51:38:579] info: [API-Q] (T08KF7TD5AN) c41692d8-1771865497.925 megaphone.notifications.list is RESOLVED 
[02/24/26, 01:51:38:579] info: [API-Q] (T08KF7TD5AN) c41692d8-1771865498.001 dnd.info is ACTIVE 
[02/24/26, 01:51:38:596] info: [API-Q] (T08KF7TD5AN) c41692d8-1771865497.927 users.prefs.get is RESOLVED 
[02/24/26, 01:51:38:596] info: [API-Q] (T08KF7TD5AN) c41692d8-1771865498.001 team.targetingCriteria is ACTIVE 
[02/24/26, 01:51:38:596] info: [BOOT-QUEUE] T06AU05DL0L noversion-1771865497.944 api.features is RESOLVED 
[02/24/26, 01:51:38:605] info: [BOOT-QUEUE] T06AU05DL0L noversion-1771865497.944 features.access.policies.list is RESOLVED 
[02/24/26, 01:51:38:663] info: [API-Q] (T08KF7TD5AN) c41692d8-1771865497.926 teams.trials.info is RESOLVED 
[02/24/26, 01:51:38:664] info: [API-Q] (T08KF7TD5AN) c41692d8-1771865498.028 conversations.info is ACTIVE 
[02/24/26, 01:51:38:728] info: [API-Q] (T08KF7TD5AN) c41692d8-1771865497.927 users.priority.list is RESOLVED 
[02/24/26, 01:51:38:728] info: [API-Q] (T08KF7TD5AN) c41692d8-1771865498.250 subscriptions.thread.get is ACTIVE 
[02/24/26, 01:51:38:758] info: [API-Q] (T08KF7TD5AN) c41692d8-1771865497.928 aiApps.list is RESOLVED 
[02/24/26, 01:51:38:759] info: [API-Q] (T08KF7TD5AN) c41692d8-1771865498.266 messages.list is ACTIVE 
[02/24/26, 01:51:38:760] info: [API-Q] (T08KF7TD5AN) c41692d8-1771865497.930 calendar.getInstalledCalendars is RESOLVED 
[02/24/26, 01:51:38:760] info: [API-Q] (T08KF7TD5AN) c41692d8-1771865498.285 sharedInvites.canGetLink is ACTIVE 
[02/24/26, 01:51:38:760] info: [API-Q] (T08KF7TD5AN) c41692d8-1771865497.971 api.getFlannelHttpUrl is RESOLVED 
[02/24/26, 01:51:38:761] info: [API-Q] (T08KF7TD5AN) c41692d8-1771865498.287 conversations.replies is ACTIVE 
[02/24/26, 01:51:38:765] info: [API-Q] (T08KF7TD5AN) noversion-1771865498.764 Flannel users/info called with reason: flannel-call:users/info 
[02/24/26, 01:51:38:765] info: [API-Q] (T08KF7TD5AN) noversion-1771865498.764 Flannel users/info is ENQUEUED 
[02/24/26, 01:51:38:765] info: [API-Q] (T08KF7TD5AN) noversion-1771865498.764 Flannel users/info called with reason: flannel-call:users/info 
[02/24/26, 01:51:38:765] info: [API-Q] (T08KF7TD5AN) noversion-1771865498.764 Flannel users/info is ENQUEUED 
[02/24/26, 01:51:38:765] info: [API-Q] (T08KF7TD5AN) noversion-1771865498.765 Flannel permissions/info called with reason: flannel-call:permissions/info 
[02/24/26, 01:51:38:765] info: [API-Q] (T08KF7TD5AN) noversion-1771865498.765 Flannel permissions/info is ENQUEUED 
[02/24/26, 01:51:38:765] info: [API-Q] (T08KF7TD5AN) noversion-1771865498.765 Flannel huddles/info called with reason: flannel-call:huddles/info 
[02/24/26, 01:51:38:766] info: [API-Q] (T08KF7TD5AN) noversion-1771865498.765 Flannel huddles/info is ENQUEUED 
[02/24/26, 01:51:38:770] info: Store: UPDATE_SETTINGS {
  "mainWindowSettings": {
    "fullScreen": false,
    "maximized": false,
    "bounds": {
      "x": 0,
      "y": 0,
      "width": 754,
      "height": 712
    }
  }
} 
[02/24/26, 01:51:38:772] info: [DESKTOP-SIDE-EFFECT] Update from desktop for keys  ["settings"] 
[02/24/26, 01:51:38:773] info: [API-Q] (T08KF7TD5AN) c41692d8-1771865497.998 users.channelSections.list is RESOLVED 
[02/24/26, 01:51:38:774] info: [API-Q] (T08KF7TD5AN) noversion-1771865498.765 Flannel huddles/info is ACTIVE 
[02/24/26, 01:51:38:809] info: [SOCKET-MANAGER] (T08KF7TD5AN) Changing from prov_connecting to prov_connected 
[02/24/26, 01:51:38:809] info: [SOCKET-MANAGER] (T08KF7TD5AN) will stay in prov_connected state for up to 60000 ms 
[02/24/26, 01:51:38:810] info: [SOCKET-MANAGER] (T08KF7TD5AN) Changing from prov_connected to prov_finalize 
[02/24/26, 01:51:38:811] info: [SOCKET-MANAGER] (T08KF7TD5AN) will stay in prov_finalize state for up to 10000 ms 
[02/24/26, 01:51:38:811] info: [SOCKET-MANAGER] (T08KF7TD5AN) Changing from prov_finalize to prov_finalizing 
[02/24/26, 01:51:38:811] info: [SOCKET-MANAGER] (T08KF7TD5AN) will stay in prov_finalizing state for up to 10000 ms 
[02/24/26, 01:51:38:811] info: [SOCKET-MANAGER] (T08KF7TD5AN) Changing from prov_finalizing to connected 
[02/24/26, 01:51:38:811] info: [SOCKET-MANAGER] (T08KF7TD5AN) will stay in connected state for up to Infinity ms 
[02/24/26, 01:51:38:811] info: [SOCKET-MANAGER] (T08KF7TD5AN) Connected to primary region 
[02/24/26, 01:51:38:812] info: [GS_REQUEST] (T08KF7TD5AN) connected and trouble free! Continuing deferred user_subscribe_request call 
[02/24/26, 01:51:38:814] info: [MESSAGE-HISTORY] (T08KF7TD5AN) Resetting reachedEnd 
[02/24/26, 01:51:38:815] info: [API-Q] (T08KF7TD5AN) c41692d8-1771865498.815 users.customStatus.list called with reason: fetchCustomStatusOnReconnect 
[02/24/26, 01:51:38:816] info: [API-Q] (T08KF7TD5AN) c41692d8-1771865498.815 users.customStatus.list is ENQUEUED 
[02/24/26, 01:51:38:817] info: [UNREAD-COUNTS] (T08KF7TD5AN) Fetching counts 
[02/24/26, 01:51:38:817] info: [API-Q] (T08KF7TD5AN) c41692d8-1771865498.817 client.counts called with reason: fetchClientCountsOnConnect 
[02/24/26, 01:51:38:817] info: [API-Q] (T08KF7TD5AN) c41692d8-1771865498.817 client.counts is ENQUEUED 
[02/24/26, 01:51:38:819] info: [API-Q] (T08KF7TD5AN) c41692d8-1771865498.819 sfdc.integration.listOrgs called with reason: fetch-orgs-and-sign-in-silently-v2 
[02/24/26, 01:51:38:819] info: [API-Q] (T08KF7TD5AN) c41692d8-1771865498.819 sfdc.integration.listOrgs is ENQUEUED 
[02/24/26, 01:51:38:820] info: [PRESENCE_PROMPT] (T08KF7TD5AN) ignoring prompt due to presence (active) 
[02/24/26, 01:51:38:825] info: [API-Q] (T08KF7TD5AN) c41692d8-1771865498.000 slackAi.permissions.getForUser is RESOLVED 
[02/24/26, 01:51:38:825] info: [API-Q] (T08KF7TD5AN) noversion-1771865498.765 Flannel permissions/info is ACTIVE 
[02/24/26, 01:51:38:860] info: [BOOT-QUEUE] T06AU05DL0L noversion-1771865497.944 experiments.getByUser is RESOLVED 
[02/24/26, 01:51:38:860] info: [BOOT] Feature flag config version: 1771865493; Experiments config version: 1771865493 
[02/24/26, 01:51:38:860] info: [BOOT] Current earliest config version: 1771865491; All config versions: {"T08KF7TD5AN":1771865491,"T06AU05DL0L":1771865493} 
[02/24/26, 01:51:38:892] info: [BOOT-QUEUE] T06AU05DL0L noversion-1771865498.176 client.userBoot is RESOLVED 
[02/24/26, 01:51:38:894] info: [BOOT] (T06AU05DL0L) Dispatching API data 
[02/24/26, 01:51:38:894] info: [BOOT] (T06AU05DL0L) Dispatching boot data 
[02/24/26, 01:51:38:908] info: [EMOJI_TRANSLATION] Emoji translations not needed for default locale, only adding keywords 
[02/24/26, 01:51:38:908] info: [API-Q] (T06AU05DL0L) c41692d8-1771865498.908 search.autocomplete.topEmojis called with reason: loadEmoji-maybeReloadEmoji-setModelData 
[02/24/26, 01:51:38:908] info: [API-Q] (T06AU05DL0L) c41692d8-1771865498.908 search.autocomplete.topEmojis is ENQUEUED 
[02/24/26, 01:51:38:909] info: [API-Q] (T06AU05DL0L) c41692d8-1771865498.909 links.getDomains called with reason: siws-get-domains 
[02/24/26, 01:51:38:909] info: [API-Q] (T06AU05DL0L) c41692d8-1771865498.909 links.getDomains is ENQUEUED 
[02/24/26, 01:51:38:910] info: [API-Q] (T06AU05DL0L) c41692d8-1771865498.908 search.autocomplete.topEmojis is ACTIVE 
[02/24/26, 01:51:38:911] info: [BOOT] (T06AU05DL0L) Dispatching initial api data for initial view 
[02/24/26, 01:51:38:918] info: [BOOT] (T06AU05DL0L) processing mutation timestamps for C06ARGB5GCS 
[02/24/26, 01:51:38:919] info: [PLATFORM-CHANNEL-ACTI] (T06AU05DL0L) Not updating count for channel C06ARGB5GCS, as count was already set to 0 
[02/24/26, 01:51:38:921] info: [NAVIGATION-MIDDLEWARE] Starting a new navigation middleware execution {"context":"client-boot","nextViewSet":{"sidebar":{"id":"ChannelList","viewType":"ChannelList"},"primary":{"id":"C06ARGB5GCS","viewType":"Channel"}},"middlewareCount":9} 
[02/24/26, 01:51:38:922] info: [BOOT] (T06AU05DL0L) Boot complete 
[02/24/26, 01:51:38:922] info: [DESKTOP-SIDE-EFFECT] (T06AU05DL0L) Reacting to  {"type":"[22] Set a value that represents whether we are currently in the boot phase","payload":false,"error":false} 
[02/24/26, 01:51:38:923] info: [SOCKET-MANAGER] (T06AU05DL0L) Changing from never_connected to prov_connect 
[02/24/26, 01:51:38:923] info: [SOCKET-MANAGER] (T06AU05DL0L) will stay in prov_connect state for up to 10000 ms 
[02/24/26, 01:51:38:924] info: [SOCKET-MANAGER] (T06AU05DL0L) Connecting with token ending: 074b 
[02/24/26, 01:51:38:924] info: [SOCKET-MANAGER] (T06AU05DL0L) Changing from prov_connect to prov_connecting 
[02/24/26, 01:51:38:924] info: [SOCKET-MANAGER] (T06AU05DL0L) will stay in prov_connecting state for up to 35000 ms 
[02/24/26, 01:51:38:924] info: [ENDPOINT-MANAGER] (T06AU05DL0L) No stale versions to clear. 
[02/24/26, 01:51:38:924] info: [ENDPOINT-MANAGER] (T06AU05DL0L) socketUrl - fetching endpoint 
[02/24/26, 01:51:38:924] info: [SOCKET-MANAGER-MIDDLE] (T06AU05DL0L) Initialized Socket Manager instance 
[02/24/26, 01:51:38:924] info: [NAVIGATION-MIDDLEWARE] Async action execution is complete for a view {"nextView":{"id":"ChannelList","viewType":"ChannelList"},"results":[["EnsureChannelHasParentTabMiddleware",false],["EnsureMessagesTabHasTabIdMiddleware",false],["RedirectFileChannel",false],["RedirectChannelCanvasToCanvas",false],["AttemptToSetSolutionsGalleryPref",false],["EnsureAppViewType",false],["CanvasSetScrollParam",false],["EnsureActivityInboxMiddleware",false],["EnsureSearchSidebarPrototypeMiddleware",false]],"shouldTerminateNavigation":false,"executionTime":3} 
[02/24/26, 01:51:38:925] info: [NAVIGATION-MIDDLEWARE] Finish middleware execution for sidebar container {"maybeTransformedViewSet":{"sidebar":{"id":"ChannelList","viewType":"ChannelList"},"primary":{"id":"C06ARGB5GCS","viewType":"Channel"}},"terminateNavigation":false,"isViewTransformed":false,"iterationCount":0,"executionTime":3.699999999254942} 
[02/24/26, 01:51:38:933] info: [EMOJI_TRANSLATION] Emoji translations not needed for default locale, only adding keywords 
[02/24/26, 01:51:38:934] info: [NAVIGATION-MIDDLEWARE] Async action execution is complete for a view {"nextView":{"id":"C06ARGB5GCS","viewType":"Channel"},"results":[["EnsureChannelHasParentTabMiddleware",false],["EnsureMessagesTabHasTabIdMiddleware",false],["RedirectFileChannel",false],["RedirectChannelCanvasToCanvas",false],["AttemptToSetSolutionsGalleryPref",false],["EnsureAppViewType",false],["CanvasSetScrollParam",false],["EnsureActivityInboxMiddleware",false],["EnsureSearchSidebarPrototypeMiddleware",false]],"shouldTerminateNavigation":false,"executionTime":8.399999998509884} 
[02/24/26, 01:51:38:934] info: [NAVIGATION-MIDDLEWARE] Finish middleware execution for primary container {"maybeTransformedViewSet":{"sidebar":{"id":"ChannelList","viewType":"ChannelList"},"primary":{"id":"C06ARGB5GCS","viewType":"Channel"}},"terminateNavigation":false,"isViewTransformed":false,"iterationCount":0,"executionTime":8.600000001490116} 
[02/24/26, 01:51:38:934] info: [NAVIGATION-MIDDLEWARE] Navigation middleware execution is complete {"maybeUpdatedViewSet":{"sidebar":{"id":"ChannelList","viewType":"ChannelList"},"primary":{"id":"C06ARGB5GCS","viewType":"Channel"}},"terminateNavigation":false,"executionTime":12.599999997764826} 
[02/24/26, 01:51:38:936] info: [BOOT] Fetching client.extras {"extras":["plan_info","salesforce_features"]} 
[02/24/26, 01:51:38:936] info: [API-Q] (T06AU05DL0L) c41692d8-1771865498.936 client.extras called with reason: fetch-client-extras 
[02/24/26, 01:51:38:936] info: [API-Q] (T06AU05DL0L) c41692d8-1771865498.936 client.extras is ENQUEUED 
[02/24/26, 01:51:38:936] info: [API-Q] (T06AU05DL0L) c41692d8-1771865498.936 drafts.list called with reason: client-v2-boot-team 
[02/24/26, 01:51:38:936] info: [API-Q] (T06AU05DL0L) c41692d8-1771865498.936 drafts.list is ENQUEUED 
[02/24/26, 01:51:38:936] info: [DRAFTS] (T06AU05DL0L) No local drafts - skipping fetch to purge inactive drafts 
[02/24/26, 01:51:38:939] info: [EMOJI_TRANSLATION] Emoji translations not needed for default locale, only adding keywords 
[02/24/26, 01:51:38:939] info: [API-Q] (T06AU05DL0L) c41692d8-1771865498.939 search.autocomplete.topEmojis called with reason: loadEmoji-maybeReloadEmoji-client-v2-boot-team 
[02/24/26, 01:51:38:939] info: [API-Q] (T06AU05DL0L) c41692d8-1771865498.939 search.autocomplete.topEmojis is ENQUEUED 
[02/24/26, 01:51:38:939] info: [API-Q] (T06AU05DL0L) c41692d8-1771865498.939 workflows.triggers.listRecentlyRunForUser called with reason: fetch_and_upsert_recently_run_triggers 
[02/24/26, 01:51:38:939] info: [API-Q] (T06AU05DL0L) c41692d8-1771865498.939 workflows.triggers.listRecentlyRunForUser is ENQUEUED 
[02/24/26, 01:51:38:940] info: [API-Q] (T06AU05DL0L) c41692d8-1771865498.939 functions.workflows.list called with reason: automations_gallery 
[02/24/26, 01:51:38:940] info: [API-Q] (T06AU05DL0L) c41692d8-1771865498.939 functions.workflows.list is ENQUEUED 
[02/24/26, 01:51:38:941] info: [API-Q] (T06AU05DL0L) c41692d8-1771865498.940 teams.trials.info called with reason: client-v2-boot-team 
[02/24/26, 01:51:38:941] info: [API-Q] (T06AU05DL0L) c41692d8-1771865498.940 teams.trials.info is ENQUEUED 
[02/24/26, 01:51:38:941] info: [API-Q] (T06AU05DL0L) c41692d8-1771865498.941 users.prefs.get called with reason: fetch-frecency-prefs 
[02/24/26, 01:51:38:941] info: [API-Q] (T06AU05DL0L) c41692d8-1771865498.941 users.prefs.get is ENQUEUED 
[02/24/26, 01:51:38:941] info: [API-Q] (T06AU05DL0L) c41692d8-1771865498.941 users.prefs.get called with reason: fetch-user-expectation-last-triggered-pref 
[02/24/26, 01:51:38:941] info: [API-Q] (T06AU05DL0L) c41692d8-1771865498.941 users.prefs.get is ENQUEUED 
[02/24/26, 01:51:38:941] info: [API-Q] (T06AU05DL0L) c41692d8-1771865498.941 users.priority.list called with reason: fetch-priority-users-on-boot-render 
[02/24/26, 01:51:38:941] info: [API-Q] (T06AU05DL0L) c41692d8-1771865498.941 users.priority.list is ENQUEUED 
[02/24/26, 01:51:38:942] info: [API-Q] (T06AU05DL0L) c41692d8-1771865498.942 activity.views called with reason: fetch-deferred-messaging-client-data 
[02/24/26, 01:51:38:942] info: [API-Q] (T06AU05DL0L) c41692d8-1771865498.942 activity.views is ENQUEUED 
[02/24/26, 01:51:38:943] info: [API-Q] (T06AU05DL0L) c41692d8-1771865498.943 aiApps.list called with reason: fetch-deferred-messaging-client-data 
[02/24/26, 01:51:38:943] info: [API-Q] (T06AU05DL0L) c41692d8-1771865498.943 aiApps.list is ENQUEUED 
[02/24/26, 01:51:38:944] info: [API-Q] (T06AU05DL0L) c41692d8-1771865498.943 calendar.getInstalledCalendars called with reason: calendar-get-installed-calendars 
[02/24/26, 01:51:38:944] info: [API-Q] (T06AU05DL0L) c41692d8-1771865498.943 calendar.getInstalledCalendars is ENQUEUED 
[02/24/26, 01:51:38:949] info: [NAVIGATE-LISTENERS] (T06AU05DL0L) Starting navigation listeners for triggerType CLIENT_MOUNT 
[02/24/26, 01:51:38:950] info: [NAVIGATE-LISTENERS] (T06AU05DL0L) Navigation listeners complete without errors 
[02/24/26, 01:51:38:951] info: [MIN-VERSION] Starting client min-version poll. 
[02/24/26, 01:51:38:955] info: [PERSIST] Purging persisted models, except for the following teamIds ["T06AU05DL0L","T08KF7TD5AN"] 
[02/24/26, 01:51:38:960] info: [CHECK-UNREADS] (T08KF7TD5AN) Checking unreads after workspace became focused 
[02/24/26, 01:51:38:962] info: [UFM-TEAMS] (T08KF7TD5AN) requesting T06AU05DL0L (1) 
[02/24/26, 01:51:38:962] info: [API-Q] (T08KF7TD5AN) c41692d8-1771865498.962 team.info called with reason: UnknownFetchManager 
[02/24/26, 01:51:38:962] info: [API-Q] (T08KF7TD5AN) c41692d8-1771865498.962 team.info is ENQUEUED 
[02/24/26, 01:51:38:963] info: [GS_REQUEST] (T06AU05DL0L) received a user_subscribe_request call while we are not connected; deferring 
[02/24/26, 01:51:38:963] info: [API-Q] (T06AU05DL0L) c41692d8-1771865498.963 api.getFlannelHttpUrl called with reason: client-needs-valid-flannel-url 
[02/24/26, 01:51:38:963] info: [API-Q] (T06AU05DL0L) c41692d8-1771865498.963 api.getFlannelHttpUrl is ENQUEUED 
[02/24/26, 01:51:38:964] info: Store: STORE_USER_WORKSPACES {
  "userTeamId": "T06AU05DL0L",
  "workspaceIds": [
    "T06AU05DL0L"
  ]
} 
[02/24/26, 01:51:38:964] info: [UFM-PERMISSIONS] (T06AU05DL0L) requesting READ_AUDIT_LOGS,ARCHIVE_CHANNEL,CONVERT_MPDM_TO_PRIVATE,CREATE_PRIVATE_CHANNEL,CREATE_PUBLIC_CHANNEL,EDIT_CHANNEL_WORKSPACES,CAN_AT_CHANNEL,VIEW_OVERVIEW_ANALYTICS,VIEW_WORKSPACE_ANALYTICS,VIEW_MEMBER_ANALYTICS,VIEW_ORG_WIDE_CHANNEL_ANALYTICS,VIEW_HUDDLE_ANALYTICS,VIEW_CLIP_ANALYTICS,VIEW_APP_ANALYTICS,VIEW_CHANNEL_ANALYTICS,VIEW_AI_ANALYTICS,VIEW_CANVAS_ANALYTICS,VIEW_WORKFLOW_ANALYTICS,VIEW_LIST_ANALYTICS,VIEW_TOP_LEVEL_WORKFLOWS,ADD_COLLABORATOR_TO_ANY_WORKFLOW,UNPUBLISH_ANY_WORKFLOW,CREATE_WORKFLOWS,CREATE_CANVAS_TEMPLATES,PUBLISH_CANVAS_ORG_TEMPLATES,MANAGE_SALES_HOME,MANAGE_SALES_HOME_DATA_SOURCE,ADD_CUSTOM_EMOJI,DELETE_CUSTOM_EMOJI,EDIT_SLACKBOT_RESPONSES,UPDATE_NAME,UPDATE_DISPLAY_NAME,EDIT_PROFILE_PHOTO,ACCEPT_SLACK_CONNECT_INVITES,MANAGE_SLACK_CONNECT,CREATE_SLACK_CONNECT_DM,VIEW_APP_REQUESTS,MANAGE_AAA_AUTOMATION_RULES,MANAGE_SCOPE_RATINGS,VIEW_INSTALLED_APPS,MANAGE_ORG_LEVEL_APP_APPROVAL,VIEW_APPROVED_APPS,VIEW_RESTRICTED_APPS,ADD_ORG_APPS_TO_WORKSPACES,REMOVE_ORG_APPS_FROM_WORKSPACES,VIEW_DEPRECATIONS,MANAGE_WORKFLOW_CONNECTORS,MANAGE_WORKFLOW_TRIGGERS,CREATE_SOLUTION_TEMPLATE,PUBLISH_SOLUTION_TEMPLATE,MANAGE_SOLUTION_TEMPLATE,CREATE_LIST_TEMPLATE,CREATE_USER_GROUPS,EDIT_USER_GROUPS,DELETE_USER_GROUPS,ACCESS_SLACK_AI_CHANNEL_THREAD_SUMMARIES,ACCESS_SLACK_AI_ACTION_ITEMS,ACCESS_SLACK_AI_DETAILED_FEEDBACK,ACCESS_SLACK_AI_FILE_SUMMARIES,ACCESS_SLACK_AI_HUDDLE_SUMMARIES,ACCESS_SLACK_AI_RECAP,ACCESS_SLACK_AI_SEARCH,ACCESS_SLACK_AI_STEPS_IN_WORKFLOW,ACCESS_SLACK_AI_TRANSLATIONS,ACCESS_SLACK_AI_WORKFLOW_BUILDER,ACCESS_SLACK_AI_RECORD_CHANNEL_DIGEST,ACCESS_SLACK_AI_DEVELOPMENT,ACCESS_SLACK_AI_EXPLAIN,ACCESS_SLACK_AI_CANVAS,ACCESS_SLACK_AI_SLACKBOT,ACCESS_SLACK_AI_FILTERS,ACCESS_SLACK_AI_SALESFORCE_CSV_MAPPER,ACCESS_SLACK_AI_SUGGESTED_SECTIONS,ACCESS_ENTERPRISE_SEARCH,CAN_MANAGE_XWS_CHANNELS,CREATE_AND_EDIT_ORG_USER_GROUPS,EDIT_ORG_USER_GROUPS,DELETE_ORG_USER_GROUPS (1) 
[02/24/26, 01:51:38:964] info: [API-Q] (T06AU05DL0L) c41692d8-1771865498.964 slackAi.permissions.getForUser called with reason: fetch-slack-ai-permissions 
[02/24/26, 01:51:38:964] info: [API-Q] (T06AU05DL0L) c41692d8-1771865498.964 slackAi.permissions.getForUser is ENQUEUED 
[02/24/26, 01:51:38:965] info: [OBJECT-STORE] attempting to delete shards [] 
[02/24/26, 01:51:38:969] info: [API-Q] (T08KF7TD5AN) c41692d8-1771865498.000 help.issues.ticketStats is RESOLVED 
[02/24/26, 01:51:38:969] info: [API-Q] (T08KF7TD5AN) c41692d8-1771865498.962 team.info is ACTIVE 
[02/24/26, 01:51:38:971] info: Store: SELECTION_CHANGED T08KF7TD5AN 
[02/24/26, 01:51:38:971] info: [PERSIST] Purged persisted models [] 
[02/24/26, 01:51:38:973] info: [BOOT] Client boot completed 
[02/24/26, 01:51:38:978] info: [SIGNAL-TO-DESKTOP] (T08KF7TD5AN) Attempted boot for all workspaces, signaling desktop 
[02/24/26, 01:51:38:987] info: [RTM-EVENT-METRICS] Metrics collection sampling has been reset. 
[02/24/26, 01:51:38:988] warn: SERVICE-WORKER Found existing value for https://slack.com/fake-url-for-service-worker-item-storage/locales; Will overwrite value. 
[02/24/26, 01:51:38:988] info: [SERVICE-WORKER] Writing (["en-US"]) to Service Worker with key https://slack.com/fake-url-for-service-worker-item-storage/locales. 
[02/24/26, 01:51:38:988] info: Store: SYNC Synced 2 workspaces with IDs [T08KF7TD5AN,T06AU05DL0L] 
[02/24/26, 01:51:38:989] info: [API-Q] (T08KF7TD5AN) c41692d8-1771865498.001 dnd.info is RESOLVED 
[02/24/26, 01:51:38:989] info: [API-Q] (T08KF7TD5AN) noversion-1771865498.764 Flannel users/info is ACTIVE 
[02/24/26, 01:51:38:990] info: Store: UPSERT_WEB_CONTENTS {
  "id": 1,
  "state": "webapp-loaded"
} 
[02/24/26, 01:51:38:991] info: Store: RECORD_PERFORMANCE_TIMING {
  "phase": 3,
  "interval": 4683
} 
[02/24/26, 01:51:38:991] info: Store: UPSERT_WEB_CONTENTS {
  "id": 1,
  "state": "webapp-loaded"
} 
[02/24/26, 01:51:38:991] info: [DND] (T08KF7TD5AN) Fetched DND info for the following member: U08KG48A77W 
[02/24/26, 01:51:38:993] info: [DND_V2] (T08KF7TD5AN) Not setting a timer as all schedules are stale 
[02/24/26, 01:51:38:998] info: [DND_V2] (T08KF7TD5AN) fetchAndUpsertDndForUsers - Preparing to fetch DND times for the following members: U08KG4A5084,U08KG4ALBD2,U08KF7TD5DG 
[02/24/26, 01:51:38:998] info: [API-Q] (T08KF7TD5AN) c41692d8-1771865498.998 dnd.teamInfo called with reason: fetchAndUpsertDndForUsers-getDndTimesFor:others 
[02/24/26, 01:51:38:998] info: [API-Q] (T08KF7TD5AN) c41692d8-1771865498.998 dnd.teamInfo is ENQUEUED 
[02/24/26, 01:51:39:001] info: [SERVICE-WORKER] registration success {} 
[02/24/26, 01:51:39:001] info: [SERVICE-WORKER-STATE] initial activated 
[02/24/26, 01:51:39:004] info: [API-Q] (T08KF7TD5AN) c41692d8-1771865498.001 team.targetingCriteria is RESOLVED 
[02/24/26, 01:51:39:005] info: [API-Q] (T08KF7TD5AN) noversion-1771865498.764 Flannel users/info is ACTIVE 
[02/24/26, 01:51:39:026] info: [API-Q] (T08KF7TD5AN) noversion-1771865499.024 Flannel channels/info called with reason: flannel-call:channels/info 
[02/24/26, 01:51:39:026] info: [API-Q] (T08KF7TD5AN) noversion-1771865499.024 Flannel channels/info is ENQUEUED 
[02/24/26, 01:51:39:041] info: [PERSIST] (T08KF7TD5AN) Successfully persisted state 
[02/24/26, 01:51:39:057] info: [API-Q] (T08KF7TD5AN) c41692d8-1771865498.028 conversations.info is RESOLVED 
[02/24/26, 01:51:39:058] info: [API-Q] (T08KF7TD5AN) noversion-1771865499.024 Flannel channels/info is ACTIVE 
[02/24/26, 01:51:39:058] info: [UFM] (T08KF7TD5AN) received C08KG4B9STE (1) 
[02/24/26, 01:51:39:125] info: [API-Q] (T08KF7TD5AN) c41692d8-1771865498.250 subscriptions.thread.get is RESOLVED 
[02/24/26, 01:51:39:126] info: [API-Q] (T08KF7TD5AN) c41692d8-1771865498.358 workflows.triggers.list is ACTIVE 
[02/24/26, 01:51:39:126] info: [UFM] (T08KF7TD5AN) received C08KG4B9STE-1771155002.751219 (1) 
[02/24/26, 01:51:39:141] info: [API-Q] (T08KF7TD5AN) noversion-1771865499.140 Flannel users/counts called with reason: flannel-call:users/counts 
[02/24/26, 01:51:39:141] info: [API-Q] (T08KF7TD5AN) noversion-1771865499.140 Flannel users/counts is ENQUEUED 
[02/24/26, 01:51:39:154] info: [API-Q] (T08KF7TD5AN) c41692d8-1771865498.285 sharedInvites.canGetLink is RESOLVED 
[02/24/26, 01:51:39:154] info: [API-Q] (T08KF7TD5AN) noversion-1771865499.140 Flannel users/counts is ACTIVE 
[02/24/26, 01:51:39:172] info: [API-Q] (T08KF7TD5AN) c41692d8-1771865498.266 messages.list is RESOLVED 
[02/24/26, 01:51:39:173] info: [API-Q] (T08KF7TD5AN) c41692d8-1771865498.815 users.customStatus.list is ACTIVE 
[02/24/26, 01:51:39:174] info: [UFM-MESSAGES] (T08KF7TD5AN) received C08KG4B9STE-1771155002.751219 (1) 
[02/24/26, 01:51:39:191] info: [API-Q] (T08KF7TD5AN) c41692d8-1771865498.287 conversations.replies is RESOLVED 
[02/24/26, 01:51:39:192] info: [API-Q] (T08KF7TD5AN) c41692d8-1771865498.817 client.counts is ACTIVE 
[02/24/26, 01:51:39:378] info: [API-Q] (T08KF7TD5AN) noversion-1771865499.378 Flannel users/list called with reason: flannel-call:users/list 
[02/24/26, 01:51:39:378] info: [API-Q] (T08KF7TD5AN) noversion-1771865499.378 Flannel users/list is ENQUEUED 
[02/24/26, 01:51:39:384] info: [API-Q] (T08KF7TD5AN) c41692d8-1771865499.384 saved.list called with reason: saved-api/savedList 
[02/24/26, 01:51:39:384] info: [API-Q] (T08KF7TD5AN) c41692d8-1771865499.384 saved.list is ENQUEUED 
[02/24/26, 01:51:39:386] info: [UFM-PERMISSIONS] (T08KF7TD5AN) requesting ASSIGN_CHANNEL_MANAGER (1) 
[02/24/26, 01:51:39:386] info: [API-Q] (T08KF7TD5AN) noversion-1771865499.386 Flannel permissions/info called with reason: flannel-call:permissions/info 
[02/24/26, 01:51:39:386] info: [API-Q] (T08KF7TD5AN) noversion-1771865499.386 Flannel permissions/info is ENQUEUED 
[02/24/26, 01:51:39:388] info: [API-Q] (T08KF7TD5AN) c41692d8-1771865499.388 conversations.listPrefs called with reason: client_redux_store 
[02/24/26, 01:51:39:388] info: [API-Q] (T08KF7TD5AN) c41692d8-1771865499.388 conversations.listPrefs is ENQUEUED 
[02/24/26, 01:51:39:389] info: [API-Q] (T06AU05DL0L) c41692d8-1771865498.908 search.autocomplete.topEmojis is RESOLVED 
[02/24/26, 01:51:39:389] info: [API-Q] (T06AU05DL0L) c41692d8-1771865498.963 api.getFlannelHttpUrl is ACTIVE 
[02/24/26, 01:51:39:395] info: [ENDPOINT-MANAGER] (T06AU05DL0L) socketUrl - got endpoint 
[02/24/26, 01:51:39:404] info: [API-Q] (T08KF7TD5AN) c41692d8-1771865498.962 team.info is RESOLVED 
[02/24/26, 01:51:39:404] info: [API-Q] (T08KF7TD5AN) noversion-1771865499.386 Flannel permissions/info is ACTIVE 
[02/24/26, 01:51:39:409] info: [API-Q] (T08KF7TD5AN) noversion-1771865498.765 Flannel huddles/info is RESOLVED 
[02/24/26, 01:51:39:410] info: [API-Q] (T08KF7TD5AN) noversion-1771865499.378 Flannel users/list is ACTIVE 
[02/24/26, 01:51:39:410] info: [API-Q] (T08KF7TD5AN) noversion-1771865499.024 Flannel channels/info is RESOLVED 
[02/24/26, 01:51:39:411] info: [API-Q] (T08KF7TD5AN) c41692d8-1771865498.819 sfdc.integration.listOrgs is ACTIVE 
[02/24/26, 01:51:39:411] info: [UFM-TEAMS] (T08KF7TD5AN) received T06AU05DL0L (1) 
[02/24/26, 01:51:39:415] info: [UFM] (T08KF7TD5AN) received C08KG4B9STE (1) 
[02/24/26, 01:51:39:429] info: [UFM] (T08KF7TD5AN) requesting C08NUNA47H6,C08NUNB3M1N,D08KAB9CCVB,D08KG4AU4J0,D08KG48L8BE,D08KG48JDNG (1) 
[02/24/26, 01:51:39:429] info: [API-Q] (T08KF7TD5AN) noversion-1771865499.429 Flannel huddles/info called with reason: flannel-call:huddles/info 
[02/24/26, 01:51:39:429] info: [API-Q] (T08KF7TD5AN) noversion-1771865499.429 Flannel huddles/info is ENQUEUED 
[02/24/26, 01:51:39:435] info: [API-Q] (T08KF7TD5AN) noversion-1771865498.765 Flannel permissions/info is RESOLVED 
[02/24/26, 01:51:39:436] info: [API-Q] (T08KF7TD5AN) noversion-1771865499.429 Flannel huddles/info is ACTIVE 
[02/24/26, 01:51:39:436] info: [UFM-PERMISSIONS] (T08KF7TD5AN) received ACCESS_SLACK_AI_SLACKBOT,ACCESS_SLACK_AI_SEARCH,ACCESS_SLACK_AI_FILTERS,CREATE_PUBLIC_CHANNEL,CREATE_PRIVATE_CHANNEL,ACCESS_SLACK_AI_HUDDLE_SUMMARIES,ACCESS_SLACK_AI_RECAP,ACCESS_SLACK_AI_CHANNEL_THREAD_SUMMARIES,ACCESS_SLACK_AI_FILE_SUMMARIES,VIEW_TOP_LEVEL_WORKFLOWS,ADD_GUEST_USER_TO_WORKSPACE,ADD_FULL_USER_TO_WORKSPACE,REMOVE_GUEST_USER_FROM_WORKSPACE,REMOVE_FULL_USER_FROM_WORKSPACE,CONVERT_TO_GUEST,CONVERT_TO_MEMBER,READ_LEGAL_HOLDS,WRITE_LEGAL_HOLDS,READ_AUDIT_LOGS,ARCHIVE_CHANNEL,CONVERT_MPDM_TO_PRIVATE,EDIT_CHANNEL_WORKSPACES,CAN_AT_CHANNEL,VIEW_OVERVIEW_ANALYTICS,VIEW_WORKSPACE_ANALYTICS,VIEW_MEMBER_ANALYTICS,VIEW_ORG_WIDE_CHANNEL_ANALYTICS,VIEW_HUDDLE_ANALYTICS,VIEW_CLIP_ANALYTICS,VIEW_APP_ANALYTICS,VIEW_CHANNEL_ANALYTICS,VIEW_AI_ANALYTICS,VIEW_CANVAS_ANALYTICS,VIEW_WORKFLOW_ANALYTICS,VIEW_LIST_ANALYTICS,ADD_COLLABORATOR_TO_ANY_WORKFLOW,UNPUBLISH_ANY_WORKFLOW,CREATE_WORKFLOWS,CREATE_CANVAS_TEMPLATES,PUBLISH_CANVAS_ORG_TEMPLATES,MANAGE_SALES_HOME,MANAGE_SALES_HOME_DATA_SOURCE,ADD_CUSTOM_EMOJI,DELETE_CUSTOM_EMOJI,EDIT_SLACKBOT_RESPONSES,UPDATE_NAME,UPDATE_DISPLAY_NAME,EDIT_PROFILE_PHOTO,ACCEPT_SLACK_CONNECT_INVITES,MANAGE_SLACK_CONNECT,CREATE_SLACK_CONNECT_DM,VIEW_APP_REQUESTS,MANAGE_AAA_AUTOMATION_RULES,MANAGE_SCOPE_RATINGS,VIEW_INSTALLED_APPS,MANAGE_ORG_LEVEL_APP_APPROVAL,VIEW_APPROVED_APPS,VIEW_RESTRICTED_APPS,ADD_ORG_APPS_TO_WORKSPACES,REMOVE_ORG_APPS_FROM_WORKSPACES,VIEW_DEPRECATIONS,MANAGE_WORKFLOW_CONNECTORS,MANAGE_WORKFLOW_TRIGGERS,CREATE_SOLUTION_TEMPLATE,PUBLISH_SOLUTION_TEMPLATE,MANAGE_SOLUTION_TEMPLATE,CREATE_LIST_TEMPLATE,CREATE_USER_GROUPS,EDIT_USER_GROUPS,DELETE_USER_GROUPS,ACCESS_SLACK_AI_ACTION_ITEMS,ACCESS_SLACK_AI_DETAILED_FEEDBACK,ACCESS_SLACK_AI_STEPS_IN_WORKFLOW,ACCESS_SLACK_AI_TRANSLATIONS,ACCESS_SLACK_AI_WORKFLOW_BUILDER,ACCESS_SLACK_AI_RECORD_CHANNEL_DIGEST,ACCESS_SLACK_AI_DEVELOPMENT,ACCESS_SLACK_AI_EXPLAIN,ACCESS_SLACK_AI_CANVAS,ACCESS_SLACK_AI_SALESFORCE_CSV_MAPPER,ACCESS_SLACK_AI_SUGGESTED_SECTIONS,ACCESS_ENTERPRISE_SEARCH,CAN_MANAGE_XWS_CHANNELS,CREATE_AND_EDIT_ORG_USER_GROUPS,EDIT_ORG_USER_GROUPS,DELETE_ORG_USER_GROUPS (1) 
[02/24/26, 01:51:39:438] info: [UFM-PERMISSIONS] (T08KF7TD5AN) requesting REVIEW_FLAGGED_CONTENT,LOCK_THREADS (1) 
[02/24/26, 01:51:39:438] info: [API-Q] (T08KF7TD5AN) noversion-1771865499.438 Flannel permissions/info called with reason: flannel-call:permissions/info 
[02/24/26, 01:51:39:438] info: [API-Q] (T08KF7TD5AN) noversion-1771865499.438 Flannel permissions/info is ENQUEUED 
[02/24/26, 01:51:39:488] info: [API-Q] (T08KF7TD5AN) noversion-1771865499.386 Flannel permissions/info is RESOLVED 
[02/24/26, 01:51:39:488] info: [API-Q] (T08KF7TD5AN) noversion-1771865499.438 Flannel permissions/info is ACTIVE 
[02/24/26, 01:51:39:489] info: [UFM-PERMISSIONS] (T08KF7TD5AN) received ASSIGN_CHANNEL_MANAGER (1) 
[02/24/26, 01:51:39:538] info: [API-Q] (T08KF7TD5AN) noversion-1771865499.429 Flannel huddles/info is RESOLVED 
[02/24/26, 01:51:39:538] info: [API-Q] (T08KF7TD5AN) c41692d8-1771865498.998 dnd.teamInfo is ACTIVE 
[02/24/26, 01:51:39:538] info: [UFM] (T08KF7TD5AN) received C08NUNA47H6,C08NUNB3M1N,D08KAB9CCVB,D08KG4AU4J0,D08KG48L8BE,D08KG48JDNG (1) 
[02/24/26, 01:51:39:541] info: [API-Q] (T08KF7TD5AN) c41692d8-1771865498.358 workflows.triggers.list is RESOLVED 
[02/24/26, 01:51:39:542] info: [API-Q] (T08KF7TD5AN) c41692d8-1771865499.384 saved.list is ACTIVE 
[02/24/26, 01:51:39:544] info: [API-Q] (T08KF7TD5AN) noversion-1771865499.140 Flannel users/counts is RESOLVED 
[02/24/26, 01:51:39:544] info: [API-Q] (T08KF7TD5AN) c41692d8-1771865499.388 conversations.listPrefs is ACTIVE 
[02/24/26, 01:51:39:565] info: [API-Q] (T08KF7TD5AN) c41692d8-1771865498.815 users.customStatus.list is RESOLVED 
[02/24/26, 01:51:39:567] info: [API-Q] (T08KF7TD5AN) noversion-1771865499.438 Flannel permissions/info is RESOLVED 
[02/24/26, 01:51:39:567] info: [UFM-PERMISSIONS] (T08KF7TD5AN) received REVIEW_FLAGGED_CONTENT,LOCK_THREADS (1) 
[02/24/26, 01:51:39:612] info: [API-Q] (T08KF7TD5AN) c41692d8-1771865498.817 client.counts is RESOLVED 
[02/24/26, 01:51:39:614] info: [COUNTS] (T08KF7TD5AN) Applying counts to channels. wasLastConnectFast: false isConnected: true applying: 13 out of total: 13 
[02/24/26, 01:51:39:616] info: [COUNTS] (T08KF7TD5AN) Threads has_unreads:false mention_count:0 
[02/24/26, 01:51:39:617] info: [DESKTOP-MIDDLEWARE] (T08KF7TD5AN) Forwarding redux payload to desktop ["unreads"] 
[02/24/26, 01:51:39:618] info: [COUNTS] (T08KF7TD5AN) Completed counts processing 
[02/24/26, 01:51:39:665] info: [API-Q] (T08KF7TD5AN) noversion-1771865499.664 Flannel channels/info called with reason: flannel-call:channels/info 
[02/24/26, 01:51:39:665] info: [API-Q] (T08KF7TD5AN) noversion-1771865499.664 Flannel channels/info is ENQUEUED 
[02/24/26, 01:51:39:665] info: [API-Q] (T08KF7TD5AN) noversion-1771865499.664 Flannel channels/info is ACTIVE 
[02/24/26, 01:51:39:665] info: Store: REDUX_UPDATE_FROM_WEBAPP (T08KF7TD5AN) Changed keys [unreads] 
[02/24/26, 01:51:39:699] info: [API-Q] (T08KF7TD5AN) noversion-1771865498.764 Flannel users/info is RESOLVED 
[02/24/26, 01:51:39:707] info: [API-Q] (T08KF7TD5AN) noversion-1771865499.378 Flannel users/list is RESOLVED 
[02/24/26, 01:51:39:708] info: [API-Q] (T08KF7TD5AN) noversion-1771865498.764 Flannel users/info is RESOLVED 
[02/24/26, 01:51:39:711] info: [UFM-MEMBERS] (T08KF7TD5AN) received U08KG4A5084,USLACKBOT,U08KF7TD5DG,U08KG475GLC,U08KG4ALBD2 (1) 
[02/24/26, 01:51:39:722] info: [API-Q] (T08KF7TD5AN) noversion-1771865499.721 Flannel users/info called with reason: flannel-call:users/info 
[02/24/26, 01:51:39:722] info: [API-Q] (T08KF7TD5AN) noversion-1771865499.721 Flannel users/info is ENQUEUED 
[02/24/26, 01:51:39:722] info: [API-Q] (T08KF7TD5AN) noversion-1771865499.721 Flannel users/info is ACTIVE 
[02/24/26, 01:51:39:788] info: [API-Q] (T06AU05DL0L) c41692d8-1771865498.963 api.getFlannelHttpUrl is RESOLVED 
[02/24/26, 01:51:39:788] info: [API-Q] (T06AU05DL0L) c41692d8-1771865498.941 users.prefs.get is ACTIVE 
[02/24/26, 01:51:39:789] info: [API-Q] (T06AU05DL0L) noversion-1771865499.789 Flannel users/info called with reason: flannel-call:users/info 
[02/24/26, 01:51:39:789] info: [API-Q] (T06AU05DL0L) noversion-1771865499.789 Flannel users/info is ENQUEUED 
[02/24/26, 01:51:39:789] info: [API-Q] (T06AU05DL0L) noversion-1771865499.789 Flannel permissions/info called with reason: flannel-call:permissions/info 
[02/24/26, 01:51:39:789] info: [API-Q] (T06AU05DL0L) noversion-1771865499.789 Flannel permissions/info is ENQUEUED 
[02/24/26, 01:51:39:797] info: [API-Q] (T08KF7TD5AN) noversion-1771865499.721 Flannel users/info is RESOLVED 
[02/24/26, 01:51:39:805] info: [PERSIST] (T06AU05DL0L) Successfully persisted state 
[02/24/26, 01:51:39:822] info: [API-Q] (T08KF7TD5AN) c41692d8-1771865498.819 sfdc.integration.listOrgs is RESOLVED 
[02/24/26, 01:51:39:937] info: [API-Q] (T08KF7TD5AN) c41692d8-1771865499.936 client.dms called with reason: dms-tab-populate 
[02/24/26, 01:51:39:937] info: [API-Q] (T08KF7TD5AN) c41692d8-1771865499.936 client.dms is ENQUEUED 
[02/24/26, 01:51:39:938] info: [API-Q] (T08KF7TD5AN) c41692d8-1771865499.936 client.dms is ACTIVE 
[02/24/26, 01:51:39:940] info: [SOCKET-MANAGER] (T06AU05DL0L) Changing from prov_connecting to prov_connected 
[02/24/26, 01:51:39:940] info: [SOCKET-MANAGER] (T06AU05DL0L) will stay in prov_connected state for up to 60000 ms 
[02/24/26, 01:51:39:942] info: [SOCKET-MANAGER] (T06AU05DL0L) Changing from prov_connected to prov_finalize 
[02/24/26, 01:51:39:942] info: [SOCKET-MANAGER] (T06AU05DL0L) will stay in prov_finalize state for up to 10000 ms 
[02/24/26, 01:51:39:942] info: [SOCKET-MANAGER] (T06AU05DL0L) Changing from prov_finalize to prov_finalizing 
[02/24/26, 01:51:39:942] info: [SOCKET-MANAGER] (T06AU05DL0L) will stay in prov_finalizing state for up to 10000 ms 
[02/24/26, 01:51:39:942] info: [SOCKET-MANAGER] (T06AU05DL0L) Changing from prov_finalizing to connected 
[02/24/26, 01:51:39:942] info: [SOCKET-MANAGER] (T06AU05DL0L) will stay in connected state for up to Infinity ms 
[02/24/26, 01:51:39:942] info: [SOCKET-MANAGER] (T06AU05DL0L) Connected to primary region 
[02/24/26, 01:51:39:943] info: [GS_REQUEST] (T06AU05DL0L) connected and trouble free! Continuing deferred user_subscribe_request call 
[02/24/26, 01:51:39:943] info: [EVENTLOG] (T06AU05DL0L) fr=false, lc=false, lt=1771203817.000400 
[02/24/26, 01:51:39:943] info: [EVENTLOG] (T06AU05DL0L) fetching events since 1771203817.000400 (661683 seconds ago) 
[02/24/26, 01:51:39:944] info: [API-Q] (T06AU05DL0L) c41692d8-1771865499.944 ublockworkaround.history called with reason: onSocketConnected 
[02/24/26, 01:51:39:944] info: [API-Q] (T06AU05DL0L) c41692d8-1771865499.944 ublockworkaround.history is ENQUEUED 
[02/24/26, 01:51:39:944] info: [MESSAGE-HISTORY] (T06AU05DL0L) Resetting reachedEnd 
[02/24/26, 01:51:39:945] info: [API-Q] (T06AU05DL0L) c41692d8-1771865499.944 users.customStatus.list called with reason: fetchCustomStatusOnReconnect 
[02/24/26, 01:51:39:945] info: [API-Q] (T06AU05DL0L) c41692d8-1771865499.944 users.customStatus.list is ENQUEUED 
[02/24/26, 01:51:39:945] info: [UNREAD-COUNTS] (T06AU05DL0L) Fetching counts 
[02/24/26, 01:51:39:945] info: [API-Q] (T06AU05DL0L) c41692d8-1771865499.945 client.counts called with reason: fetchClientCountsOnConnect 
[02/24/26, 01:51:39:945] info: [API-Q] (T06AU05DL0L) c41692d8-1771865499.945 client.counts is ENQUEUED 
[02/24/26, 01:51:39:946] info: [API-Q] (T06AU05DL0L) c41692d8-1771865499.946 sfdc.integration.listOrgs called with reason: fetch-orgs-and-sign-in-silently-v2 
[02/24/26, 01:51:39:946] info: [API-Q] (T06AU05DL0L) c41692d8-1771865499.946 sfdc.integration.listOrgs is ENQUEUED 
[02/24/26, 01:51:39:946] info: [PRESENCE_PROMPT] (T06AU05DL0L) ignoring prompt due to presence (active) 
[02/24/26, 01:51:39:947] info: [API-Q] (T08KF7TD5AN) c41692d8-1771865499.388 conversations.listPrefs is RESOLVED 
[02/24/26, 01:51:39:950] info: [API-Q] (T08KF7TD5AN) noversion-1771865499.950 Flannel channels/membership called with reason: flannel-call:channels/membership 
[02/24/26, 01:51:39:951] info: [API-Q] (T08KF7TD5AN) noversion-1771865499.950 Flannel channels/membership is ENQUEUED 
[02/24/26, 01:51:39:951] info: [API-Q] (T08KF7TD5AN) noversion-1771865499.950 Flannel channels/membership is ACTIVE 
[02/24/26, 01:51:39:970] info: [API-Q] (T08KF7TD5AN) c41692d8-1771865498.998 dnd.teamInfo is RESOLVED 
[02/24/26, 01:51:39:971] info: [API-Q] (T08KF7TD5AN) c41692d8-1771865499.384 saved.list is RESOLVED 
[02/24/26, 01:51:39:972] info: [DND] (T08KF7TD5AN) Fetched DND info for the following members: U08KG4A5084,U08KG4ALBD2,U08KF7TD5DG 
[02/24/26, 01:51:39:973] info: [DND_V2] (T08KF7TD5AN) Will check for changes in DND status again in 5 minutes 
[02/24/26, 01:51:39:987] info: Store: EXTEND_MENU T08KF7TD5AN: menucategory-file,menucategory-view,menucategory-edit,menucategory-help,menucategory-history 
[02/24/26, 01:51:40:030] info: [API-Q] (T08KF7TD5AN) noversion-1771865499.950 Flannel channels/membership is RESOLVED 
[02/24/26, 01:51:40:116] info: [ROUTES] [92bd1756] [ROUTE_DEFAULT] navigateToRoute called with reason team-sidebar/selectTeam 
[02/24/26, 01:51:40:116] info: [ROUTES] [92bd1756] [ROUTE_DEFAULT] [XWS] teamId param passed in USER_TEAM context T06AU05DL0L 
[02/24/26, 01:51:40:116] info: [ROUTES] [92bd1756] [ROUTE_DEFAULT] Attempting to navigate to new route {"teamOrEnterpriseId":"T06AU05DL0L"} 
[02/24/26, 01:51:40:116] info: [ROUTES] [92bd1756] [ROUTE_DEFAULT] About to run notifyRouteWillNavigateListeners to determine shouldNavigate 
[02/24/26, 01:51:40:116] info: [ROUTES] [4d7b31c7] [ROUTE_ENTITY] navigateToRoute called with reason navigateToLastSavedRoute 
[02/24/26, 01:51:40:117] info: [ROUTES] [4d7b31c7] [ROUTE_ENTITY] [XWS] teamId param passed in USER_TEAM context T06AU05DL0L 
[02/24/26, 01:51:40:117] info: [ROUTES] [4d7b31c7] [ROUTE_ENTITY] Attempting to navigate to new route {"teamOrEnterpriseId":"T06AU05DL0L","entityId":"C06ARGB5GCS"} 
[02/24/26, 01:51:40:117] info: [ROUTES] [4d7b31c7] [ROUTE_ENTITY] About to run notifyRouteWillNavigateListeners to determine shouldNavigate 
[02/24/26, 01:51:40:121] info: [ROUTES] [4d7b31c7] [ROUTE_ENTITY] notifyRouteWillNavigateListeners finished, shouldNavigate is true 
[02/24/26, 01:51:40:124] info: [NAVIGATE-LISTENERS] (T06AU05DL0L) Starting navigation listeners for triggerType TEAM_SWITCH 
[02/24/26, 01:51:40:124] info: [API-Q] (T06AU05DL0L) c41692d8-1771865500.123 megaphone.notifications.list called with reason: nav-boot 
[02/24/26, 01:51:40:124] info: [API-Q] (T06AU05DL0L) c41692d8-1771865500.123 megaphone.notifications.list is ENQUEUED 
[02/24/26, 01:51:40:125] info: [API-Q] (T06AU05DL0L) c41692d8-1771865500.124 megaphone.notifications.list called with reason: nav-boot 
[02/24/26, 01:51:40:125] info: [API-Q] (T06AU05DL0L) c41692d8-1771865500.124 megaphone.notifications.list is ENQUEUED 
[02/24/26, 01:51:40:125] info: [NAVIGATE-LISTENERS] (T06AU05DL0L) Navigation listeners complete without errors 
[02/24/26, 01:51:40:127] info: [HISTORY-NAVIGATION] Adding route to the history stack 
[02/24/26, 01:51:40:127] info: [ROUTES] [4d7b31c7] [ROUTE_ENTITY] Navigated to new route 
[02/24/26, 01:51:40:131] info: [WORKSPACE-FOCUS] Setting reducedSignInWorkflowExperiment object in local storage. teamId: T06AU05DL0L, enterpriseId: undefined, isOn: true 
[02/24/26, 01:51:40:133] info: [EMOJI_TRANSLATION] Emoji translations not needed for default locale, only adding keywords 
[02/24/26, 01:51:40:242] info: [DRAFTS] (T06AU05DL0L) There are no channels with drafts 
[02/24/26, 01:51:40:242] info: [API-Q] (T06AU05DL0L) c41692d8-1771865500.242 sharedInvites.canGetLink called with reason: sidebar-mount 
[02/24/26, 01:51:40:242] info: [API-Q] (T06AU05DL0L) c41692d8-1771865500.242 sharedInvites.canGetLink is ENQUEUED 
[02/24/26, 01:51:40:256] info: [COUNTS] (T06AU05DL0L) dmsBadgeCount: 0 
[02/24/26, 01:51:40:256] info: [COUNTS] (T06AU05DL0L) activityBadgeCount: 0 
[02/24/26, 01:51:40:257] info: [API-Q] (T06AU05DL0L) c41692d8-1771865500.257 users.interactions.list called with reason: ai_workspace_resource_tab_coachmark 
[02/24/26, 01:51:40:258] info: [API-Q] (T06AU05DL0L) c41692d8-1771865500.257 users.interactions.list is ENQUEUED 
[02/24/26, 01:51:40:260] info: [(?)] Initializing device preferences manager with teamId: T06AU05DL0L 
[02/24/26, 01:51:40:260] info: [DEVICE-PREFS] Using device preferences manager 
[02/24/26, 01:51:40:261] info: [DEVICE-PREFS] Updating available devices (original flow) 
[02/24/26, 01:51:40:268] info: [ALLTHREADSROWELEMENT] (T06AU05DL0L) From channel badges count, has unreads: false with badge count: 0 
[02/24/26, 01:51:40:348] info: [HISTORY-FETCH] (T06AU05DL0L) Fetching history for message pane: C06ARGB5GCS oldest: 1768874893.393679 latest: null 
[02/24/26, 01:51:40:348] info: [API-Q] (T06AU05DL0L) c41692d8-1771865500.348 conversations.history called with reason: message-pane/requestHistory 
[02/24/26, 01:51:40:348] info: [API-Q] (T06AU05DL0L) c41692d8-1771865500.348 conversations.history is ENQUEUED 
[02/24/26, 01:51:40:354] info: [ALLTHREADSROWELEMENT] (T06AU05DL0L) From channel badges count, has unreads: false with badge count: 0 
[02/24/26, 01:51:40:366] info: [API-Q] (T06AU05DL0L) noversion-1771865500.365 Flannel users/list called with reason: flannel-call:users/list 
[02/24/26, 01:51:40:366] info: [API-Q] (T06AU05DL0L) noversion-1771865500.365 Flannel users/list is ENQUEUED 
[02/24/26, 01:51:40:366] info: [API-Q] (T06AU05DL0L) noversion-1771865500.365 Flannel permissions/info called with reason: flannel-call:permissions/info 
[02/24/26, 01:51:40:366] info: [API-Q] (T06AU05DL0L) noversion-1771865500.365 Flannel permissions/info is ENQUEUED 
[02/24/26, 01:51:40:366] info: [API-Q] (T06AU05DL0L) c41692d8-1771865499.944 ublockworkaround.history is ACTIVE 
[02/24/26, 01:51:40:368] info: [API-Q] (T06AU05DL0L) noversion-1771865499.789 Flannel permissions/info is ACTIVE 
[02/24/26, 01:51:40:369] info: [API-Q] (T06AU05DL0L) noversion-1771865499.789 Flannel users/info is ACTIVE 
[02/24/26, 01:51:40:371] info: [API-Q] (T06AU05DL0L) noversion-1771865500.365 Flannel users/list is ACTIVE 
[02/24/26, 01:51:40:371] info: [API-Q] (T06AU05DL0L) noversion-1771865500.365 Flannel permissions/info is ACTIVE 
[02/24/26, 01:51:40:371] info: [ROUTES] [92bd1756] [ROUTE_DEFAULT] notifyRouteWillNavigateListeners finished, shouldNavigate is false 
[02/24/26, 01:51:40:371] info: [ROUTES] [92bd1756] [ROUTE_DEFAULT] willNavigateListener caused early exit 
[02/24/26, 01:51:40:371] info: Breadcrumb: ui.click: div.p-team_sidebar__icon.p-team_sidebar__icon--active  
[02/24/26, 01:51:40:392] info: [MESSAGE-LIST] (T06AU05DL0L) componentWillReceiveProps isLoading: true isLoadingOlder: false timestamps: 28 
[02/24/26, 01:51:40:397] info: [CHECK-UNREADS] (T06AU05DL0L) unreadLineVisible updated in main window container primary: undefined -> false 
[02/24/26, 01:51:40:399] info: [CHECK-UNREADS] (T06AU05DL0L) Checking unreads after workspace became focused 
[02/24/26, 01:51:40:399] info: [CHECK-UNREADS] (T06AU05DL0L) Not marking C06ARGB5GCS because last_read >= latest && channel is read 
[02/24/26, 01:51:40:405] info: [API-Q] (T08KF7TD5AN) noversion-1771865499.664 Flannel channels/info is RESOLVED 
[02/24/26, 01:51:40:439] info: Store: SELECTION_CHANGED T06AU05DL0L 
[02/24/26, 01:51:40:439] info: [UFM] (T06AU05DL0L) requesting C06ARGB5GCS,C06U9KZMPT8,C06AB0RTDE3,D07MJ421FB5,D07MBHNNPGE (1) 
[02/24/26, 01:51:40:440] info: [API-Q] (T06AU05DL0L) noversion-1771865500.439 Flannel huddles/info called with reason: flannel-call:huddles/info 
[02/24/26, 01:51:40:440] info: [API-Q] (T06AU05DL0L) noversion-1771865500.439 Flannel huddles/info is ENQUEUED 
[02/24/26, 01:51:40:440] info: [API-Q] (T06AU05DL0L) noversion-1771865500.439 Flannel huddles/info is ACTIVE 
[02/24/26, 01:51:40:440] info: [API-Q] (T06AU05DL0L) c41692d8-1771865500.440 users.channelSections.list called with reason: conditional-fetch-manager 
[02/24/26, 01:51:40:440] info: [API-Q] (T06AU05DL0L) c41692d8-1771865500.440 users.channelSections.list is ENQUEUED 
[02/24/26, 01:51:40:441] info: [API-Q] (T06AU05DL0L) c41692d8-1771865498.941 users.prefs.get is ACTIVE 
[02/24/26, 01:51:40:441] info: [API-Q] (T06AU05DL0L) c41692d8-1771865500.440 help.issues.ticketStats called with reason: fetchAndUpsertTicketStats 
[02/24/26, 01:51:40:441] info: [API-Q] (T06AU05DL0L) c41692d8-1771865500.440 help.issues.ticketStats is ENQUEUED 
[02/24/26, 01:51:40:441] info: [API-Q] (T06AU05DL0L) c41692d8-1771865498.909 links.getDomains is ACTIVE 
[02/24/26, 01:51:40:441] info: [API-Q] (T06AU05DL0L) c41692d8-1771865500.441 team.targetingCriteria called with reason: team_targeting_criteria 
[02/24/26, 01:51:40:441] info: [API-Q] (T06AU05DL0L) c41692d8-1771865500.441 team.targetingCriteria is ENQUEUED 
[02/24/26, 01:51:40:442] info: [API-Q] (T06AU05DL0L) c41692d8-1771865498.936 client.extras is ACTIVE 
[02/24/26, 01:51:40:442] info: [API-Q] (T06AU05DL0L) c41692d8-1771865500.441 conversations.listPrefs called with reason: client_redux_store 
[02/24/26, 01:51:40:442] info: [API-Q] (T06AU05DL0L) c41692d8-1771865500.441 conversations.listPrefs is ENQUEUED 
[02/24/26, 01:51:40:442] info: [API-Q] (T06AU05DL0L) noversion-1771865500.442 Flannel users/counts called with reason: flannel-call:users/counts 
[02/24/26, 01:51:40:442] info: [API-Q] (T06AU05DL0L) noversion-1771865500.442 Flannel users/counts is ENQUEUED 
[02/24/26, 01:51:40:443] info: [UFM] (T06AU05DL0L) requesting C06ARGB5GCS (1) 
[02/24/26, 01:51:40:443] info: [API-Q] (T06AU05DL0L) c41692d8-1771865500.443 conversations.info called with reason: app-homes-store/conditional-fetching 
[02/24/26, 01:51:40:443] info: [API-Q] (T06AU05DL0L) c41692d8-1771865500.443 conversations.info is ENQUEUED 
[02/24/26, 01:51:40:443] info: [UFM-PERMISSIONS] (T06AU05DL0L) requesting ASSIGN_CHANNEL_MANAGER,CAN_AT_CHANNEL,CAN_AT_EVERYONE,ARCHIVE_CHANNEL (1) 
[02/24/26, 01:51:40:443] info: [API-Q] (T06AU05DL0L) noversion-1771865500.443 Flannel permissions/info called with reason: flannel-call:permissions/info 
[02/24/26, 01:51:40:444] info: [API-Q] (T06AU05DL0L) noversion-1771865500.443 Flannel permissions/info is ENQUEUED 
[02/24/26, 01:51:40:444] info: [API-Q] (T06AU05DL0L) c41692d8-1771865500.444 quip.lookupThreadIds called with reason: fetch-quip-ids 
[02/24/26, 01:51:40:444] info: [API-Q] (T06AU05DL0L) c41692d8-1771865500.444 quip.lookupThreadIds is ENQUEUED 
[02/24/26, 01:51:40:444] info: [API-Q] (T06AU05DL0L) c41692d8-1771865500.444 files.info called with reason: files-store.ConditionalFetchManager.fetch 
[02/24/26, 01:51:40:444] info: [API-Q] (T06AU05DL0L) c41692d8-1771865500.444 files.info is ENQUEUED 
[02/24/26, 01:51:40:444] info: [DND_V2] (T06AU05DL0L) fetchAndUpsertDndForUsers - Preparing to fetch DND times for the following members: U07N70LR48G,U06AB0DEHV5 
[02/24/26, 01:51:40:445] info: [API-Q] (T06AU05DL0L) c41692d8-1771865500.444 dnd.info called with reason: fetchAndUpsertDndForUsers-getDndTimesFor:self 
[02/24/26, 01:51:40:445] info: [API-Q] (T06AU05DL0L) c41692d8-1771865500.444 dnd.info is ENQUEUED 
[02/24/26, 01:51:40:445] info: [API-Q] (T06AU05DL0L) c41692d8-1771865500.445 dnd.teamInfo called with reason: fetchAndUpsertDndForUsers-getDndTimesFor:others 
[02/24/26, 01:51:40:445] info: [API-Q] (T06AU05DL0L) c41692d8-1771865500.445 dnd.teamInfo is ENQUEUED 
[02/24/26, 01:51:40:446] info: [API-Q] (T06AU05DL0L) c41692d8-1771865500.445 bookmarks.list called with reason: bookmarks-store/conditional-fetching 
[02/24/26, 01:51:40:446] info: [API-Q] (T06AU05DL0L) c41692d8-1771865500.445 bookmarks.list is ENQUEUED 
[02/24/26, 01:51:40:446] info: [DEVICE-PREFS] Device list validation result: true 
[02/24/26, 01:51:40:446] info: [DEVICE-PREFS] Device list updated [{},{},{},{},{},{},{},{},{}] 
[02/24/26, 01:51:40:446] info: [DEVICE-PREFS] Processing device list [{},{},{},{},{},{},{},{},{}] 
[02/24/26, 01:51:40:446] info: [DEVICE-PREFS] Amending label for OS default audioinput device: Default -> System Default (Default) 
[02/24/26, 01:51:40:446] info: [DEVICE-PREFS] Amending label for OS default audiooutput device: Default -> System Default (Default) 
[02/24/26, 01:51:40:446] info: [DEVICE-PREFS] Device list processing complete 
[02/24/26, 01:51:40:446] info: [DEVICE-PREFS] Device list change handler updated 
[02/24/26, 01:51:40:446] info: [DEVICE-PREFS] Device preferences manager initialized 
[02/24/26, 01:51:40:446] info: [DEVICE-PREFS] Analyzing stored device records 
[02/24/26, 01:51:40:446] info: [DEVICE-PREFS] Returning all records for initialization analyses 
[02/24/26, 01:51:40:446] info: [DEVICE-PREFS] Device selection records analysis: {"totalRecords":0,"webAudioDevices":0,"webAudioSelectedDevices":0,"webAudioUsedDevices":0,"microphoneCount":0,"speakerCount":0,"cameraCount":0} 
[02/24/26, 01:51:40:446] info: [(?)] Device preferences manager initialized 
[02/24/26, 01:51:40:447] info: [API-Q] (T06AU05DL0L) c41692d8-1771865500.446 saved.list called with reason: saved-api/savedList 
[02/24/26, 01:51:40:447] info: [API-Q] (T06AU05DL0L) c41692d8-1771865500.446 saved.list is ENQUEUED 
[02/24/26, 01:51:40:447] info: [UFM-REACJITRIGGERS] (T06AU05DL0L) requesting C06ARGB5GCS (1) 
[02/24/26, 01:51:40:447] info: [API-Q] (T06AU05DL0L) c41692d8-1771865500.446 conversations.bulkReacjiTriggers called with reason: reacji_triggers_ufm 
[02/24/26, 01:51:40:447] info: [API-Q] (T06AU05DL0L) c41692d8-1771865500.446 conversations.bulkReacjiTriggers is ENQUEUED 
[02/24/26, 01:51:40:464] info: [API-Q] (T06AU05DL0L) c41692d8-1771865498.941 users.prefs.get is RESOLVED 
[02/24/26, 01:51:40:464] info: [API-Q] (T06AU05DL0L) noversion-1771865500.443 Flannel permissions/info is ACTIVE 
[02/24/26, 01:51:40:479] info: [API-Q] (T08KF7TD5AN) c41692d8-1771865500.479 conversations.genericInfo called with reason: fallback:fetchAndUpsertChannelsById 
[02/24/26, 01:51:40:479] info: [API-Q] (T08KF7TD5AN) c41692d8-1771865500.479 conversations.genericInfo is ENQUEUED 
[02/24/26, 01:51:40:487] info: Store: EXTEND_MENU T06AU05DL0L: menucategory-file,menucategory-view,menucategory-edit,menucategory-help,menucategory-history 
[02/24/26, 01:51:40:488] info: Store: UPDATE_SETTINGS {
  "zoomLevel": 0
} 
[02/24/26, 01:51:40:490] info: [DESKTOP-SIDE-EFFECT] Update from desktop for keys  ["settings"] 
[02/24/26, 01:51:40:490] info: [API-Q] (T08KF7TD5AN) c41692d8-1771865499.936 client.dms is RESOLVED 
[02/24/26, 01:51:40:491] info: [API-Q] (T08KF7TD5AN) c41692d8-1771865500.479 conversations.genericInfo is ACTIVE 
[02/24/26, 01:51:40:612] info: [API-Q] (T06AU05DL0L) noversion-1771865499.789 Flannel permissions/info is RESOLVED 
[02/24/26, 01:51:40:612] info: [API-Q] (T06AU05DL0L) noversion-1771865500.442 Flannel users/counts is ACTIVE 
[02/24/26, 01:51:40:629] info: [API-Q] (T06AU05DL0L) noversion-1771865500.365 Flannel permissions/info is RESOLVED 
[02/24/26, 01:51:40:629] info: [API-Q] (T06AU05DL0L) c41692d8-1771865498.936 drafts.list is ACTIVE 
[02/24/26, 01:51:40:678] info: [API-Q] (T06AU05DL0L) noversion-1771865500.678 Flannel channels/membership called with reason: flannel-call:channels/membership 
[02/24/26, 01:51:40:679] info: [API-Q] (T06AU05DL0L) noversion-1771865500.678 Flannel channels/membership is ENQUEUED 
[02/24/26, 01:51:40:679] info: [API-Q] (T06AU05DL0L) noversion-1771865500.439 Flannel huddles/info is RESOLVED 
[02/24/26, 01:51:40:680] info: [API-Q] (T06AU05DL0L) noversion-1771865500.678 Flannel channels/membership is ACTIVE 
[02/24/26, 01:51:40:680] info: [UFM] (T06AU05DL0L) received C06ARGB5GCS,C06U9KZMPT8,C06AB0RTDE3,D07MJ421FB5,D07MBHNNPGE (1) 
[02/24/26, 01:51:40:746] info: [DEVICE-PREFS] Propagating device selection history update 
[02/24/26, 01:51:40:747] info: [DEVICE-PREFS] Setting preferred audioinput device in huddle default 
[02/24/26, 01:51:40:747] info: [DEVICE-PREFS] Setting preferred audiooutput device in huddle default 
[02/24/26, 01:51:40:747] info: [API-Q] (T06AU05DL0L) noversion-1771865500.443 Flannel permissions/info is RESOLVED 
[02/24/26, 01:51:40:748] info: [API-Q] (T06AU05DL0L) c41692d8-1771865498.939 search.autocomplete.topEmojis is ACTIVE 
[02/24/26, 01:51:40:749] info: [UFM-PERMISSIONS] (T06AU05DL0L) received ASSIGN_CHANNEL_MANAGER,CAN_AT_CHANNEL,CAN_AT_EVERYONE,ARCHIVE_CHANNEL (1) 
[02/24/26, 01:51:40:768] info: [API-Q] (T06AU05DL0L) noversion-1771865500.678 Flannel channels/membership is RESOLVED 
[02/24/26, 01:51:40:768] info: [API-Q] (T06AU05DL0L) c41692d8-1771865498.939 workflows.triggers.listRecentlyRunForUser is ACTIVE 
[02/24/26, 01:51:40:778] info: [API-Q] (T06AU05DL0L) c41692d8-1771865499.944 ublockworkaround.history is RESOLVED 
[02/24/26, 01:51:40:778] info: [API-Q] (T06AU05DL0L) c41692d8-1771865498.939 functions.workflows.list is ACTIVE 
[02/24/26, 01:51:40:779] info: [EVENTLOG] (T06AU05DL0L) nothing to process 
[02/24/26, 01:51:40:779] info: [EVENTLOG] (T06AU05DL0L) fetched finish (aborted? false) 
[02/24/26, 01:51:40:779] info: [EVENTLOG] (T06AU05DL0L) dispatching signal and clearing timestamp 
[02/24/26, 01:51:40:842] info: [API-Q] (T06AU05DL0L) c41692d8-1771865498.936 client.extras is RESOLVED 
[02/24/26, 01:51:40:843] info: [API-Q] (T06AU05DL0L) c41692d8-1771865498.940 teams.trials.info is ACTIVE 
[02/24/26, 01:51:40:844] info: [API-Q] (T06AU05DL0L) c41692d8-1771865498.941 users.prefs.get is RESOLVED 
[02/24/26, 01:51:40:844] info: [API-Q] (T06AU05DL0L) c41692d8-1771865498.941 users.priority.list is ACTIVE 
[02/24/26, 01:51:40:845] info: [API-Q] (T06AU05DL0L) c41692d8-1771865498.909 links.getDomains is RESOLVED 
[02/24/26, 01:51:40:845] info: [API-Q] (T06AU05DL0L) c41692d8-1771865498.942 activity.views is ACTIVE 
[02/24/26, 01:51:41:017] info: [API-Q] (T06AU05DL0L) noversion-1771865500.442 Flannel users/counts is RESOLVED 
[02/24/26, 01:51:41:018] info: [API-Q] (T06AU05DL0L) c41692d8-1771865498.943 aiApps.list is ACTIVE 
[02/24/26, 01:51:41:023] info: [API-Q] (T06AU05DL0L) c41692d8-1771865498.936 drafts.list is RESOLVED 
[02/24/26, 01:51:41:023] info: [API-Q] (T06AU05DL0L) c41692d8-1771865498.943 calendar.getInstalledCalendars is ACTIVE 
[02/24/26, 01:51:41:025] info: [DRAFTS] (T06AU05DL0L) No active drafts 
[02/24/26, 01:51:41:025] info: [DRAFTS] (T06AU05DL0L) Successfully fetched all active and inactive drafts ✨ 
[02/24/26, 01:51:41:073] info: [API-Q] (T06AU05DL0L) noversion-1771865499.789 Flannel users/info is RESOLVED 
[02/24/26, 01:51:41:073] info: [API-Q] (T06AU05DL0L) c41692d8-1771865498.964 slackAi.permissions.getForUser is ACTIVE 
[02/24/26, 01:51:41:074] info: [QUIP] SystemJS Fork initialized 1771865501074-0.5845114874680719 
[02/24/26, 01:51:41:076] info: [API-Q] (T06AU05DL0L) noversion-1771865500.365 Flannel users/list is RESOLVED 
[02/24/26, 01:51:41:076] info: [API-Q] (T06AU05DL0L) c41692d8-1771865499.944 users.customStatus.list is ACTIVE 
[02/24/26, 01:51:41:080] info: [API-Q] (T06AU05DL0L) noversion-1771865501.080 Flannel users/info called with reason: flannel-call:users/info 
[02/24/26, 01:51:41:080] info: [API-Q] (T06AU05DL0L) noversion-1771865501.080 Flannel users/info is ENQUEUED 
[02/24/26, 01:51:41:258] info: [API-Q] (T06AU05DL0L) c41692d8-1771865498.939 search.autocomplete.topEmojis is RESOLVED 
[02/24/26, 01:51:41:259] info: [API-Q] (T06AU05DL0L) noversion-1771865501.080 Flannel users/info is ACTIVE 
[02/24/26, 01:51:41:284] info: [API-Q] (T06AU05DL0L) noversion-1771865501.283 Flannel channels/membership called with reason: flannel-call:channels/membership 
[02/24/26, 01:51:41:284] info: [API-Q] (T06AU05DL0L) noversion-1771865501.283 Flannel channels/membership is ENQUEUED 
[02/24/26, 01:51:41:306] info: [API-Q] (T06AU05DL0L) c41692d8-1771865498.939 workflows.triggers.listRecentlyRunForUser is RESOLVED 
[02/24/26, 01:51:41:306] info: [API-Q] (T06AU05DL0L) noversion-1771865501.283 Flannel channels/membership is ACTIVE 
[02/24/26, 01:51:41:332] info: [API-Q] (T06AU05DL0L) c41692d8-1771865498.939 functions.workflows.list is RESOLVED 
[02/24/26, 01:51:41:333] info: [API-Q] (T06AU05DL0L) c41692d8-1771865499.945 client.counts is ACTIVE 
[02/24/26, 01:51:41:334] info: [API-Q] (T06AU05DL0L) c41692d8-1771865501.334 workflows.triggers.list called with reason: automations_gallery 
[02/24/26, 01:51:41:334] info: [API-Q] (T06AU05DL0L) c41692d8-1771865501.334 workflows.triggers.list is ENQUEUED 
[02/24/26, 01:51:41:335] info: [API-Q] (T06AU05DL0L) c41692d8-1771865498.942 activity.views is RESOLVED 
[02/24/26, 01:51:41:335] info: [API-Q] (T06AU05DL0L) c41692d8-1771865499.946 sfdc.integration.listOrgs is ACTIVE 
[02/24/26, 01:51:41:337] info: [API-Q] (T06AU05DL0L) c41692d8-1771865498.941 users.priority.list is RESOLVED 
[02/24/26, 01:51:41:338] info: [API-Q] (T06AU05DL0L) c41692d8-1771865500.123 megaphone.notifications.list is ACTIVE 
[02/24/26, 01:51:41:338] info: [API-Q] (T06AU05DL0L) c41692d8-1771865498.940 teams.trials.info is RESOLVED 
[02/24/26, 01:51:41:338] info: [API-Q] (T06AU05DL0L) c41692d8-1771865500.124 megaphone.notifications.list is ACTIVE 
[02/24/26, 01:51:41:342] info: [API-Q] (T08KF7TD5AN) c41692d8-1771865500.479 conversations.genericInfo is RESOLVED 
[02/24/26, 01:51:41:347] info: [API-Q] (T06AU05DL0L) noversion-1771865501.080 Flannel users/info is RESOLVED 
[02/24/26, 01:51:41:347] info: [API-Q] (T06AU05DL0L) c41692d8-1771865500.242 sharedInvites.canGetLink is ACTIVE 
[02/24/26, 01:51:41:398] info: [API-Q] (T06AU05DL0L) noversion-1771865501.283 Flannel channels/membership is RESOLVED 
[02/24/26, 01:51:41:399] info: [API-Q] (T06AU05DL0L) c41692d8-1771865500.257 users.interactions.list is ACTIVE 
[02/24/26, 01:51:41:440] info: [Diagnostics] Adding window recorder ccbcdd1682064c8da539efabf 
[02/24/26, 01:51:41:481] info: [QUIP] (T06AU05DL0L) {"type":"set_current_user_id","timestamp_ms":1771865501479,"user_id":"WKX9EAbBw35"} 
[02/24/26, 01:51:41:483] warn: TRACER (T06AU05DL0L) (canvas:collab-init) was forced closed and marked with the _flush=true tag. 
[02/24/26, 01:51:41:483] warn: TRACER (T06AU05DL0L) (canvas:await-callback) was forced closed and marked with the _flush=true tag. 
[02/24/26, 01:51:41:487] info: [API-Q] (T06AU05DL0L) c41692d8-1771865498.943 aiApps.list is RESOLVED 
[02/24/26, 01:51:41:487] info: [API-Q] (T06AU05DL0L) c41692d8-1771865500.348 conversations.history is ACTIVE 
[02/24/26, 01:51:41:488] info: [API-Q] (T06AU05DL0L) c41692d8-1771865498.943 calendar.getInstalledCalendars is RESOLVED 
[02/24/26, 01:51:41:488] info: [API-Q] (T06AU05DL0L) c41692d8-1771865500.440 users.channelSections.list is ACTIVE 
[02/24/26, 01:51:41:489] info: [API-Q] (T06AU05DL0L) c41692d8-1771865499.944 users.customStatus.list is RESOLVED 
[02/24/26, 01:51:41:489] info: [API-Q] (T06AU05DL0L) c41692d8-1771865500.440 help.issues.ticketStats is ACTIVE 
[02/24/26, 01:51:41:497] info: [API-Q] (T06AU05DL0L) c41692d8-1771865501.497 calendar.user.info called with reason: calendar-get-user-info 
[02/24/26, 01:51:41:497] info: [API-Q] (T06AU05DL0L) c41692d8-1771865501.497 calendar.user.info is ENQUEUED 
[02/24/26, 01:51:41:505] info: [API-Q] (T06AU05DL0L) c41692d8-1771865498.964 slackAi.permissions.getForUser is RESOLVED 
[02/24/26, 01:51:41:505] info: [API-Q] (T06AU05DL0L) c41692d8-1771865500.441 team.targetingCriteria is ACTIVE 
[02/24/26, 01:51:41:505] info: [UFM-PERMISSIONS] (T06AU05DL0L) received READ_AUDIT_LOGS,ARCHIVE_CHANNEL,CONVERT_MPDM_TO_PRIVATE,CREATE_PRIVATE_CHANNEL,CREATE_PUBLIC_CHANNEL,EDIT_CHANNEL_WORKSPACES,CAN_AT_CHANNEL,VIEW_OVERVIEW_ANALYTICS,VIEW_WORKSPACE_ANALYTICS,VIEW_MEMBER_ANALYTICS,VIEW_ORG_WIDE_CHANNEL_ANALYTICS,VIEW_HUDDLE_ANALYTICS,VIEW_CLIP_ANALYTICS,VIEW_APP_ANALYTICS,VIEW_CHANNEL_ANALYTICS,VIEW_AI_ANALYTICS,VIEW_CANVAS_ANALYTICS,VIEW_WORKFLOW_ANALYTICS,VIEW_LIST_ANALYTICS,VIEW_TOP_LEVEL_WORKFLOWS,ADD_COLLABORATOR_TO_ANY_WORKFLOW,UNPUBLISH_ANY_WORKFLOW,CREATE_WORKFLOWS,CREATE_CANVAS_TEMPLATES,PUBLISH_CANVAS_ORG_TEMPLATES,MANAGE_SALES_HOME,MANAGE_SALES_HOME_DATA_SOURCE,ADD_CUSTOM_EMOJI,DELETE_CUSTOM_EMOJI,EDIT_SLACKBOT_RESPONSES,UPDATE_NAME,UPDATE_DISPLAY_NAME,EDIT_PROFILE_PHOTO,ACCEPT_SLACK_CONNECT_INVITES,MANAGE_SLACK_CONNECT,CREATE_SLACK_CONNECT_DM,VIEW_APP_REQUESTS,MANAGE_AAA_AUTOMATION_RULES,MANAGE_SCOPE_RATINGS,VIEW_INSTALLED_APPS,MANAGE_ORG_LEVEL_APP_APPROVAL,VIEW_APPROVED_APPS,VIEW_RESTRICTED_APPS,ADD_ORG_APPS_TO_WORKSPACES,REMOVE_ORG_APPS_FROM_WORKSPACES,VIEW_DEPRECATIONS,MANAGE_WORKFLOW_CONNECTORS,MANAGE_WORKFLOW_TRIGGERS,CREATE_SOLUTION_TEMPLATE,PUBLISH_SOLUTION_TEMPLATE,MANAGE_SOLUTION_TEMPLATE,CREATE_LIST_TEMPLATE,CREATE_USER_GROUPS,EDIT_USER_GROUPS,DELETE_USER_GROUPS,ACCESS_SLACK_AI_CHANNEL_THREAD_SUMMARIES,ACCESS_SLACK_AI_ACTION_ITEMS,ACCESS_SLACK_AI_DETAILED_FEEDBACK,ACCESS_SLACK_AI_FILE_SUMMARIES,ACCESS_SLACK_AI_HUDDLE_SUMMARIES,ACCESS_SLACK_AI_RECAP,ACCESS_SLACK_AI_SEARCH,ACCESS_SLACK_AI_STEPS_IN_WORKFLOW,ACCESS_SLACK_AI_TRANSLATIONS,ACCESS_SLACK_AI_WORKFLOW_BUILDER,ACCESS_SLACK_AI_RECORD_CHANNEL_DIGEST,ACCESS_SLACK_AI_DEVELOPMENT,ACCESS_SLACK_AI_EXPLAIN,ACCESS_SLACK_AI_CANVAS,ACCESS_SLACK_AI_SLACKBOT,ACCESS_SLACK_AI_FILTERS,ACCESS_SLACK_AI_SALESFORCE_CSV_MAPPER,ACCESS_SLACK_AI_SUGGESTED_SECTIONS,ACCESS_ENTERPRISE_SEARCH,CAN_MANAGE_XWS_CHANNELS,CREATE_AND_EDIT_ORG_USER_GROUPS,EDIT_ORG_USER_GROUPS,DELETE_ORG_USER_GROUPS (1) 
[02/24/26, 01:51:41:526] info: [UFM-PERMISSIONS] (T06AU05DL0L) requesting ADD_GUEST_USER_TO_WORKSPACE,ADD_FULL_USER_TO_WORKSPACE,REMOVE_GUEST_USER_FROM_WORKSPACE,REMOVE_FULL_USER_FROM_WORKSPACE,CONVERT_TO_GUEST,CONVERT_TO_MEMBER,READ_LEGAL_HOLDS,WRITE_LEGAL_HOLDS (1) 
[02/24/26, 01:51:41:526] info: [API-Q] (T06AU05DL0L) noversion-1771865501.526 Flannel permissions/info called with reason: flannel-call:permissions/info 
[02/24/26, 01:51:41:526] info: [API-Q] (T06AU05DL0L) noversion-1771865501.526 Flannel permissions/info is ENQUEUED 
[02/24/26, 01:51:41:670] info: [CRDT] Automerge loaded. 
[02/24/26, 01:51:41:753] info: [API-Q] (T06AU05DL0L) c41692d8-1771865499.946 sfdc.integration.listOrgs is RESOLVED 
[02/24/26, 01:51:41:754] info: [API-Q] (T06AU05DL0L) noversion-1771865501.526 Flannel permissions/info is ACTIVE 
[02/24/26, 01:51:41:760] info: [API-Q] (T06AU05DL0L) c41692d8-1771865499.945 client.counts is RESOLVED 
[02/24/26, 01:51:41:760] info: [API-Q] (T06AU05DL0L) c41692d8-1771865500.441 conversations.listPrefs is ACTIVE 
[02/24/26, 01:51:41:761] info: [COUNTS] (T06AU05DL0L) Applying counts to channels. wasLastConnectFast: false isConnected: true applying: 28 out of total: 28 
[02/24/26, 01:51:41:763] info: [COUNTS] (T06AU05DL0L) Threads has_unreads:false mention_count:0 
[02/24/26, 01:51:41:763] info: [DESKTOP-MIDDLEWARE] (T06AU05DL0L) Forwarding redux payload to desktop ["unreads"] 
[02/24/26, 01:51:41:765] info: [COUNTS] (T06AU05DL0L) Completed counts processing 
[02/24/26, 01:51:41:767] info: [ALLTHREADSROWELEMENT] (T06AU05DL0L) From channel badges count, has unreads: false with badge count: 0 
[02/24/26, 01:51:41:773] info: Store: REDUX_UPDATE_FROM_WEBAPP (T06AU05DL0L) Changed keys [unreads] 
[02/24/26, 01:51:41:786] info: [API-Q] (T06AU05DL0L) c41692d8-1771865500.242 sharedInvites.canGetLink is RESOLVED 
[02/24/26, 01:51:41:786] info: [API-Q] (T06AU05DL0L) c41692d8-1771865500.443 conversations.info is ACTIVE 
[02/24/26, 01:51:41:805] info: [API-Q] (T06AU05DL0L) c41692d8-1771865500.257 users.interactions.list is RESOLVED 
[02/24/26, 01:51:41:806] info: [API-Q] (T06AU05DL0L) c41692d8-1771865500.444 quip.lookupThreadIds is ACTIVE 
[02/24/26, 01:51:41:852] info: [API-Q] (T06AU05DL0L) noversion-1771865501.526 Flannel permissions/info is RESOLVED 
[02/24/26, 01:51:41:852] info: [API-Q] (T06AU05DL0L) c41692d8-1771865500.444 files.info is ACTIVE 
[02/24/26, 01:51:41:852] info: [UFM-PERMISSIONS] (T06AU05DL0L) received ADD_GUEST_USER_TO_WORKSPACE,ADD_FULL_USER_TO_WORKSPACE,REMOVE_GUEST_USER_FROM_WORKSPACE,REMOVE_FULL_USER_FROM_WORKSPACE,CONVERT_TO_GUEST,CONVERT_TO_MEMBER,READ_LEGAL_HOLDS,WRITE_LEGAL_HOLDS (1) 
[02/24/26, 01:51:41:878] info: [API-Q] (T06AU05DL0L) c41692d8-1771865500.123 megaphone.notifications.list is RESOLVED 
[02/24/26, 01:51:41:879] info: [API-Q] (T06AU05DL0L) c41692d8-1771865500.444 dnd.info is ACTIVE 
[02/24/26, 01:51:41:899] info: [API-Q] (T06AU05DL0L) c41692d8-1771865500.440 help.issues.ticketStats is RESOLVED 
[02/24/26, 01:51:41:900] info: [API-Q] (T06AU05DL0L) c41692d8-1771865500.445 dnd.teamInfo is ACTIVE 
[02/24/26, 01:51:41:903] info: [API-Q] (T06AU05DL0L) c41692d8-1771865500.441 team.targetingCriteria is RESOLVED 
[02/24/26, 01:51:41:903] info: [API-Q] (T06AU05DL0L) c41692d8-1771865500.445 bookmarks.list is ACTIVE 
[02/24/26, 01:51:41:905] info: [API-Q] (T06AU05DL0L) c41692d8-1771865500.440 users.channelSections.list is RESOLVED 
[02/24/26, 01:51:41:905] info: [API-Q] (T06AU05DL0L) c41692d8-1771865500.446 saved.list is ACTIVE 
[02/24/26, 01:51:41:906] info: [API-Q] (T06AU05DL0L) c41692d8-1771865500.348 conversations.history is RESOLVED 
[02/24/26, 01:51:41:907] info: [API-Q] (T06AU05DL0L) c41692d8-1771865500.446 conversations.bulkReacjiTriggers is ACTIVE 
[02/24/26, 01:51:41:917] info: [PLATFORM-CHANNEL-ACTI] (T06AU05DL0L) Not updating count for channel C06ARGB5GCS, as count was already set to 0 
[02/24/26, 01:51:41:919] info: [CHECK-UNREADS] (T06AU05DL0L) Not marking C06ARGB5GCS because last_read >= latest && channel is read 
[02/24/26, 01:51:41:935] info: [MESSAGE-LIST] (T06AU05DL0L) componentWillReceiveProps isLoading: false isLoadingOlder: false timestamps: 28 
[02/24/26, 01:51:41:945] info: [CHECK-UNREADS] (T06AU05DL0L) unreadLineVisible updated in main window container primary: false -> true 
[02/24/26, 01:51:41:950] info: [API-Q] (T06AU05DL0L) c41692d8-1771865500.124 megaphone.notifications.list is RESOLVED 
[02/24/26, 01:51:41:950] info: [API-Q] (T06AU05DL0L) c41692d8-1771865501.334 workflows.triggers.list is ACTIVE 
[02/24/26, 01:51:42:019] info: [ALLTHREADSROWELEMENT] (T06AU05DL0L) From channel badges count, has unreads: false with badge count: 0 
[02/24/26, 01:51:42:116] info: [NAVIGATE-IN-MAIN-WIND] Starting a new navigation event {"id":"D07MJ421FB5","viewType":"Channel","options":{}} 
[02/24/26, 01:51:42:118] info: [NAVIGATE-IN-MAIN-WIND] Applying changes to the primary container {"viewSet":{"sidebar":{"id":"ChannelList","viewType":"ChannelList","uiState":{}},"primary":{"id":"D07MJ421FB5","viewType":"Channel","uiState":{"preventMoveFocus":false}}},"nextTab":"home"} 
[02/24/26, 01:51:42:118] info: [NAVIGATION-MIDDLEWARE] Starting a new navigation middleware execution {"context":"navigation","nextViewSet":{"sidebar":{"id":"ChannelList","viewType":"ChannelList","uiState":{}},"primary":{"id":"D07MJ421FB5","viewType":"Channel","uiState":{"preventMoveFocus":false}}},"middlewareCount":23,"nextTab":"home"} 
[02/24/26, 01:51:42:118] info: [NAVIGATION-MIDDLEWARE] Async action execution is complete for a view {"nextView":{"id":"ChannelList","viewType":"ChannelList","uiState":{}},"results":[["UserIdToDMIdMiddleware",false],["AttemptToStopEditingInChannel",false],["AttemptToStopEditingSalesforceForm",false],["PreventVideoRecorderModalClose",false],["OpenConversationWithIds",false],["EnsureChannel",false],["EnsureAppViewType",false],["RedirectFileChannel",false],["RedirectChannelCanvasToCanvas",false],["RedirectLegacyFileBrowsersToUnified",false],["RedirectFileChannel",false],["SyncSearchTab",false],["RedirectHuddleRecordChannel",false],["EnsureCannedCanvasTemplates",false],["EnsureChannelHasParentTabMiddleware",false],["EnsureMessagesTabHasTabIdMiddleware",false],["TriggerMegaphoneGalleryFlow",false],["MaybeCloseSecondaryViewAfterSplit",false],["CanvasSetScrollParam",false],["RedirectSlackbotHistory",false],["RedirectSlackbotBadge",false],["EnsureActivityInboxMiddleware",false],["EnsureSearchSidebarPrototypeMiddleware",false]],"shouldTerminateNavigation":false,"executionTime":0.5,"nextTab":"home"} 
[02/24/26, 01:51:42:119] info: [NAVIGATION-MIDDLEWARE] Finish middleware execution for sidebar container {"maybeTransformedViewSet":{"sidebar":{"id":"ChannelList","viewType":"ChannelList","uiState":{}},"primary":{"id":"D07MJ421FB5","viewType":"Channel","uiState":{"preventMoveFocus":false}}},"terminateNavigation":false,"isViewTransformed":false,"iterationCount":0,"executionTime":0.9000000022351742} 
[02/24/26, 01:51:42:119] info: [NAVIGATION-MIDDLEWARE] Async action execution is complete for a view {"nextView":{"id":"D07MJ421FB5","viewType":"Channel","uiState":{"preventMoveFocus":false}},"results":[["UserIdToDMIdMiddleware",false],["AttemptToStopEditingInChannel",false],["AttemptToStopEditingSalesforceForm",false],["PreventVideoRecorderModalClose",false],["OpenConversationWithIds",false],["EnsureChannel",false],["EnsureAppViewType",false],["RedirectFileChannel",false],["RedirectChannelCanvasToCanvas",false],["RedirectLegacyFileBrowsersToUnified",false],["RedirectFileChannel",false],["SyncSearchTab",false],["RedirectHuddleRecordChannel",false],["EnsureCannedCanvasTemplates",false],["EnsureChannelHasParentTabMiddleware",false],["EnsureMessagesTabHasTabIdMiddleware",false],["TriggerMegaphoneGalleryFlow",false],["MaybeCloseSecondaryViewAfterSplit",false],["CanvasSetScrollParam",false],["RedirectSlackbotHistory",false],["RedirectSlackbotBadge",false],["EnsureActivityInboxMiddleware",false],["EnsureSearchSidebarPrototypeMiddleware",false]],"shouldTerminateNavigation":false,"executionTime":0.19999999925494194,"nextTab":"home"} 
[02/24/26, 01:51:42:119] info: [APPLY-DETAIL-VIEW] ViewSet with detail view applied {"viewSet":{"sidebar":{"id":"ChannelList","viewType":"ChannelList","uiState":{}},"primary":{"id":"D07MJ421FB5","viewType":"Channel","params":{"parentTab":"D07MJ421FB5"},"uiState":{"preventMoveFocus":false}}}} 
[02/24/26, 01:51:42:119] info: [APPLY-DETAIL-VIEW] ViewSet with channel canvas applied {"viewSet":{"sidebar":{"id":"ChannelList","viewType":"ChannelList","uiState":{}},"primary":{"id":"D07MJ421FB5","viewType":"Channel","params":{"parentTab":"D07MJ421FB5"},"uiState":{"preventMoveFocus":false}}}} 
[02/24/26, 01:51:42:119] info: [NAVIGATION-MIDDLEWARE] View has been transformed {"container":"primary","initialView":{"id":"D07MJ421FB5","viewType":"Channel","uiState":{"preventMoveFocus":false}},"transformedView":{"id":"D07MJ421FB5","viewType":"Channel","params":{"parentTab":"D07MJ421FB5"},"uiState":{"preventMoveFocus":false}},"iterationCount":0} 
[02/24/26, 01:51:42:120] info: [NAVIGATION-MIDDLEWARE] Skipping middleware execution for sidebar container as we have cached value {"initialView":{"id":"ChannelList","viewType":"ChannelList","uiState":{}},"iterationCount":1} 
[02/24/26, 01:51:42:120] info: [NAVIGATION-MIDDLEWARE] Async action execution is complete for a view {"nextView":{"id":"D07MJ421FB5","viewType":"Channel","params":{"parentTab":"D07MJ421FB5"},"uiState":{"preventMoveFocus":false}},"results":[["UserIdToDMIdMiddleware",false],["AttemptToStopEditingInChannel",false],["AttemptToStopEditingSalesforceForm",false],["PreventVideoRecorderModalClose",false],["OpenConversationWithIds",false],["EnsureChannel",false],["EnsureAppViewType",false],["RedirectFileChannel",false],["RedirectChannelCanvasToCanvas",false],["RedirectLegacyFileBrowsersToUnified",false],["RedirectFileChannel",false],["SyncSearchTab",false],["RedirectHuddleRecordChannel",false],["EnsureCannedCanvasTemplates",false],["EnsureChannelHasParentTabMiddleware",false],["EnsureMessagesTabHasTabIdMiddleware",false],["TriggerMegaphoneGalleryFlow",false],["MaybeCloseSecondaryViewAfterSplit",false],["CanvasSetScrollParam",false],["RedirectSlackbotHistory",false],["RedirectSlackbotBadge",false],["EnsureActivityInboxMiddleware",false],["EnsureSearchSidebarPrototypeMiddleware",false]],"shouldTerminateNavigation":false,"executionTime":0,"nextTab":"home"} 
[02/24/26, 01:51:42:120] info: [NAVIGATION-MIDDLEWARE] Finish middleware execution for primary container {"maybeTransformedViewSet":{"sidebar":{"id":"ChannelList","viewType":"ChannelList","uiState":{}},"primary":{"id":"D07MJ421FB5","viewType":"Channel","params":{"parentTab":"D07MJ421FB5"},"uiState":{"preventMoveFocus":false}}},"terminateNavigation":false,"isViewTransformed":false,"iterationCount":1,"executionTime":0.10000000149011612} 
[02/24/26, 01:51:42:120] info: [NAVIGATION-MIDDLEWARE] Finish middleware execution for primary container {"maybeTransformedViewSet":{"sidebar":{"id":"ChannelList","viewType":"ChannelList","uiState":{}},"primary":{"id":"D07MJ421FB5","viewType":"Channel","params":{"parentTab":"D07MJ421FB5"},"uiState":{"preventMoveFocus":false}}},"terminateNavigation":false,"isViewTransformed":true,"iterationCount":0,"executionTime":1.0999999977648258} 
[02/24/26, 01:51:42:120] info: [NAVIGATION-MIDDLEWARE] Navigation middleware execution is complete {"maybeUpdatedViewSet":{"sidebar":{"id":"ChannelList","viewType":"ChannelList","uiState":{}},"primary":{"id":"D07MJ421FB5","viewType":"Channel","params":{"parentTab":"D07MJ421FB5"},"uiState":{"preventMoveFocus":false}}},"terminateNavigation":false,"executionTime":2,"nextTab":"home"} 
[02/24/26, 01:51:42:120] info: [NAVIGATE-IN-MAIN-WIND] Built view set after middleware {"viewSet":{"sidebar":{"id":"ChannelList","viewType":"ChannelList","uiState":{}},"primary":{"id":"D07MJ421FB5","viewType":"Channel","params":{"parentTab":"D07MJ421FB5"},"uiState":{"preventMoveFocus":false}}},"nextTab":"home"} 
[02/24/26, 01:51:42:123] info: [NAVIGATE-LISTENERS] (T06AU05DL0L) Starting navigation listeners for triggerType NAVIGATION 
[02/24/26, 01:51:42:125] info: [MARK-MOST-RECENT] (T06AU05DL0L) Skip marking most recent message in D07MJ421FB5 as read because getLatestTs (1771270421.442349) is less than getLastReadTs (1771279208.882172) 
[02/24/26, 01:51:42:126] info: [NAVIGATE-LISTENERS] (T06AU05DL0L) Navigation listeners complete without errors 
[02/24/26, 01:51:42:126] info: [NAVIGATE-IN-MAIN-WIND]  Navigation thunk execution complete {"id":"D07MJ421FB5","viewType":"Channel","options":{}} 
[02/24/26, 01:51:42:127] info: Breadcrumb: ui.click: span.p-channel_sidebar__name.p-channel_sidebar__name--away > span  
[02/24/26, 01:51:42:151] info: [MESSAGE-LIST] (T06AU05DL0L) getScrollmark reason:channel_change channelId:C06ARGB5GCS at end 
[02/24/26, 01:51:42:153] info: [MESSAGE-LIST] (T06AU05DL0L) Switching channels: D07MJ421FB5 timestamps: 0 
[02/24/26, 01:51:42:154] info: [MESSAGE-LIST] (T06AU05DL0L) requestAround channelId: D07MJ421FB5 isLoading: false timestamps: 0 reachedStart: false reachedEnd: false 
[02/24/26, 01:51:42:154] info: [HISTORY-FETCH] (T06AU05DL0L) Fetching history for message pane: D07MJ421FB5 oldest: null latest: null 
[02/24/26, 01:51:42:154] info: [API-Q] (T06AU05DL0L) c41692d8-1771865502.153 conversations.history called with reason: message-pane/requestHistory 
[02/24/26, 01:51:42:154] info: [API-Q] (T06AU05DL0L) c41692d8-1771865502.153 conversations.history is ENQUEUED 
[02/24/26, 01:51:42:172] info: [MESSAGE-LIST] (T06AU05DL0L) requestAround channelId: D07MJ421FB5 isLoading: false timestamps: 0 reachedStart: false reachedEnd: false 
[02/24/26, 01:51:42:172] info: [MESSAGE-LIST] (T06AU05DL0L) requestAround channelId: D07MJ421FB5 isLoading: false timestamps: 0 reachedStart: false reachedEnd: false 
[02/24/26, 01:51:42:179] info: [API-Q] (T06AU05DL0L) noversion-1771865502.178 Flannel permissions/info called with reason: flannel-call:permissions/info 
[02/24/26, 01:51:42:179] info: [API-Q] (T06AU05DL0L) noversion-1771865502.178 Flannel permissions/info is ENQUEUED 
[02/24/26, 01:51:42:201] info: [UFM] (T06AU05DL0L) requesting D07MJ421FB5 (1) 
[02/24/26, 01:51:42:201] info: [UFM] (T06AU05DL0L) received D07MJ421FB5 (1) 
[02/24/26, 01:51:42:202] info: [UFM] (T06AU05DL0L) requesting F0AF51A1C05,F0AFC296XNG (1) 
[02/24/26, 01:51:42:202] info: [API-Q] (T06AU05DL0L) c41692d8-1771865502.202 quip.lookupThreadIds called with reason: fetch-quip-ids 
[02/24/26, 01:51:42:202] info: [API-Q] (T06AU05DL0L) c41692d8-1771865502.202 quip.lookupThreadIds is ENQUEUED 
[02/24/26, 01:51:42:202] info: [UFM-FILES] (T06AU05DL0L) requesting F0AF51A1C05,F0AFC296XNG (1) 
[02/24/26, 01:51:42:203] info: [API-Q] (T06AU05DL0L) c41692d8-1771865502.202 files.list called with reason: files-store-unknown-fetch 
[02/24/26, 01:51:42:203] info: [API-Q] (T06AU05DL0L) c41692d8-1771865502.202 files.list is ENQUEUED 
[02/24/26, 01:51:42:203] info: [UFM-PERMISSIONS] (T06AU05DL0L) requesting CAN_AT_CHANNEL,CAN_AT_EVERYONE,ARCHIVE_CHANNEL (1) 
[02/24/26, 01:51:42:203] info: [API-Q] (T06AU05DL0L) noversion-1771865502.203 Flannel permissions/info called with reason: flannel-call:permissions/info 
[02/24/26, 01:51:42:203] info: [API-Q] (T06AU05DL0L) noversion-1771865502.203 Flannel permissions/info is ENQUEUED 
[02/24/26, 01:51:42:203] info: [API-Q] (T06AU05DL0L) noversion-1771865502.203 Flannel users/counts called with reason: flannel-call:users/counts 
[02/24/26, 01:51:42:203] info: [API-Q] (T06AU05DL0L) noversion-1771865502.203 Flannel users/counts is ENQUEUED 
[02/24/26, 01:51:42:216] info: [API-Q] (T06AU05DL0L) c41692d8-1771865500.441 conversations.listPrefs is RESOLVED 
[02/24/26, 01:51:42:217] info: [API-Q] (T06AU05DL0L) noversion-1771865502.203 Flannel users/counts is ACTIVE 
[02/24/26, 01:51:42:228] info: [MESSAGE-LIST] (T06AU05DL0L) componentWillReceiveProps isLoading: true isLoadingOlder: false timestamps: 0 
[02/24/26, 01:51:42:233] info: [API-Q] (T06AU05DL0L) noversion-1771865502.233 Flannel users/info called with reason: flannel-call:users/info 
[02/24/26, 01:51:42:233] info: [API-Q] (T06AU05DL0L) noversion-1771865502.233 Flannel users/info is ENQUEUED 
[02/24/26, 01:51:42:239] info: [API-Q] (T06AU05DL0L) c41692d8-1771865500.443 conversations.info is RESOLVED 
[02/24/26, 01:51:42:240] info: [API-Q] (T06AU05DL0L) noversion-1771865502.233 Flannel users/info is ACTIVE 
[02/24/26, 01:51:42:242] info: [API-Q] (T06AU05DL0L) c41692d8-1771865500.444 quip.lookupThreadIds is RESOLVED 
[02/24/26, 01:51:42:243] info: [API-Q] (T06AU05DL0L) noversion-1771865502.203 Flannel permissions/info is ACTIVE 
[02/24/26, 01:51:42:251] info: [UFM] (T06AU05DL0L) received C06ARGB5GCS (1) 
[02/24/26, 01:51:42:252] info: [API-Q] (T06AU05DL0L) c41692d8-1771865502.252 conversations.listPrefs called with reason: client_redux_store 
[02/24/26, 01:51:42:252] info: [API-Q] (T06AU05DL0L) c41692d8-1771865502.252 conversations.listPrefs is ENQUEUED 
[02/24/26, 01:51:42:259] info: [UFM] (T06AU05DL0L) requesting D07MJ421FB5 (1) 
[02/24/26, 01:51:42:259] info: [API-Q] (T06AU05DL0L) c41692d8-1771865502.259 conversations.info called with reason: app-homes-store/conditional-fetching 
[02/24/26, 01:51:42:259] info: [API-Q] (T06AU05DL0L) c41692d8-1771865502.259 conversations.info is ENQUEUED 
[02/24/26, 01:51:42:278] info: [API-Q] (T06AU05DL0L) c41692d8-1771865500.444 dnd.info is RESOLVED 
[02/24/26, 01:51:42:278] info: [API-Q] (T06AU05DL0L) noversion-1771865502.178 Flannel permissions/info is ACTIVE 
[02/24/26, 01:51:42:278] info: [DND] (T06AU05DL0L) Fetched DND info for the following member: U07N70LR48G 
[02/24/26, 01:51:42:280] info: [DND_V2] (T06AU05DL0L) Not setting a timer as all schedules are stale 
[02/24/26, 01:51:42:305] info: [API-Q] (T06AU05DL0L) c41692d8-1771865500.445 dnd.teamInfo is RESOLVED 
[02/24/26, 01:51:42:305] info: [API-Q] (T06AU05DL0L) c41692d8-1771865501.497 calendar.user.info is ACTIVE 
[02/24/26, 01:51:42:305] info: [DND] (T06AU05DL0L) Fetched DND info for the following members: U06AB0DEHV5 
[02/24/26, 01:51:42:306] info: [DND_V2] (T06AU05DL0L) Not setting a timer as all schedules are stale 
[02/24/26, 01:51:42:314] error: Icon undefined not found 
[02/24/26, 01:51:42:317] info: [API-Q] (T06AU05DL0L) c41692d8-1771865500.446 conversations.bulkReacjiTriggers is RESOLVED 
[02/24/26, 01:51:42:317] info: [API-Q] (T06AU05DL0L) c41692d8-1771865502.153 conversations.history is ACTIVE 
[02/24/26, 01:51:42:320] info: [API-Q] (T06AU05DL0L) c41692d8-1771865500.445 bookmarks.list is RESOLVED 
[02/24/26, 01:51:42:320] info: [API-Q] (T06AU05DL0L) c41692d8-1771865502.202 quip.lookupThreadIds is ACTIVE 
[02/24/26, 01:51:42:320] info: [UFM-REACJITRIGGERS] (T06AU05DL0L) received C06ARGB5GCS (1) 
[02/24/26, 01:51:42:322] info: [API-Q] (T06AU05DL0L) c41692d8-1771865500.446 saved.list is RESOLVED 
[02/24/26, 01:51:42:323] info: [API-Q] (T06AU05DL0L) c41692d8-1771865502.202 files.list is ACTIVE 
[02/24/26, 01:51:42:323] info: [API-Q] (T06AU05DL0L) noversion-1771865502.233 Flannel users/info is RESOLVED 
[02/24/26, 01:51:42:323] info: [API-Q] (T06AU05DL0L) c41692d8-1771865502.252 conversations.listPrefs is ACTIVE 
[02/24/26, 01:51:42:330] info: [API-Q] (T06AU05DL0L) c41692d8-1771865502.330 bookmarks.list called with reason: bookmarks-store/conditional-fetching 
[02/24/26, 01:51:42:331] info: [API-Q] (T06AU05DL0L) c41692d8-1771865502.330 bookmarks.list is ENQUEUED 
[02/24/26, 01:51:42:332] info: [API-Q] (T06AU05DL0L) c41692d8-1771865500.444 files.info is RESOLVED 
[02/24/26, 01:51:42:332] info: [API-Q] (T06AU05DL0L) c41692d8-1771865502.259 conversations.info is ACTIVE 
[02/24/26, 01:51:42:364] info: [API-Q] (T06AU05DL0L) c41692d8-1771865501.334 workflows.triggers.list is RESOLVED 
[02/24/26, 01:51:42:364] info: [API-Q] (T06AU05DL0L) c41692d8-1771865502.330 bookmarks.list is ACTIVE 
[02/24/26, 01:51:42:499] info: [API-Q] (T06AU05DL0L) noversion-1771865502.203 Flannel permissions/info is RESOLVED 
[02/24/26, 01:51:42:499] info: [UFM-PERMISSIONS] (T06AU05DL0L) received CAN_AT_CHANNEL,CAN_AT_EVERYONE,ARCHIVE_CHANNEL (1) 
[02/24/26, 01:51:42:500] info: [API-Q] (T06AU05DL0L) noversion-1771865502.178 Flannel permissions/info is RESOLVED 
[02/24/26, 01:51:42:601] info: [API-Q] (T06AU05DL0L) noversion-1771865502.203 Flannel users/counts is RESOLVED 
[02/24/26, 01:51:42:718] info: [API-Q] (T06AU05DL0L) c41692d8-1771865501.497 calendar.user.info is RESOLVED 
[02/24/26, 01:51:42:722] info: [API-Q] (T06AU05DL0L) c41692d8-1771865502.202 quip.lookupThreadIds is RESOLVED 
[02/24/26, 01:51:42:724] info: [UFM] (T06AU05DL0L) received F0AF51A1C05,F0AFC296XNG (1) 
[02/24/26, 01:51:42:727] info: [API-Q] (T06AU05DL0L) c41692d8-1771865502.252 conversations.listPrefs is RESOLVED 
[02/24/26, 01:51:42:742] info: [API-Q] (T06AU05DL0L) c41692d8-1771865502.153 conversations.history is RESOLVED 
[02/24/26, 01:51:42:744] info: [PLATFORM-CHANNEL-ACTI] (T06AU05DL0L) setting count for channel D07MJ421FB5 to 0, and marking channel as stale. 
[02/24/26, 01:51:42:746] info: [PINS] (T06AU05DL0L) Pins count updated for channel D07MJ421FB5: 0 
[02/24/26, 01:51:42:747] info: [API-Q] (T06AU05DL0L) c41692d8-1771865502.259 conversations.info is RESOLVED 
[02/24/26, 01:51:42:747] info: [UFM] (T06AU05DL0L) received D07MJ421FB5 (1) 
[02/24/26, 01:51:42:751] info: [MESSAGE-LIST] (T06AU05DL0L) componentWillReceiveProps isLoading: false isLoadingOlder: false timestamps: 28 
[02/24/26, 01:51:42:768] info: [CHECK-UNREADS] (T06AU05DL0L) unreadLineVisible updated in main window container primary: false -> true 
[02/24/26, 01:51:42:794] info: [API-Q] (T06AU05DL0L) c41692d8-1771865502.202 files.list is RESOLVED 
[02/24/26, 01:51:42:795] info: [API-Q] (T06AU05DL0L) c41692d8-1771865502.330 bookmarks.list is RESOLVED 
[02/24/26, 01:51:42:804] info: [UFM-FILES] (T06AU05DL0L) received F0AF51A1C05,F0AFC296XNG (1) 
[02/24/26, 01:51:42:892] info: [DEVICE-PERMISSIONS-MA] Refreshing all permissions 
[02/24/26, 01:51:42:899] info: [DEVICE-PERMISSIONS-MA] Received microphone access status for desktop app: [object Object] 
[02/24/26, 01:51:42:899] info: [DEVICE-PERMISSIONS-MA] permission state for microphone changed to [object Object] 
[02/24/26, 01:51:42:899] info: [DEVICE-PERMISSIONS-MA] Permissions changed {"microphone":{"status":"granted"},"camera":null,"screen":null} 
[02/24/26, 01:51:42:899] info: [DEVICE-PREFS] Updating available devices (original flow) 
[02/24/26, 01:51:42:899] info: [DEVICE-PERMISSIONS-MA] Permissions saved to local storage: {"permissions":{"microphone":{"status":"granted"},"camera":null,"screen":null},"timestamp":1771865502899} 
[02/24/26, 01:51:42:899] info: [DEVICE-PERMISSIONS-MA] Received camera access status for desktop app: [object Object] 
[02/24/26, 01:51:42:899] info: [DEVICE-PERMISSIONS-MA] permission state for camera changed to [object Object] 
[02/24/26, 01:51:42:900] info: [DEVICE-PERMISSIONS-MA] Permissions changed {"microphone":{"status":"granted"},"camera":{"status":"granted"},"screen":null} 
[02/24/26, 01:51:42:900] info: [(?)] Available devices update already in progress. Returning existing promise. 
[02/24/26, 01:51:42:900] info: [DEVICE-PERMISSIONS-MA] Permissions saved to local storage: {"permissions":{"microphone":{"status":"granted"},"camera":{"status":"granted"},"screen":null},"timestamp":1771865502899} 
[02/24/26, 01:51:42:900] info: [DEVICE-PERMISSIONS-MA] Received screen access status for desktop app: [object Object] 
[02/24/26, 01:51:42:900] info: [DEVICE-PERMISSIONS-MA] permission state for screen changed to [object Object] 
[02/24/26, 01:51:42:900] info: [DEVICE-PERMISSIONS-MA] Permissions changed {"microphone":{"status":"granted"},"camera":{"status":"granted"},"screen":{"status":"granted"}} 
[02/24/26, 01:51:42:900] info: [(?)] Available devices update already in progress. Returning existing promise. 
[02/24/26, 01:51:42:900] info: [DEVICE-PERMISSIONS-MA] Permissions saved to local storage: {"permissions":{"microphone":{"status":"granted"},"camera":{"status":"granted"},"screen":{"status":"granted"}},"timestamp":1771865502899} 
[02/24/26, 01:51:42:905] info: [DEVICE-PREFS] Device list validation result: true 
[02/24/26, 01:51:42:905] info: [DEVICE-PREFS] Device list updated [{},{},{},{},{},{},{},{},{}] 
[02/24/26, 01:51:42:905] info: [DEVICE-PREFS] Processing device list [{},{},{},{},{},{},{},{},{}] 
[02/24/26, 01:51:42:905] info: [DEVICE-PREFS] Amending label for OS default audioinput device: Default -> System Default (Default) 
[02/24/26, 01:51:42:906] info: [DEVICE-PREFS] Amending label for OS default audiooutput device: Default -> System Default (Default) 
[02/24/26, 01:51:42:906] info: [DEVICE-PREFS] Device list processing complete 
[02/24/26, 01:51:43:143] info: [CHECK-UNREADS] (T06AU05DL0L) Checking unreads after unread line became visible 
[02/24/26, 01:51:43:143] info: [CHECK-UNREADS] (T06AU05DL0L) Not marking D07MJ421FB5 because last_read >= latest && channel is read 
[02/24/26, 01:51:43:206] info: [DEVICE-PREFS] Propagating device selection history update 
[02/24/26, 01:51:43:206] info: [DEVICE-PREFS] Setting preferred audioinput device in huddle default 
[02/24/26, 01:51:43:207] info: [DEVICE-PREFS] Setting preferred audiooutput device in huddle default 
[02/24/26, 01:51:43:461] info: [UFM-PERMISSIONS] (T06AU05DL0L) requesting DELETE_OWN_MESSAGE (1) 
[02/24/26, 01:51:43:461] info: [API-Q] (T06AU05DL0L) noversion-1771865503.460 Flannel permissions/info called with reason: flannel-call:permissions/info 
[02/24/26, 01:51:43:461] info: [API-Q] (T06AU05DL0L) noversion-1771865503.460 Flannel permissions/info is ENQUEUED 
[02/24/26, 01:51:43:461] info: [API-Q] (T06AU05DL0L) noversion-1771865503.460 Flannel permissions/info is ACTIVE 
[02/24/26, 01:51:43:543] info: [API-Q] (T06AU05DL0L) noversion-1771865503.460 Flannel permissions/info is RESOLVED 
[02/24/26, 01:51:43:543] info: [UFM-PERMISSIONS] (T06AU05DL0L) received DELETE_OWN_MESSAGE (1) 
[02/24/26, 01:51:44:165] info: [CHECK-UNREADS] (T06AU05DL0L) unreadLineVisible updated in main window container primary: true -> false 
[02/24/26, 01:51:51:463] warn: PERMALINK (T06AU05DL0L) openPermalink: Unable to parse permalink, opening in new tab 
[02/24/26, 01:51:51:642] info: [FOCUS-EVENT] (T06AU05DL0L) Main window blurred 
[02/24/26, 01:51:52:643] info: Store: UPDATE_SETTINGS {
  "mainWindowSettings": {
    "fullScreen": false,
    "maximized": false,
    "bounds": {
      "x": 0,
      "y": 0,
      "width": 754,
      "height": 740
    }
  }
} 
[02/24/26, 01:51:52:644] info: [DESKTOP-SIDE-EFFECT] Update from desktop for keys  ["settings"] 
[02/24/26, 01:52:00:860] info: [FOCUS-EVENT] (T06AU05DL0L) Main window focused 
[02/24/26, 01:52:00:890] info: [CHECK-UNREADS] (T06AU05DL0L) Checking unreads after window became focused 
[02/24/26, 01:52:00:890] info: [CHECK-UNREADS] (T06AU05DL0L) Not marking D07MJ421FB5 because last_read >= latest && channel is read 
[02/24/26, 01:52:08:241] info: Breadcrumb: ui.click: ul.p-rich_text_list.p-rich_text_list__bullet.p-rich_text_list--nested > li  
[02/24/26, 01:52:14:004] info: Breadcrumb: ui.click: ul.p-rich_text_list.p-rich_text_list__bullet.p-rich_text_list--nested > li  
[02/24/26, 01:52:14:465] info: [UFM] (T06AU05DL0L) requesting D07MJ421FB5-1770079466.617139 (1) 
[02/24/26, 01:52:14:466] info: [API-Q] (T06AU05DL0L) c41692d8-1771865534.465 subscriptions.thread.get called with reason: fetch-thread-subscriptions 
[02/24/26, 01:52:14:466] info: [API-Q] (T06AU05DL0L) c41692d8-1771865534.465 subscriptions.thread.get is ENQUEUED 
[02/24/26, 01:52:14:466] info: [API-Q] (T06AU05DL0L) c41692d8-1771865534.465 subscriptions.thread.get is ACTIVE 
[02/24/26, 01:52:14:468] info: [UFM] (T06AU05DL0L) requesting ALQ9XG76D (1) 
[02/24/26, 01:52:14:469] info: [API-Q] (T06AU05DL0L) c41692d8-1771865534.468 apps.profile.get called with reason: fetch-all-apps-by-id 
[02/24/26, 01:52:14:469] info: [API-Q] (T06AU05DL0L) c41692d8-1771865534.468 apps.profile.get is ENQUEUED 
[02/24/26, 01:52:14:469] info: [API-Q] (T06AU05DL0L) c41692d8-1771865534.468 apps.profile.get is ACTIVE 
[02/24/26, 01:52:14:879] info: [API-Q] (T06AU05DL0L) c41692d8-1771865534.465 subscriptions.thread.get is RESOLVED 
[02/24/26, 01:52:14:880] info: [UFM] (T06AU05DL0L) received D07MJ421FB5-1770079466.617139 (1) 
[02/24/26, 01:52:14:933] info: [API-Q] (T06AU05DL0L) c41692d8-1771865534.468 apps.profile.get is RESOLVED 
[02/24/26, 01:52:14:933] info: [UFM] (T06AU05DL0L) received ALQ9XG76D (1) 
[02/24/26, 01:52:20:488] info: [QUIP] SystemJS Fork initialized 1771865540487-0.1968706892380373 
[02/24/26, 01:52:20:507] info: [Diagnostics] Adding window recorder f064b164dee9435ea14847135 
[02/24/26, 01:52:20:535] info: [QUIP] (T08KF7TD5AN) {"type":"set_current_user_id","timestamp_ms":1771865540534,"user_id":"PBb9EAbQiti"} 
[02/24/26, 01:52:20:537] info: Breadcrumb: ui.click: ul.p-rich_text_list.p-rich_text_list__bullet.p-rich_text_list--nested > li  
[02/24/26, 01:52:20:696] info: [CRDT] Automerge loaded. 
[02/24/26, 01:52:26:689] info: Breadcrumb: ui.click: ul.p-rich_text_list.p-rich_text_list__bullet.p-rich_text_list--nested > li  
[02/24/26, 01:52:29:979] info: Breadcrumb: ui.click: ul.p-rich_text_list.p-rich_text_list__bullet.p-rich_text_list--nested > li  
[02/24/26, 01:52:31:964] info: [FOCUS-EVENT] (T06AU05DL0L) Main window blurred 
[02/24/26, 01:52:32:551] info: Store: UPDATE_SETTINGS {
  "lastClogForProxyInfo": 1771865552548
} 
[02/24/26, 01:52:32:552] info: [DESKTOP-SIDE-EFFECT] Update from desktop for keys  ["settings"] 
[02/24/26, 01:52:42:032] info: [API-Q] (T08KF7TD5AN) c41692d8-1771865562.031 client.counts called with reason: pollClientCountsAfterTimeout 
[02/24/26, 01:52:42:032] info: [API-Q] (T08KF7TD5AN) c41692d8-1771865562.031 client.counts is ENQUEUED 
[02/24/26, 01:52:42:032] info: [API-Q] (T08KF7TD5AN) c41692d8-1771865562.031 client.counts is ACTIVE 
[02/24/26, 01:52:42:468] info: [API-Q] (T08KF7TD5AN) c41692d8-1771865562.031 client.counts is RESOLVED 
[02/24/26, 01:52:42:470] info: [COUNTS] (T08KF7TD5AN) Applying counts to channels. wasLastConnectFast: false isConnected: true applying: 13 out of total: 13 
[02/24/26, 01:52:42:472] info: [COUNTS] (T08KF7TD5AN) Threads has_unreads:false mention_count:0 
[02/24/26, 01:52:42:473] info: [COUNTS] (T08KF7TD5AN) Completed counts processing 
[02/24/26, 01:52:50:551] info: [API-Q] (T06AU05DL0L) c41692d8-1771865570.550 client.counts called with reason: pollClientCountsAfterTimeout 
[02/24/26, 01:52:50:551] info: [API-Q] (T06AU05DL0L) c41692d8-1771865570.550 client.counts is ENQUEUED 
[02/24/26, 01:52:50:551] info: [API-Q] (T06AU05DL0L) c41692d8-1771865570.550 client.counts is ACTIVE 
[02/24/26, 01:52:50:976] info: [API-Q] (T06AU05DL0L) c41692d8-1771865570.550 client.counts is RESOLVED 
[02/24/26, 01:52:50:978] info: [COUNTS] (T06AU05DL0L) Applying counts to channels. wasLastConnectFast: false isConnected: true applying: 28 out of total: 28 
[02/24/26, 01:52:50:979] info: [COUNTS] (T06AU05DL0L) Threads has_unreads:false mention_count:0 
[02/24/26, 01:52:50:980] info: [COUNTS] (T06AU05DL0L) Completed counts processing 
[02/24/26, 01:52:50:988] info: [ALLTHREADSROWELEMENT] (T06AU05DL0L) From channel badges count, has unreads: false with badge count: 0 
[02/24/26, 01:53:17:921] info: [API-Q] (T06AU05DL0L) c41692d8-1771865597.920 conversations.suggestions called with reason: trigger-channel-suggestions 
[02/24/26, 01:53:17:921] info: [API-Q] (T06AU05DL0L) c41692d8-1771865597.920 conversations.suggestions is ENQUEUED 
[02/24/26, 01:53:17:921] info: [API-Q] (T06AU05DL0L) c41692d8-1771865597.920 conversations.suggestions is ACTIVE 
[02/24/26, 01:53:18:347] info: [API-Q] (T06AU05DL0L) c41692d8-1771865597.920 conversations.suggestions is RESOLVED 
[02/24/26, 01:53:38:821] info: [CHECK-FOR-OLD-CHANNEL] (T08KF7TD5AN) Start cleaning up DMs/MPDMs — starting with 6 entries. 
[02/24/26, 01:53:38:821] info: [CHECK-FOR-OLD-CHANNEL] (T08KF7TD5AN) Eligible DMs/MPDMs for cleanup — [external DMs]:0, [internal DMs]: 6, [app DMs]: 0 
[02/24/26, 01:53:38:821] info: [CHECK-FOR-OLD-CHANNEL] (T08KF7TD5AN) Identified 0 DMs/MPDMs of externalDMs type for closure 
[02/24/26, 01:53:38:821] info: [CHECK-FOR-OLD-CHANNEL] (T08KF7TD5AN) Not eligible D08KG48JDNG: Slackbot 
[02/24/26, 01:53:38:821] info: [CHECK-FOR-OLD-CHANNEL] (T08KF7TD5AN) Not eligible D08KG48KFLL: Self DM 
[02/24/26, 01:53:38:821] info: [CHECK-FOR-OLD-CHANNEL] (T08KF7TD5AN) Not eligible D08KG48L8BE: Not idle 
[02/24/26, 01:53:38:821] info: [CHECK-FOR-OLD-CHANNEL] (T08KF7TD5AN) Identified 0 DMs/MPDMs of internalDMs type for closure 
[02/24/26, 01:53:38:822] info: [CHECK-FOR-OLD-CHANNEL] (T08KF7TD5AN) Identified 0 DMs/MPDMs of appDMs type for closure 
[02/24/26, 01:53:39:947] info: [CHECK-FOR-OLD-CHANNEL] (T06AU05DL0L) Start cleaning up DMs/MPDMs — starting with 11 entries. 
[02/24/26, 01:53:39:947] info: [CHECK-FOR-OLD-CHANNEL] (T06AU05DL0L) Eligible DMs/MPDMs for cleanup — [external DMs]:0, [internal DMs]: 11, [app DMs]: 0 
[02/24/26, 01:53:39:947] info: [CHECK-FOR-OLD-CHANNEL] (T06AU05DL0L) Identified 0 DMs/MPDMs of externalDMs type for closure 
[02/24/26, 01:53:39:948] info: [CHECK-FOR-OLD-CHANNEL] (T06AU05DL0L) Not eligible D07MBHNNPGE: Slackbot 
[02/24/26, 01:53:39:948] info: [CHECK-FOR-OLD-CHANNEL] (T06AU05DL0L) Not eligible D07MJ421FB5: Not idle 
[02/24/26, 01:53:39:948] info: [CHECK-FOR-OLD-CHANNEL] (T06AU05DL0L) Not eligible D07MJ6RJF98: Self DM 
[02/24/26, 01:53:39:948] info: [CHECK-FOR-OLD-CHANNEL] (T06AU05DL0L) Identified 0 DMs/MPDMs of internalDMs type for closure 
[02/24/26, 01:53:39:948] info: [CHECK-FOR-OLD-CHANNEL] (T06AU05DL0L) Identified 0 DMs/MPDMs of appDMs type for closure 
[02/24/26, 01:56:38:821] info: [SIDEBAR-NOISE-METRICS] (T08KF7TD5AN) Logging sidebar noise metrics 
[02/24/26, 01:56:38:821] info: [SIDEBAR-STATS] (T08KF7TD5AN) Begin gathering sidebar stats 
[02/24/26, 01:56:38:824] info: [SIDEBAR-NOISE-METRICS] (T08KF7TD5AN) Clogging new data after the hour interval has passed 
[02/24/26, 01:56:39:947] info: [SIDEBAR-NOISE-METRICS] (T06AU05DL0L) Logging sidebar noise metrics 
[02/24/26, 01:56:39:947] info: [SIDEBAR-STATS] (T06AU05DL0L) Begin gathering sidebar stats 
[02/24/26, 01:56:39:947] info: [SIDEBAR-NOISE-METRICS] (T06AU05DL0L) Updated sidebar metrics for today 
[02/24/26, 01:56:39:974] info: [DND_V2] (T08KF7TD5AN) Checking for changes in DND status for the following members: U08KG48A77W,U08KG4A5084,U08KG4ALBD2,U08KF7TD5DG 
[02/24/26, 01:56:39:975] info: [DND_V2] (T08KF7TD5AN) Will check for changes in DND status again in 5 minutes 
[02/24/26, 02:00:07:222] info: Store: QUIT_APP  
[02/24/26, 02:00:07:223] info: [DESKTOP-SIDE-EFFECT] Update from desktop for keys  ["app"] 
[02/24/26, 02:00:07:227] info: [MESSAGE-LIST] (T06AU05DL0L) getScrollmark reason:with_serialization channelId:D07MJ421FB5 mark:1770079466.617139 offset:15 
[02/24/26, 02:00:07:229] info: [PERSIST] (T08KF7TD5AN) Persisting state to storage because the window is about to unload 
[02/24/26, 02:00:07:236] info: [MESSAGE-LIST] (T06AU05DL0L) getScrollmark reason:with_serialization channelId:D07MJ421FB5 mark:1770079466.617139 offset:15 
[02/24/26, 02:00:07:237] info: [PERSIST] (T06AU05DL0L) Persisting state to storage because the window is about to unload 
[02/24/26, 02:00:07:245] info: [VISIBILITY-STATE] (T06AU05DL0L) Main window visibility state changed: hidden 
[02/24/26, 02:00:07:248] info: Store: DOWNLOADS_CLEANED_UP  
[02/24/26, 02:00:07:249] warn: Couldn't complete metrics measurement for start mark 'session_lifespan' 
[02/24/26, 02:00:07:249] warn: Couldn't complete metrics measurement for start mark 'session_lifespan' 
[02/24/26, 02:00:07:249] warn: Couldn't complete metrics measurement for start mark 'session_lifespan' 
[02/24/26, 02:00:07:249] info: [RELOAD] Page is about to unload. This might not be a reload, it could be a window close or navigation 
[02/24/26, 02:00:07:249] info: [WINDOW-UNLOADING] (T06AU05DL0L) Main window unloading 
[02/24/26, 02:00:07:250] info: [WINDOW-UNLOADING] (T08KF7TD5AN) workspace handling window unloading event 
[02/24/26, 02:00:07:250] info: [WINDOW-UNLOADING] (T06AU05DL0L) workspace handling window unloading event 
[02/24/26, 02:00:07:253] info: [WIN-RESTORE] Flushing current window restoration data and ignoring all future saves due to app quit 
[02/24/26, 02:00:07:256] info: Store: UPSERT_WEB_CONTENTS {
  "id": 1,
  "state": "page-closed"
} 
